"date","store","seller","product","unit_price","quantity","client_age","client_gender","payment_mode","total_amount"
2024-07-31,"Nice Promenade","Seller_19","Smartphone",762.73,1,36,"F","Card",762.73
2024-07-02,"Paris Centre","Seller_20","Laptop",191.61,1,19,NA,"",191.61
2024-07-10,"Paris Centre","Seller_5","Laptop",455.97,1,28,"F","Card",455.97
2024-11-30,"Toulouse Capitole","Seller_19","Smartphone",583.94,2,35,"M","Card",1167.88
2023-09-12,"Paris Centre","Seller_3","Tablet",982.68,1,16,"F","Card",982.68
2024-09-12,"Lyon Part-Dieu","Seller_24","Earbuds",703.6,2,29,"M","Card",1407.2
2024-02-20,"Toulouse Capitole","Seller_22","Tablet",777.84,2,59,NA,"Card",1555.68
2023-04-15,"Nice Promenade","Seller_11","Laptop",366.73,2,16,"M","Card",733.46
2024-09-25,"Lyon Part-Dieu","Seller_19","Tablet",804.28,1,30,"F","Card",804.28
2023-01-29,"Marseille Vieux-Port","Seller_16","Tablet",290.91,1,30,NA,"Card",290.91
2023-01-11,"Toulouse Capitole","Seller_6","Laptop",372.67,1,46,"M","Card",372.67
2023-03-03,"Lyon Part-Dieu","Seller_13","Tablet",673.61,1,47,NA,"Cash",673.61
2023-09-09,"Marseille Vieux-Port","Seller_12","Smartphone",99.13,1,31,"M","Card",99.13
2024-02-02,"Marseille Vieux-Port","Seller_8","Smartphone",968.96,1,30,"M","Card",968.96
2023-01-26,"Marseille Vieux-Port","Seller_25","Earbuds",1187.89,2,49,"M","Card",2375.78
2023-06-21,"Marseille Vieux-Port","Seller_16","Laptop",1341.64,3,34,"M","Card",4024.92
2024-07-15,"Paris Centre","Seller_2","Laptop",1276.28,1,31,"F","Card",1276.28
2024-02-14,"Toulouse Capitole","Seller_23","Smartwatch",601.86,1,38,"F","Card",601.86
2023-02-01,"Toulouse Capitole","Seller_10","Laptop",841.01,1,41,"F","Card",841.01
2024-12-25,"Lyon Part-Dieu","Seller_12","Earbuds",734,1,34,"F","Card",734
2024-01-20,"Nice Promenade","Seller_22","Earbuds",1270.51,1,35,NA,"Card",1270.51
2023-07-22,"Paris Centre","Seller_3","Laptop",1034.99,1,25,"F","Card",1034.99
2023-02-04,"Nice Promenade","Seller_16","Earbuds",859.51,1,39,"F","Card",859.51
2023-12-27,"Marseille Vieux-Port","Seller_14","Smartphone",1399.81,1,42,"F","Card",1399.81
2023-08-26,"Nice Promenade","Seller_23","Smartphone",323.08,1,30,"M","Card",323.08
2024-08-15,"Lyon Part-Dieu","Seller_24","Tablet",466.1,2,25,"F","Card",932.2
2023-10-11,"Marseille Vieux-Port","Seller_11","Tablet",819.98,1,16,"M","Check",819.98
2023-10-31,"Paris Centre","Seller_15","Tablet",184.86,1,40,"F","Cash",184.86
2023-08-04,"Marseille Vieux-Port","Seller_20","Smartphone",990.03,1,25,"F","Card",990.03
2024-08-18,"Marseille Vieux-Port","Seller_13","Laptop",1244.01,3,38,"F","Card",3732.03
2024-04-20,"Toulouse Capitole","Seller_7","Laptop",1342.93,3,32,"F","Check",4028.79
2024-03-02,"Paris Centre","Seller_20","Tablet",1241.12,2,43,"M","Card",2482.24
2024-03-17,"Paris Centre","Seller_24","Laptop",384.75,1,19,"F","Card",384.75
2023-10-03,"Nice Promenade","Seller_11","Tablet",664.06,2,29,"F","Card",1328.12
2023-03-28,"Lyon Part-Dieu","Seller_1","Laptop",NA,1,43,"M","Card",NA
2024-05-19,"Nice Promenade","Seller_12","Smartphone",1232.21,2,35,"M","Card",2464.42
2024-11-30,"Paris Centre","Seller_16","Earbuds",164.28,2,27,"M","Card",328.56
2024-09-09,"Marseille Vieux-Port","Seller_17","Laptop",606.42,1,39,"M","Card",606.42
2024-10-08,"Nice Promenade","Seller_19","Laptop",207.67,1,23,"F","Card",207.67
2024-03-16,"Paris Centre","Seller_11","Laptop",890.53,1,26,"F","",890.53
2023-12-02,"Marseille Vieux-Port","Seller_20","Tablet",384.14,1,41,"M","Card",384.14
2023-07-31,"Marseille Vieux-Port","Seller_17","Smartphone",996.42,3,44,"M","Card",2989.26
2023-10-08,"Paris Centre","Seller_25","Earbuds",700.63,1,23,"M","Card",700.63
2023-10-17,"Lyon Part-Dieu","Seller_16","Smartphone",84.75,2,16,"F","Card",169.5
2023-08-05,"Paris Centre","Seller_19","Smartphone",905.81,1,37,"F","Card",905.81
2023-11-06,"Toulouse Capitole","Seller_12","Tablet",971.08,1,30,NA,"Card",971.08
2024-10-04,"Toulouse Capitole","Seller_25","Tablet",436.05,1,55,"M","Card",436.05
2023-06-02,"Lyon Part-Dieu","Seller_3","Smartphone",1374.75,1,27,"F","Cash",1374.75
2024-12-05,"Marseille Vieux-Port","Seller_10","Tablet",86.44,1,18,NA,"Card",86.44
2023-01-06,"Nice Promenade","Seller_4","Tablet",1366.99,1,43,NA,"",1366.99
2024-01-28,"Lyon Part-Dieu","Seller_5","Smartphone",128.93,1,41,"M","Card",128.93
2024-12-19,"Toulouse Capitole","Seller_3","Tablet",1233.78,1,16,NA,"Card",1233.78
2024-12-17,"Marseille Vieux-Port","Seller_18","Tablet",811.13,1,35,"M","Card",811.13
2024-04-08,"Marseille Vieux-Port","Seller_12","Laptop",212.94,1,29,"M","Check",212.94
2024-03-02,"Lyon Part-Dieu","Seller_10","Laptop",1191.68,1,16,"M","Card",1191.68
2023-12-20,"Lyon Part-Dieu","Seller_17","Tablet",1083.46,1,27,"M","Card",1083.46
2023-07-05,"Nice Promenade","Seller_16","Earbuds",880.8,2,40,"M","Card",1761.6
2023-11-01,"Nice Promenade","Seller_8","Laptop",1236.84,1,48,"M","Card",1236.84
2024-09-18,"Lyon Part-Dieu","Seller_12","Earbuds",126.9,1,28,"M","Card",126.9
2023-04-18,"Paris Centre","Seller_15","Earbuds",395.76,1,17,NA,"Card",395.76
2023-09-18,"Paris Centre","Seller_19","Smartphone",637.62,2,33,"F","Cash",1275.24
2024-12-20,"Marseille Vieux-Port","Seller_4","Smartphone",331.72,2,48,"F","",663.44
2023-05-11,"Nice Promenade","Seller_23","Smartphone",269.51,2,26,"M","Card",539.02
2023-06-02,"Toulouse Capitole","Seller_1","Earbuds",1102.13,3,45,"F","Card",3306.39
2024-04-03,"Toulouse Capitole","Seller_1","Laptop",1029.65,2,38,"M","Card",2059.3
2024-12-23,"Marseille Vieux-Port","Seller_19","Tablet",66.84,1,46,"M","Card",66.84
2024-02-18,"Paris Centre","Seller_14","Laptop",1479.78,2,19,"F","Card",2959.56
2023-11-25,"Nice Promenade","Seller_21","Smartphone",1496.02,1,28,"M","Card",1496.02
2023-07-08,"Lyon Part-Dieu","Seller_4","Laptop",1283.92,1,45,"F","Cash",1283.92
2023-09-16,"Nice Promenade","Seller_7","Earbuds",1340.35,2,25,"F","",2680.7
2024-06-24,"Lyon Part-Dieu","Seller_15","Earbuds",647.8,1,23,"F","Cash",647.8
2023-10-03,"Toulouse Capitole","Seller_9","Laptop",1052.64,3,29,NA,"Card",3157.92
2024-03-20,"Paris Centre","Seller_17","Earbuds",1366.79,2,37,"M","Card",2733.58
2023-11-30,"Marseille Vieux-Port","Seller_3","Laptop",1062.1,2,28,"F","Check",2124.2
2024-06-11,"Toulouse Capitole","Seller_9","Laptop",1082.16,1,31,"M","Card",1082.16
2024-07-01,"Lyon Part-Dieu","Seller_20","Tablet",963.76,1,30,"F","Card",963.76
2023-07-28,"Nice Promenade","Seller_19","Laptop",1196.36,1,42,"F","Card",1196.36
2024-08-07,"Lyon Part-Dieu","Seller_17","Tablet",680.17,1,70,"M","Card",680.17
2023-04-28,"Paris Centre","Seller_4","Tablet",319.47,1,48,"F","Cash",319.47
2024-02-06,"Toulouse Capitole","Seller_17","Smartphone",988.6,1,32,"F","Cash",988.6
2024-11-04,"Lyon Part-Dieu","Seller_12","Laptop",263.34,2,31,"M","Card",526.68
2023-05-27,"Lyon Part-Dieu","Seller_17","Smartphone",849.15,1,61,"M","Card",849.15
2024-10-13,"Lyon Part-Dieu","Seller_16","Smartwatch",1050.25,1,54,NA,"Card",1050.25
2023-06-22,"Nice Promenade","Seller_2","Earbuds",966.67,2,38,"F","Card",1933.34
2024-12-02,"Marseille Vieux-Port","Seller_2","Smartphone",1293.51,2,47,"F","",2587.02
2024-03-29,"Toulouse Capitole","Seller_18","Smartphone",687.35,1,46,"M","Card",687.35
2023-03-09,"Paris Centre","Seller_4","Laptop",1398.02,1,58,"F","Cash",1398.02
2024-06-26,"Lyon Part-Dieu","Seller_10","Laptop",413.94,3,23,"M","Card",1241.82
2023-04-23,"Nice Promenade","Seller_9","Laptop",724.05,5,30,"M","Card",3620.25
2024-04-07,"Toulouse Capitole","Seller_11","Earbuds",1320.66,1,32,"M","Card",1320.66
2024-12-17,"Lyon Part-Dieu","Seller_8","Laptop",716.9,2,41,"F","Card",1433.8
2024-04-27,"Nice Promenade","Seller_5","Tablet",1168.7,4,23,"M","Card",4674.8
2024-09-26,"Lyon Part-Dieu","Seller_25","Laptop",1317.69,2,25,NA,"Card",2635.38
2024-05-18,"Toulouse Capitole","Seller_11","Laptop",415.51,1,37,"F","Check",415.51
2023-03-09,"Lyon Part-Dieu","Seller_15","Smartphone",1141.87,1,45,"F","Card",1141.87
2023-04-04,"Paris Centre","Seller_6","Earbuds",1154.72,1,50,"M","Card",1154.72
2024-03-21,"Nice Promenade","Seller_3","Earbuds",571.03,1,39,"F","Card",571.03
2024-03-02,"Paris Centre","Seller_13","Accessories",1093.75,4,42,NA,"",4375
2023-09-27,"Toulouse Capitole","Seller_7","Tablet",953.78,1,44,"M","Card",953.78
2024-12-15,"Marseille Vieux-Port","Seller_3","Tablet",943.9,1,23,"M","Card",943.9
2024-04-01,"Lyon Part-Dieu","Seller_19","Smartphone",1348,1,46,"M","Card",1348
2024-10-22,"Paris Centre","Seller_1","Earbuds",609.91,2,32,"M","Cash",1219.82
2024-12-06,"Marseille Vieux-Port","Seller_21","Tablet",1313.23,1,25,"M","Card",1313.23
2023-09-23,"Paris Centre","Seller_6","Laptop",536.64,1,28,"M","Card",536.64
2023-05-27,"Toulouse Capitole","Seller_19","Smartphone",1245.18,5,27,"M","Check",6225.9
2023-12-12,"Toulouse Capitole","Seller_23","Laptop",752.29,3,30,"F","Cash",2256.87
2023-02-03,"Toulouse Capitole","Seller_17","Earbuds",1114.75,1,46,"F","Card",1114.75
2024-09-16,"Marseille Vieux-Port","Seller_9","Tablet",744.88,2,30,"M","",1489.76
2023-07-06,"Paris Centre","Seller_3","Laptop",1038.86,3,49,"F","Card",3116.58
2024-07-31,"Paris Centre","Seller_16","Earbuds",609.63,2,56,"M","Card",1219.26
2024-02-15,"Paris Centre","Seller_20","Earbuds",1409.35,1,34,"F","Card",1409.35
2024-12-25,"Nice Promenade","Seller_21","Smartphone",803.03,1,36,"M","Card",803.03
2023-04-28,"Nice Promenade","Seller_4","Laptop",768.76,2,33,"F","Card",1537.52
2024-09-02,"Paris Centre","Seller_23","Tablet",1157.31,3,47,"F","Check",3471.93
2023-04-19,"Lyon Part-Dieu","Seller_23","Laptop",77.66,1,35,"M","Card",77.66
2024-07-02,"Paris Centre","Seller_6","Earbuds",1174.12,1,46,"F","Card",1174.12
2024-04-13,"Nice Promenade","Seller_4","Tablet",250.16,1,32,"M","Card",250.16
2024-11-04,"Nice Promenade","Seller_19","Tablet",841.58,2,28,"F","Card",1683.16
2024-01-04,"Lyon Part-Dieu","Seller_18","Tablet",1498.98,1,16,NA,"Card",1498.98
2023-04-29,"Toulouse Capitole","Seller_13","Smartphone",968.91,2,31,"M","Card",1937.82
2024-07-21,"Nice Promenade","Seller_14","Earbuds",1044.71,1,16,"F","Check",1044.71
2024-11-06,"Nice Promenade","Seller_7","Tablet",759.11,1,22,"F","",759.11
2024-07-29,"Toulouse Capitole","Seller_10","Laptop",784.94,1,56,"F","",784.94
2023-03-21,"Toulouse Capitole","Seller_16","Smartphone",938.33,2,37,"M","Card",1876.66
2023-01-31,"Lyon Part-Dieu","Seller_17","Smartphone",267.72,1,37,"F","Card",267.72
2024-02-29,"Marseille Vieux-Port","Seller_12","Tablet",219.58,1,45,"F","Card",219.58
2023-10-05,"Lyon Part-Dieu","Seller_5","Accessories",280.91,1,47,"F","Card",280.91
2024-10-22,"Toulouse Capitole","Seller_14","Laptop",272.4,1,33,"F","Card",272.4
2024-02-06,"Marseille Vieux-Port","Seller_25","Earbuds",299.24,1,31,"M","Card",299.24
2024-10-03,"Lyon Part-Dieu","Seller_12","Laptop",368.26,1,31,"M","Card",368.26
2023-09-26,"Nice Promenade","Seller_21","Accessories",64.19,2,25,"M","Cash",128.38
2024-08-08,"Lyon Part-Dieu","Seller_19","Smartphone",265.95,1,46,NA,"Card",265.95
2023-11-17,"Paris Centre","Seller_16","Tablet",338.34,1,46,"F","Card",338.34
2023-02-20,"Nice Promenade","Seller_13","Tablet",1406.35,3,39,"M","Card",4219.05
2023-09-06,"Nice Promenade","Seller_19","Smartwatch",1100.04,1,30,"F","Cash",1100.04
2023-07-04,"Toulouse Capitole","Seller_12","Smartphone",875.99,1,44,"F","Cash",875.99
2024-10-02,"Nice Promenade","Seller_4","Laptop",1257.32,1,33,"F","Card",1257.32
2023-09-04,"Marseille Vieux-Port","Seller_12","Laptop",941.74,1,31,NA,"Check",941.74
2023-01-16,"Toulouse Capitole","Seller_4","Laptop",1001.09,2,20,"F","Card",2002.18
2024-09-09,"Lyon Part-Dieu","Seller_12","Tablet",729.22,1,29,"M","Card",729.22
2023-05-13,"Marseille Vieux-Port","Seller_10","Smartphone",937.26,1,16,"M","Check",937.26
2024-11-09,"Toulouse Capitole","Seller_20","Smartphone",401.94,2,39,"F","Card",803.88
2024-05-27,"Marseille Vieux-Port","Seller_21","Tablet",968.4,4,16,NA,"Card",3873.6
2024-01-22,"Paris Centre","Seller_21","Smartphone",850.46,3,40,"F","Cash",2551.38
2023-07-25,"Lyon Part-Dieu","Seller_11","Smartphone",692.85,1,37,"M","Check",692.85
2023-01-24,"Nice Promenade","Seller_21","Laptop",1284.18,1,39,"M","Card",1284.18
2024-08-22,"Marseille Vieux-Port","Seller_23","Smartphone",600.65,2,16,"M","Card",1201.3
2024-10-10,"Nice Promenade","Seller_3","Tablet",1074.37,3,16,"F","Card",3223.11
2023-12-14,"Toulouse Capitole","Seller_9","Accessories",1300,1,36,"M","Check",1300
2023-04-29,"Paris Centre","Seller_21","Smartwatch",753.21,2,38,"F","Card",1506.42
2024-06-24,"Paris Centre","Seller_10","Smartphone",361.32,2,24,"M","Card",722.64
2023-03-01,"Marseille Vieux-Port","Seller_9","Smartphone",238.75,1,33,NA,"Cash",238.75
2024-01-23,"Toulouse Capitole","Seller_2","Tablet",1376.93,1,36,"M","Card",1376.93
2024-10-27,"Marseille Vieux-Port","Seller_1","Laptop",704.78,2,34,"M","Check",1409.56
2023-06-21,"Paris Centre","Seller_4","Smartphone",1336.63,4,21,"F","Cash",5346.52
2023-10-19,"Marseille Vieux-Port","Seller_21","Earbuds",1284.27,1,41,"M","Card",1284.27
2023-10-02,"Marseille Vieux-Port","Seller_14","Smartphone",575.79,3,41,"M","Cash",1727.37
2024-10-25,"Paris Centre","Seller_8","Smartphone",257.22,3,36,"M","Cash",771.66
2024-11-05,"Nice Promenade","Seller_23","Smartphone",493.89,1,51,"M","Card",493.89
2024-04-21,"Toulouse Capitole","Seller_17","Smartphone",495.59,2,25,"F","Card",991.18
2023-11-01,"Marseille Vieux-Port","Seller_1","Smartphone",409.01,2,43,"M","Card",818.02
2023-09-27,"Marseille Vieux-Port","Seller_6","Smartphone",1484.3,4,39,"F","Card",5937.2
2024-02-25,"Nice Promenade","Seller_5","Smartphone",771.14,2,37,"M","Cash",1542.28
2023-01-25,"Nice Promenade","Seller_13","Tablet",1284.97,1,28,"M","Cash",1284.97
2024-12-12,"Lyon Part-Dieu","Seller_10","Smartphone",256.31,1,37,NA,"Card",256.31
2023-06-03,"Nice Promenade","Seller_5","Smartphone",1478.27,1,35,"M","Card",1478.27
2024-06-03,"Paris Centre","Seller_19","Earbuds",306.38,1,16,"F","Card",306.38
2023-07-06,"Toulouse Capitole","Seller_23","Smartphone",731.95,3,45,"M","Check",2195.85
2023-11-12,"Nice Promenade","Seller_4","Laptop",1422.56,1,50,"F","Card",1422.56
2024-08-11,"Marseille Vieux-Port","Seller_24","Earbuds",1035,2,16,"F","Card",2070
2023-11-22,"Paris Centre","Seller_5","Smartphone",441.4,1,36,"F","Card",441.4
2023-03-06,"Toulouse Capitole","Seller_19","Laptop",1343.02,2,35,"M","Check",2686.04
2023-12-16,"Lyon Part-Dieu","Seller_23","Earbuds",871.08,3,35,"M","Card",2613.24
2023-11-10,"Marseille Vieux-Port","Seller_21","Earbuds",312.69,1,43,"M","Card",312.69
2024-07-06,"Paris Centre","Seller_4","Earbuds",603.01,3,27,"F","Cash",1809.03
2023-04-13,"Marseille Vieux-Port","Seller_5","Accessories",644.15,1,29,"F","Card",644.15
2023-06-08,"Lyon Part-Dieu","Seller_14","Smartphone",669.01,1,48,"M","Card",669.01
2023-06-02,"Toulouse Capitole","Seller_21","Tablet",883.85,1,43,"M","Card",883.85
2024-11-03,"Toulouse Capitole","Seller_1","Smartphone",1043.59,1,33,"M","Card",1043.59
2023-09-22,"Paris Centre","Seller_2","Earbuds",387.38,2,51,"M","Card",774.76
2023-04-25,"Paris Centre","Seller_2","Tablet",1202.21,1,36,"F","",1202.21
2023-02-28,"Nice Promenade","Seller_4","Tablet",1256.78,5,32,"F","Card",6283.9
2024-07-17,"Toulouse Capitole","Seller_23","Laptop",102.5,1,37,"M","Cash",102.5
2024-05-22,"Toulouse Capitole","Seller_25","Smartphone",392.54,2,61,"F","Card",785.08
2023-08-13,"Toulouse Capitole","Seller_6","Tablet",234.85,1,24,"F","Card",234.85
2023-02-20,"Marseille Vieux-Port","Seller_10","Smartphone",1410.49,1,25,NA,"Card",1410.49
2024-12-09,"Paris Centre","Seller_6","Earbuds",1446.38,1,50,"F","",1446.38
2023-08-12,"Paris Centre","Seller_1","Laptop",1487.37,1,37,"F","Card",1487.37
2024-09-29,"Paris Centre","Seller_19","Laptop",480.46,3,30,NA,"Card",1441.38
2024-02-13,"Lyon Part-Dieu","Seller_3","Laptop",610.18,1,46,"F","Card",610.18
2023-06-24,"Nice Promenade","Seller_5","Laptop",973.31,2,24,"M","Card",1946.62
2024-06-04,"Toulouse Capitole","Seller_16","Tablet",198.56,1,36,NA,"Cash",198.56
2023-10-08,"Lyon Part-Dieu","Seller_9","Smartphone",631.7,1,23,NA,"Card",631.7
2024-04-05,"Toulouse Capitole","Seller_21","Smartwatch",671.91,1,35,"F","Card",671.91
2023-04-05,"Paris Centre","Seller_25","Smartwatch",338.61,1,24,NA,"Cash",338.61
2023-09-01,"Toulouse Capitole","Seller_6","Laptop",1022.37,1,35,"F","Card",1022.37
2023-07-23,"Toulouse Capitole","Seller_21","Earbuds",77.7,2,28,"M","Card",155.4
2023-12-30,"Nice Promenade","Seller_21","Smartphone",869.86,1,61,NA,"Card",869.86
2024-10-30,"Paris Centre","Seller_8","Laptop",224.89,1,23,NA,"Check",224.89
2023-07-06,"Marseille Vieux-Port","Seller_6","Smartphone",1070.82,2,36,"M","Check",2141.64
2024-09-10,"Lyon Part-Dieu","Seller_20","Laptop",670.13,1,40,"F","Check",670.13
2024-04-11,"Toulouse Capitole","Seller_5","Smartphone",693.64,1,18,"M","Card",693.64
2023-09-02,"Toulouse Capitole","Seller_12","Tablet",388.87,2,16,"M","Card",777.74
2024-02-18,"Marseille Vieux-Port","Seller_7","Smartphone",533.94,1,24,NA,"Check",533.94
2024-09-25,"Nice Promenade","Seller_6","Earbuds",301.26,3,29,"F","",903.78
2023-05-19,"Marseille Vieux-Port","Seller_17","Laptop",1016.27,2,39,"M","Card",2032.54
2024-10-01,"Marseille Vieux-Port","Seller_5","Earbuds",1328.17,4,45,"F","Card",5312.68
2023-12-20,"Lyon Part-Dieu","Seller_13","Smartphone",1072.77,1,40,"F","Card",1072.77
2024-02-13,"Toulouse Capitole","Seller_16","Laptop",870.06,3,46,NA,"Card",2610.18
2023-05-24,"Paris Centre","Seller_16","Smartphone",491.56,1,25,"F","Card",491.56
2024-09-04,"Toulouse Capitole","Seller_17","Tablet",1379.09,1,32,"F","Card",1379.09
2024-04-12,"Toulouse Capitole","Seller_21","Smartphone",1395.66,2,27,"M","Card",2791.32
2023-05-15,"Paris Centre","Seller_21","Tablet",766.28,1,54,"F","Card",766.28
2023-12-28,"Paris Centre","Seller_13","Laptop",744.08,1,45,"M","Cash",744.08
2023-05-02,"Lyon Part-Dieu","Seller_5","Smartwatch",1245.69,1,48,"M","",1245.69
2024-06-18,"Lyon Part-Dieu","Seller_11","Tablet",155.89,1,32,NA,"Card",155.89
2024-06-14,"Paris Centre","Seller_8","Earbuds",262.51,3,16,"F","Cash",787.53
2023-09-27,"Marseille Vieux-Port","Seller_4","Tablet",203.26,2,27,"M","Check",406.52
2024-09-11,"Paris Centre","Seller_17","Smartphone",1096.74,2,25,"M","Check",2193.48
2023-03-31,"Lyon Part-Dieu","Seller_24","Tablet",535.43,1,41,NA,"Card",535.43
2023-06-25,"Marseille Vieux-Port","Seller_16","Smartphone",583.24,4,59,"F","Card",2332.96
2024-01-20,"Nice Promenade","Seller_8","Smartwatch",210.77,4,39,"M","Card",843.08
2024-04-22,"Lyon Part-Dieu","Seller_7","Tablet",186.93,4,16,NA,"Check",747.72
2023-06-27,"Paris Centre","Seller_17","Smartphone",436.22,1,19,"F","Card",436.22
2024-05-03,"Nice Promenade","Seller_23","Smartphone",1412.75,3,45,NA,"Cash",4238.25
2023-06-28,"Lyon Part-Dieu","Seller_22","Smartphone",1221.24,2,19,"F","Card",2442.48
2024-09-01,"Nice Promenade","Seller_13","Smartphone",93.51,1,31,"F","Card",93.51
2023-04-14,"Toulouse Capitole","Seller_17","Smartphone",1302.59,1,36,"M","Card",1302.59
2024-05-01,"Nice Promenade","Seller_25","Tablet",799.28,3,25,"M","Card",2397.84
2023-09-20,"Marseille Vieux-Port","Seller_14","Tablet",1183.76,2,42,"F","Card",2367.52
2024-08-21,"Paris Centre","Seller_22","Laptop",848.96,1,19,"F","Check",848.96
2023-11-17,"Lyon Part-Dieu","Seller_25","Earbuds",1216.49,1,16,"F","Card",1216.49
2023-08-30,"Paris Centre","Seller_15","Laptop",492.47,3,39,NA,"Card",1477.41
2024-06-26,"Lyon Part-Dieu","Seller_2","Smartphone",310.26,1,16,"F","Check",310.26
2024-01-01,"Toulouse Capitole","Seller_8","Tablet",1459.28,1,35,"F","Card",1459.28
2023-03-12,"Lyon Part-Dieu","Seller_10","Smartphone",1269.39,1,41,"F","",1269.39
2024-01-19,"Paris Centre","Seller_25","Smartphone",1078.83,1,39,NA,"Card",1078.83
2023-12-06,"Toulouse Capitole","Seller_16","Accessories",477.41,1,55,"M","Card",477.41
2024-08-13,"Toulouse Capitole","Seller_6","Smartphone",259.34,3,35,"F","Card",778.02
2023-10-18,"Nice Promenade","Seller_23","Laptop",400.78,1,22,"M","Card",400.78
2023-08-08,"Nice Promenade","Seller_14","Smartphone",874.38,1,22,"F","Card",874.38
2024-08-16,"Marseille Vieux-Port","Seller_24","Tablet",596.14,2,16,NA,"Card",1192.28
2024-06-10,"Nice Promenade","Seller_1","Earbuds",1208.99,2,36,"F","Card",2417.98
2023-08-16,"Lyon Part-Dieu","Seller_12","Earbuds",146.82,1,37,"F","Card",146.82
2024-08-15,"Nice Promenade","Seller_13","Earbuds",502.48,1,25,"M","Card",502.48
2024-05-14,"Toulouse Capitole","Seller_9","Tablet",447.09,1,30,"M","Card",447.09
2023-08-07,"Lyon Part-Dieu","Seller_20","Laptop",1104.79,3,34,NA,"Card",3314.37
2024-12-20,"Toulouse Capitole","Seller_5","Smartphone",1359.89,1,24,NA,"Card",1359.89
2024-02-23,"Toulouse Capitole","Seller_22","Laptop",1254.4,1,23,"M","Card",1254.4
2023-04-14,"Paris Centre","Seller_21","Smartphone",886.48,2,42,"F","Card",1772.96
2023-11-17,"Toulouse Capitole","Seller_22","Tablet",818.97,2,63,"F","Card",1637.94
2024-09-02,"Toulouse Capitole","Seller_22","Smartphone",935.7,2,34,"F","",1871.4
2024-11-02,"Toulouse Capitole","Seller_10","Laptop",1309.09,2,30,"M","Card",2618.18
2023-11-02,"Nice Promenade","Seller_14","Laptop",390.26,1,42,"M","",390.26
2023-09-25,"Toulouse Capitole","Seller_16","Smartphone",531.66,1,16,"M","Card",531.66
2024-03-24,"Toulouse Capitole","Seller_25","Laptop",1494.99,1,51,"M","Card",1494.99
2023-07-23,"Marseille Vieux-Port","Seller_3","Laptop",1195.44,3,31,"F","Card",3586.32
2023-03-18,"Paris Centre","Seller_22","Accessories",1125.12,2,32,"M","",2250.24
2023-05-30,"Paris Centre","Seller_20","Laptop",953.42,1,46,"M","Card",953.42
2024-09-06,"Toulouse Capitole","Seller_19","Smartphone",328.06,1,34,"F","Card",328.06
2023-08-10,"Lyon Part-Dieu","Seller_5","Tablet",728.7,4,23,"F","Card",2914.8
2023-10-16,"Paris Centre","Seller_13","Smartphone",511.57,5,23,"F","Card",2557.85
2024-07-31,"Toulouse Capitole","Seller_10","Laptop",544.86,1,32,"F","Card",544.86
2024-03-10,"Paris Centre","Seller_10","Accessories",512.98,2,33,"F","Cash",1025.96
2024-03-12,"Paris Centre","Seller_16","Accessories",1065.1,1,44,"M","",1065.1
2024-03-17,"Nice Promenade","Seller_3","Accessories",868.07,2,63,"M","Card",1736.14
2024-08-13,"Nice Promenade","Seller_18","Smartwatch",1441.75,3,70,"F","Card",4325.25
2023-09-12,"Lyon Part-Dieu","Seller_1","Earbuds",1291.28,1,16,"F","Card",1291.28
2023-07-21,"Lyon Part-Dieu","Seller_4","Laptop",1456.98,1,16,"F","",1456.98
2023-03-19,"Paris Centre","Seller_12","Laptop",1476.77,1,21,"F","Card",1476.77
2024-10-16,"Lyon Part-Dieu","Seller_14","Earbuds",833.1,1,16,"F","Card",833.1
2023-03-11,"Marseille Vieux-Port","Seller_20","Smartwatch",1141.52,1,39,"M","Card",1141.52
2024-07-06,"Toulouse Capitole","Seller_25","Tablet",984.24,3,38,"M","Card",2952.72
2024-02-06,"Toulouse Capitole","Seller_7","Accessories",1183.66,4,44,"F","Card",4734.64
2024-10-19,"Paris Centre","Seller_18","Tablet",1077.11,1,39,"F","Card",1077.11
2023-04-03,"Lyon Part-Dieu","Seller_9","Laptop",665.82,1,33,"M","Card",665.82
2023-11-06,"Nice Promenade","Seller_17","Smartphone",910.06,1,34,"F","Card",910.06
2024-07-10,"Paris Centre","Seller_18","Laptop",987.03,2,44,"F","",1974.06
2024-04-25,"Nice Promenade","Seller_19","Laptop",456.42,1,39,"M","Card",456.42
2024-02-06,"Lyon Part-Dieu","Seller_11","Smartphone",296.32,1,47,"M","",296.32
2024-05-09,"Paris Centre","Seller_7","Smartphone",528.48,1,41,"M","Cash",528.48
2024-04-27,"Paris Centre","Seller_7","Tablet",840.23,1,46,"M","Card",840.23
2024-11-15,"Paris Centre","Seller_14","Tablet",1473.06,1,16,"F","Card",1473.06
2023-08-04,"Paris Centre","Seller_20","Tablet",789.49,1,32,"F","Card",789.49
2023-04-06,"Nice Promenade","Seller_10","Tablet",1308.67,1,44,"F","Card",1308.67
2023-08-23,"Nice Promenade","Seller_1","Earbuds",80.11,2,30,"F","",160.22
2024-02-16,"Paris Centre","Seller_14","Laptop",1425.56,2,43,NA,"Card",2851.12
2023-10-31,"Nice Promenade","Seller_3","Laptop",284.86,1,21,"M","Card",284.86
2024-05-05,"Lyon Part-Dieu","Seller_14","Tablet",947.1,1,19,"M","Card",947.1
2023-11-11,"Marseille Vieux-Port","Seller_7","Smartphone",568.37,3,17,"F","Card",1705.11
2023-10-04,"Nice Promenade","Seller_4","Smartphone",1226.91,1,53,"F","Card",1226.91
2023-08-28,"Nice Promenade","Seller_18","Smartphone",390.17,1,37,NA,"Card",390.17
2024-12-22,"Lyon Part-Dieu","Seller_10","Laptop",760.68,1,26,"M","Card",760.68
2023-02-27,"Nice Promenade","Seller_7","Smartphone",539.79,1,45,"F","Card",539.79
2024-12-21,"Paris Centre","Seller_12","Earbuds",86,2,38,"M","Card",172
2024-12-12,"Nice Promenade","Seller_16","Laptop",1086.7,1,33,"F","Card",1086.7
2023-11-04,"Lyon Part-Dieu","Seller_12","Earbuds",356.96,1,42,"M","Check",356.96
2024-07-22,"Nice Promenade","Seller_19","Laptop",811.17,1,64,"F","Card",811.17
2023-08-01,"Nice Promenade","Seller_7","Tablet",747.91,1,22,"M","",747.91
2023-08-25,"Paris Centre","Seller_25","Laptop",101.25,1,27,"F","Check",101.25
2023-07-15,"Marseille Vieux-Port","Seller_13","Smartwatch",205.5,1,41,"M","Card",205.5
2024-04-22,"Lyon Part-Dieu","Seller_8","Accessories",1177.19,1,33,"M","Card",1177.19
2023-03-25,"Nice Promenade","Seller_11","Laptop",1306.38,1,27,"M","Card",1306.38
2024-04-23,"Lyon Part-Dieu","Seller_12","Laptop",1073.25,3,50,"F","Card",3219.75
2024-03-12,"Lyon Part-Dieu","Seller_4","Smartphone",354.06,1,35,"M","Cash",354.06
2024-11-15,"Lyon Part-Dieu","Seller_7","Smartphone",1226.41,3,16,"M","Card",3679.23
2024-05-13,"Marseille Vieux-Port","Seller_11","Laptop",987.26,2,36,"F","Card",1974.52
2024-11-06,"Nice Promenade","Seller_10","Laptop",1206.89,1,49,"F","Card",1206.89
2024-11-28,"Nice Promenade","Seller_25","Smartwatch",79.64,1,16,"M","Check",79.64
2024-07-27,"Toulouse Capitole","Seller_14","Tablet",706.03,2,21,"M","Card",1412.06
2024-11-14,"Toulouse Capitole","Seller_6","Tablet",1063.61,1,42,"F","Card",1063.61
2024-07-03,"Paris Centre","Seller_18","Tablet",81.44,2,57,"M","Card",162.88
2024-08-06,"Lyon Part-Dieu","Seller_14","Smartphone",1039.18,2,23,"F","Card",2078.36
2024-04-11,"Lyon Part-Dieu","Seller_7","Smartphone",308.78,3,33,"M","",926.34
2023-12-07,"Paris Centre","Seller_13","Smartwatch",1052.51,1,26,"F","Cash",1052.51
2023-05-05,"Nice Promenade","Seller_21","Earbuds",68.42,1,44,"F","Check",68.42
2023-07-19,"Lyon Part-Dieu","Seller_10","Laptop",833.48,3,41,NA,"Card",2500.44
2023-09-12,"Marseille Vieux-Port","Seller_4","Smartwatch",225.81,1,55,"M","Card",225.81
2023-12-21,"Paris Centre","Seller_8","Smartphone",79.23,1,18,"F","Card",79.23
2023-01-31,"Paris Centre","Seller_23","Accessories",557.66,2,21,"M","Card",1115.32
2024-07-07,"Paris Centre","Seller_24","Smartphone",576.75,1,37,"M","Card",576.75
2024-05-15,"Marseille Vieux-Port","Seller_9","Accessories",1241.11,1,34,"M","Card",1241.11
2023-02-11,"Paris Centre","Seller_7","Earbuds",467.03,2,24,"M","Cash",934.06
2024-11-14,"Marseille Vieux-Port","Seller_14","Earbuds",1475.74,1,48,"F","Card",1475.74
2024-10-03,"Marseille Vieux-Port","Seller_5","Smartphone",982.64,4,26,"M","Card",3930.56
2024-07-16,"Lyon Part-Dieu","Seller_2","Earbuds",840.56,2,47,"F","Card",1681.12
2023-01-31,"Toulouse Capitole","Seller_2","Laptop",470.74,1,38,"M","Check",470.74
2024-04-15,"Nice Promenade","Seller_7","Smartphone",1021.78,3,26,"F","Card",3065.34
2024-03-12,"Toulouse Capitole","Seller_22","Tablet",81.6,1,43,"F","Card",81.6
2024-12-04,"Nice Promenade","Seller_17","Earbuds",51.16,1,40,NA,"Cash",51.16
2024-12-28,"Marseille Vieux-Port","Seller_15","Laptop",456.37,1,33,"F","Cash",456.37
2024-03-07,"Paris Centre","Seller_17","Laptop",327.48,3,45,"M","Card",982.44
2023-12-25,"Nice Promenade","Seller_16","Smartwatch",194.07,1,37,"M","Card",194.07
2023-05-08,"Lyon Part-Dieu","Seller_19","Smartphone",204.06,1,27,"F","Card",204.06
2023-04-05,"Paris Centre","Seller_10","Earbuds",397.13,1,50,"F","Card",397.13
2024-11-17,"Lyon Part-Dieu","Seller_15","Smartphone",677.92,1,29,"F","Card",677.92
2024-09-22,"Lyon Part-Dieu","Seller_11","Tablet",1420.72,2,22,"F","Card",2841.44
2023-02-23,"Lyon Part-Dieu","Seller_23","Smartphone",449.19,1,26,NA,"Card",449.19
2024-11-26,"Toulouse Capitole","Seller_16","Smartphone",1010.91,1,40,"F","Card",1010.91
2023-11-25,"Marseille Vieux-Port","Seller_16","Smartphone",449.94,1,40,"M","Card",449.94
2024-07-04,"Nice Promenade","Seller_21","Smartwatch",275.24,1,24,"F","Cash",275.24
2023-09-11,"Lyon Part-Dieu","Seller_2","Accessories",184.66,1,40,"F","Card",184.66
2023-12-02,"Paris Centre","Seller_12","Smartphone",564.81,1,34,"M","Card",564.81
2023-11-10,"Lyon Part-Dieu","Seller_18","Earbuds",641.97,2,42,"M","Card",1283.94
2023-07-01,"Marseille Vieux-Port","Seller_10","Smartphone",303.25,1,54,"M","Cash",303.25
2023-01-28,"Toulouse Capitole","Seller_12","Smartwatch",700.65,1,26,"M","Card",700.65
2024-03-21,"Toulouse Capitole","Seller_14","Tablet",461.97,1,45,"M","Card",461.97
2024-12-13,"Lyon Part-Dieu","Seller_23","Laptop",1451.03,3,27,"F","Card",4353.09
2023-02-18,"Paris Centre","Seller_19","Tablet",1099.75,1,33,"F","Card",1099.75
2023-07-07,"Nice Promenade","Seller_4","Tablet",128.71,1,59,NA,"Card",128.71
2023-09-09,"Lyon Part-Dieu","Seller_24","Tablet",62.91,1,52,"F","Card",62.91
2023-08-20,"Marseille Vieux-Port","Seller_5","Laptop",356.5,1,22,"M","Card",356.5
2023-07-29,"Paris Centre","Seller_23","Earbuds",517.49,1,46,"F","Card",517.49
2024-01-23,"Nice Promenade","Seller_14","Smartphone",850.45,1,47,"M","Card",850.45
2023-11-01,"Marseille Vieux-Port","Seller_19","Smartphone",821.14,1,30,"M","Card",821.14
2024-02-09,"Nice Promenade","Seller_4","Earbuds",1282.05,1,35,"F","Card",1282.05
2023-02-19,"Lyon Part-Dieu","Seller_8","Smartphone",613.59,3,34,"M","Check",1840.77
2023-07-22,"Paris Centre","Seller_15","Laptop",95.79,1,35,"F","Card",95.79
2024-05-24,"Nice Promenade","Seller_23","Smartphone",1120.46,1,48,"F","Cash",1120.46
2023-06-10,"Lyon Part-Dieu","Seller_7","Laptop",193.01,2,35,"F","Card",386.02
2024-06-04,"Toulouse Capitole","Seller_10","Laptop",832.57,1,27,"F","Card",832.57
2023-01-30,"Nice Promenade","Seller_11","Tablet",1071.68,1,17,"F","Card",1071.68
2023-07-25,"Toulouse Capitole","Seller_9","Earbuds",195.5,2,43,NA,"Card",391
2024-05-14,"Lyon Part-Dieu","Seller_4","Smartphone",222.73,2,40,"M","Card",445.46
2023-02-18,"Marseille Vieux-Port","Seller_6","Smartphone",794.16,1,38,"F","Card",794.16
2024-09-13,"Marseille Vieux-Port","Seller_6","Smartphone",394.45,1,20,"M","Card",394.45
2024-12-16,"Lyon Part-Dieu","Seller_6","Laptop",1364.82,2,63,"F","Card",2729.64
2023-05-10,"Lyon Part-Dieu","Seller_24","Accessories",223.99,2,46,"F","Card",447.98
2024-08-31,"Nice Promenade","Seller_17","Smartphone",449.22,1,43,NA,"",449.22
2023-11-17,"Toulouse Capitole","Seller_16","Tablet",235.48,1,36,"M","Check",235.48
2024-06-07,"Nice Promenade","Seller_6","Laptop",660.46,1,16,"M","Cash",660.46
2023-05-15,"Toulouse Capitole","Seller_16","Earbuds",185.56,1,51,"M","",185.56
2024-01-25,"Paris Centre","Seller_18","Laptop",566.64,3,36,NA,"Card",1699.92
2024-02-23,"Paris Centre","Seller_12","Laptop",554.99,3,23,"M","Check",1664.97
2023-11-23,"Nice Promenade","Seller_7","Laptop",371.16,4,48,"M","Card",1484.64
2024-01-24,"Lyon Part-Dieu","Seller_6","Earbuds",1029.35,1,22,NA,"Card",1029.35
2023-12-30,"Toulouse Capitole","Seller_3","Smartphone",70.6,1,26,"F","Card",70.6
2023-09-06,"Paris Centre","Seller_14","Smartphone",409.6,1,37,"M","Card",409.6
2024-09-16,"Marseille Vieux-Port","Seller_9","Earbuds",1215.64,1,16,"F","Card",1215.64
2024-02-07,"Lyon Part-Dieu","Seller_23","Smartwatch",284.69,1,48,"M","Card",284.69
2024-12-12,"Lyon Part-Dieu","Seller_25","Smartphone",1091.65,2,44,"F","Cash",2183.3
2024-04-10,"Marseille Vieux-Port","Seller_3","Accessories",1171.23,1,16,"F","Card",1171.23
2024-03-04,"Paris Centre","Seller_17","Laptop",771.64,4,40,"M","Card",3086.56
2023-10-26,"Lyon Part-Dieu","Seller_5","Tablet",1149.46,2,41,"M","Card",2298.92
2023-06-19,"Lyon Part-Dieu","Seller_23","Smartphone",846.12,1,45,"M","Card",846.12
2024-02-12,"Toulouse Capitole","Seller_5","Tablet",1309.18,1,42,"M","Card",1309.18
2023-08-28,"Paris Centre","Seller_10","Laptop",1286.51,1,38,"F","Card",1286.51
2023-10-24,"Nice Promenade","Seller_1","Earbuds",207.07,4,30,"M","Card",828.28
2024-01-30,"Paris Centre","Seller_23","Earbuds",1245.89,1,20,"M","Cash",1245.89
2023-12-29,"Paris Centre","Seller_25","Earbuds",134.43,3,30,"F","Card",403.29
2023-10-14,"Toulouse Capitole","Seller_9","Accessories",540.21,1,24,"M","Cash",540.21
2024-10-03,"Lyon Part-Dieu","Seller_3","Tablet",1374.07,2,26,"F","Card",2748.14
2023-03-27,"Nice Promenade","Seller_22","Accessories",1289.95,5,55,"M","Card",6449.75
2024-04-27,"Lyon Part-Dieu","Seller_12","Earbuds",1110.45,1,43,"M","Card",1110.45
2023-05-27,"Toulouse Capitole","Seller_21","Tablet",581.73,2,23,"M","Card",1163.46
2024-07-23,"Nice Promenade","Seller_19","Smartwatch",1161.06,3,33,"M","Card",3483.18
2024-10-18,"Lyon Part-Dieu","Seller_3","Earbuds",376.42,1,47,"M","Card",376.42
2023-09-10,"Lyon Part-Dieu","Seller_15","Smartwatch",397.32,1,28,"F","Check",397.32
2023-05-16,"Paris Centre","Seller_20","Accessories",1388.13,3,30,"M","Card",4164.39
2024-09-17,"Lyon Part-Dieu","Seller_18","Earbuds",765.88,1,18,"M","Card",765.88
2024-03-24,"Nice Promenade","Seller_14","Earbuds",438.81,1,50,"M","Card",438.81
2023-05-30,"Toulouse Capitole","Seller_22","Laptop",1392.54,1,41,"F","Card",1392.54
2023-10-19,"Marseille Vieux-Port","Seller_11","Tablet",579.87,2,42,"M","Card",1159.74
2023-09-05,"Paris Centre","Seller_1","Smartphone",56.09,1,28,"F","Card",56.09
2024-07-24,"Lyon Part-Dieu","Seller_17","Earbuds",488.33,2,37,"F","Card",976.66
2023-11-28,"Nice Promenade","Seller_15","Laptop",1051.85,1,28,"M","Check",1051.85
2023-05-04,"Lyon Part-Dieu","Seller_6","Laptop",936.58,1,46,"M","Card",936.58
2024-08-28,"Toulouse Capitole","Seller_18","Earbuds",973.08,1,36,"F","",973.08
2023-01-25,"Marseille Vieux-Port","Seller_25","Smartphone",1415.95,4,42,"F","Card",5663.8
2023-07-10,"Marseille Vieux-Port","Seller_2","Smartphone",691.87,1,22,"F","",691.87
2024-10-10,"Marseille Vieux-Port","Seller_5","Earbuds",1153.63,1,22,"F","Card",1153.63
2023-03-07,"Paris Centre","Seller_23","Tablet",593.89,2,37,NA,"Card",1187.78
2024-07-03,"Toulouse Capitole","Seller_24","Smartwatch",599.03,1,40,"M","Cash",599.03
2024-05-02,"Nice Promenade","Seller_16","Earbuds",313.13,2,34,"M","",626.26
2023-03-28,"Paris Centre","Seller_2","Tablet",161.96,4,33,"M","Card",647.84
2024-11-07,"Toulouse Capitole","Seller_8","Smartwatch",1009.61,1,57,"F","Card",1009.61
2023-07-30,"Marseille Vieux-Port","Seller_3","Smartphone",185.42,1,43,"M","Card",185.42
2024-11-16,"Marseille Vieux-Port","Seller_16","Smartphone",179.39,1,16,"M","Card",179.39
2024-05-25,"Nice Promenade","Seller_11","Tablet",62.29,1,24,"F","Card",62.29
2023-09-10,"Lyon Part-Dieu","Seller_15","Laptop",599.73,1,25,"F","Card",599.73
2024-01-24,"Marseille Vieux-Port","Seller_9","Laptop",359.37,1,34,"M","Card",359.37
2024-10-08,"Toulouse Capitole","Seller_19","Smartphone",NA,1,42,"F","Card",NA
2024-09-07,"Marseille Vieux-Port","Seller_25","Tablet",796.86,2,41,"M","Card",1593.72
2023-10-12,"Nice Promenade","Seller_16","Laptop",945.03,1,38,"F","Card",945.03
2023-09-21,"Nice Promenade","Seller_14","Laptop",1240.23,1,30,"F","Card",1240.23
2024-10-15,"Toulouse Capitole","Seller_12","Smartphone",646.03,1,30,"F","Cash",646.03
2023-01-28,"Paris Centre","Seller_9","Tablet",704.2,1,24,"F","Card",704.2
2024-12-06,"Paris Centre","Seller_15","Earbuds",273.52,1,36,"F","Card",273.52
2024-06-05,"Nice Promenade","Seller_8","Tablet",80.65,2,35,NA,"Card",161.3
2023-05-05,"Nice Promenade","Seller_7","Laptop",1487.2,1,59,"M","Check",1487.2
2024-12-05,"Lyon Part-Dieu","Seller_24","Earbuds",826.61,2,37,"F","Card",1653.22
2024-10-30,"Marseille Vieux-Port","Seller_1","Smartphone",1425.14,1,38,"M","Card",1425.14
2023-01-03,"Nice Promenade","Seller_5","Accessories",946.4,1,31,NA,"Cash",946.4
2024-04-25,"Marseille Vieux-Port","Seller_1","Laptop",547.82,2,39,"F","Cash",1095.64
2024-01-20,"Nice Promenade","Seller_8","Smartwatch",426.4,2,50,"F","Card",852.8
2024-09-23,"Lyon Part-Dieu","Seller_5","Tablet",569.85,1,33,"M","Card",569.85
2023-10-02,"Nice Promenade","Seller_23","Tablet",867.84,2,44,"M","",1735.68
2023-01-11,"Paris Centre","Seller_19","Laptop",600.86,3,28,"F","Card",1802.58
2024-04-27,"Nice Promenade","Seller_5","Smartphone",557.84,1,31,"F","Card",557.84
2024-05-09,"Lyon Part-Dieu","Seller_6","Smartwatch",468.78,1,32,"F","Card",468.78
2024-05-01,"Paris Centre","Seller_25","Accessories",1096.29,1,41,"F","",1096.29
2024-09-26,"Marseille Vieux-Port","Seller_14","Tablet",NA,2,37,"M","Card",NA
2024-10-08,"Paris Centre","Seller_24","Laptop",92.43,1,20,"F","Card",92.43
2023-04-27,"Paris Centre","Seller_14","Earbuds",216.74,4,64,"F","Card",866.96
2023-01-19,"Paris Centre","Seller_2","Earbuds",1345.04,1,30,"F","Card",1345.04
2023-03-19,"Lyon Part-Dieu","Seller_22","Smartphone",1192.91,4,34,"F","Card",4771.64
2023-10-25,"Toulouse Capitole","Seller_18","Laptop",696.29,3,33,"F","Card",2088.87
2024-03-24,"Marseille Vieux-Port","Seller_25","Laptop",97.35,1,22,"M","Cash",97.35
2024-05-21,"Toulouse Capitole","Seller_14","Tablet",530.74,1,16,"M","Card",530.74
2023-04-11,"Lyon Part-Dieu","Seller_8","Smartphone",1430.99,2,17,"M","Check",2861.98
2023-09-16,"Marseille Vieux-Port","Seller_16","Smartwatch",906.22,1,17,"M","Cash",906.22
2023-09-07,"Paris Centre","Seller_1","Laptop",804.36,1,25,"F","Cash",804.36
2024-09-26,"Toulouse Capitole","Seller_23","Smartphone",309.4,1,39,"F","Card",309.4
2024-09-26,"Lyon Part-Dieu","Seller_16","Laptop",802.99,3,48,"F","Cash",2408.97
2024-08-03,"Toulouse Capitole","Seller_8","Accessories",500.78,1,26,"M","Card",500.78
2024-04-09,"Nice Promenade","Seller_23","Laptop",907.2,3,25,"F","Check",2721.6
2023-01-07,"Lyon Part-Dieu","Seller_6","Smartphone",646.37,3,50,"M","Cash",1939.11
2024-05-18,"Paris Centre","Seller_4","Smartphone",1070.83,1,48,"F","Card",1070.83
2024-12-20,"Marseille Vieux-Port","Seller_6","Laptop",228.43,3,32,"M","Cash",685.29
2024-05-19,"Marseille Vieux-Port","Seller_15","Laptop",781.63,1,26,"M","Card",781.63
2023-02-06,"Nice Promenade","Seller_17","Earbuds",458.36,1,26,"M","Card",458.36
2024-03-26,"Nice Promenade","Seller_7","Tablet",1386.38,2,26,"F","Card",2772.76
2023-11-05,"Nice Promenade","Seller_1","Tablet",713.4,2,29,"F","Card",1426.8
2023-07-03,"Marseille Vieux-Port","Seller_1","Smartphone",899.91,2,38,"M","Check",1799.82
2023-11-19,"Nice Promenade","Seller_3","Accessories",829.03,2,27,"F","Check",1658.06
2024-07-13,"Lyon Part-Dieu","Seller_4","Earbuds",857.03,4,43,NA,"Card",3428.12
2024-04-22,"Nice Promenade","Seller_10","Smartphone",759.34,1,19,"F","Card",759.34
2023-02-08,"Lyon Part-Dieu","Seller_10","Laptop",549.35,2,32,"M","Check",1098.7
2024-05-04,"Marseille Vieux-Port","Seller_19","Earbuds",1412.38,2,42,"M","Check",2824.76
2024-05-17,"Marseille Vieux-Port","Seller_4","Laptop",1154.68,1,20,"M","Card",1154.68
2024-11-29,"Toulouse Capitole","Seller_15","Smartphone",1009.39,1,28,"M","Card",1009.39
2023-08-28,"Marseille Vieux-Port","Seller_21","Smartphone",987.61,2,16,"M","Card",1975.22
2023-05-14,"Nice Promenade","Seller_16","Smartphone",1143.66,1,19,"M","Cash",1143.66
2024-11-03,"Lyon Part-Dieu","Seller_20","Smartphone",443.65,2,31,"M","Card",887.3
2023-03-12,"Nice Promenade","Seller_22","Laptop",310.13,2,35,"F","Cash",620.26
2024-11-14,"Paris Centre","Seller_2","Laptop",1050,1,36,"M","Card",1050
2023-01-08,"Marseille Vieux-Port","Seller_11","Smartwatch",201.05,1,36,"F","Card",201.05
2024-06-20,"Paris Centre","Seller_13","Smartphone",407.34,1,44,"M","Card",407.34
2023-01-15,"Nice Promenade","Seller_20","Smartphone",1040.62,1,52,"M","Cash",1040.62
2023-08-26,"Nice Promenade","Seller_25","Laptop",681.48,1,45,NA,"Card",681.48
2023-04-09,"Marseille Vieux-Port","Seller_17","Laptop",974.9,1,42,NA,"Cash",974.9
2024-10-03,"Toulouse Capitole","Seller_23","Smartphone",229.31,1,53,"F","Card",229.31
2023-08-25,"Marseille Vieux-Port","Seller_5","Tablet",1028.32,3,19,"F","Card",3084.96
2024-03-01,"Toulouse Capitole","Seller_14","Laptop",190.96,1,41,"F","Card",190.96
2023-05-18,"Paris Centre","Seller_25","Smartphone",475.58,2,33,"F","Card",951.16
2024-02-21,"Nice Promenade","Seller_20","Accessories",1384.1,1,49,"F","Card",1384.1
2023-01-25,"Lyon Part-Dieu","Seller_17","Smartphone",111.33,1,42,"M","Cash",111.33
2023-08-09,"Paris Centre","Seller_23","Smartphone",1096.98,1,27,"M","",1096.98
2023-07-20,"Paris Centre","Seller_18","Smartwatch",1446.7,1,16,"F","Card",1446.7
2023-09-03,"Lyon Part-Dieu","Seller_11","Tablet",719.45,2,47,"F","Check",1438.9
2023-12-02,"Lyon Part-Dieu","Seller_3","Tablet",1215.96,1,33,"M","Cash",1215.96
2023-03-14,"Marseille Vieux-Port","Seller_1","Accessories",637.86,1,38,"M","Check",637.86
2023-06-06,"Marseille Vieux-Port","Seller_6","Earbuds",1217.94,3,46,"M","Card",3653.82
2024-05-19,"Nice Promenade","Seller_16","Smartwatch",288.68,2,46,NA,"Card",577.36
2024-07-08,"Paris Centre","Seller_12","Smartphone",1311.02,1,35,"F","Cash",1311.02
2023-08-08,"Marseille Vieux-Port","Seller_17","Tablet",137.86,2,33,"F","Check",275.72
2023-08-09,"Nice Promenade","Seller_4","Laptop",154.07,3,26,"F","Card",462.21
2023-03-20,"Paris Centre","Seller_2","Earbuds",204.51,1,26,"F","Card",204.51
2023-08-15,"Nice Promenade","Seller_10","Tablet",1166.98,1,35,"M","Card",1166.98
2023-03-06,"Paris Centre","Seller_19","Smartphone",1406.63,2,35,"M","Cash",2813.26
2024-03-16,"Lyon Part-Dieu","Seller_6","Tablet",1092.55,1,60,"F","Card",1092.55
2024-08-09,"Nice Promenade","Seller_7","Laptop",51.63,1,35,"F","Check",51.63
2024-10-13,"Marseille Vieux-Port","Seller_25","Smartphone",1413.21,2,67,NA,"Cash",2826.42
2023-08-07,"Marseille Vieux-Port","Seller_17","Tablet",1351.66,3,35,"M","Card",4054.98
2024-06-24,"Toulouse Capitole","Seller_4","Laptop",1152.73,2,56,"F","Card",2305.46
2023-01-01,"Nice Promenade","Seller_12","Earbuds",247.62,1,31,"F","Card",247.62
2023-05-10,"Paris Centre","Seller_6","Smartphone",656.07,1,20,NA,"Card",656.07
2023-05-13,"Marseille Vieux-Port","Seller_21","Smartphone",601.8,4,34,"M","Card",2407.2
2023-07-24,"Nice Promenade","Seller_13","Smartphone",345.64,1,21,"F","Check",345.64
2023-03-07,"Nice Promenade","Seller_16","Laptop",672.14,1,51,"F","Check",672.14
2024-10-18,"Toulouse Capitole","Seller_16","Smartphone",900.89,3,65,NA,"Card",2702.67
2024-01-21,"Lyon Part-Dieu","Seller_10","Smartphone",1199.73,1,35,"F","Card",1199.73
2023-04-13,"Lyon Part-Dieu","Seller_5","Laptop",318.1,3,30,"F","Card",954.3
2023-12-26,"Paris Centre","Seller_9","Accessories",752.17,1,34,"F","Cash",752.17
2024-01-08,"Toulouse Capitole","Seller_6","Earbuds",1243.39,1,46,"F","Card",1243.39
2023-11-28,"Paris Centre","Seller_20","Smartphone",691.37,1,39,"F","Card",691.37
2024-07-17,"Nice Promenade","Seller_1","Laptop",272.31,1,41,"M","Card",272.31
2024-07-13,"Lyon Part-Dieu","Seller_4","Earbuds",895.75,2,41,"F","Card",1791.5
2023-01-30,"Lyon Part-Dieu","Seller_23","Smartphone",553.87,2,22,NA,"Cash",1107.74
2023-04-03,"Paris Centre","Seller_17","Laptop",954.29,1,50,"F","Card",954.29
2023-03-21,"Toulouse Capitole","Seller_1","Accessories",460.4,2,56,"F","Card",920.8
2024-08-29,"Marseille Vieux-Port","Seller_16","Tablet",86.08,1,47,"M","Card",86.08
2023-11-20,"Toulouse Capitole","Seller_25","Accessories",921.89,1,38,"F","Card",921.89
2023-03-25,"Toulouse Capitole","Seller_1","Tablet",1419.46,1,16,"F","Cash",1419.46
2024-10-24,"Marseille Vieux-Port","Seller_21","Tablet",533.61,2,33,"M","Card",1067.22
2023-10-05,"Toulouse Capitole","Seller_1","Tablet",1418.62,1,40,"F","Card",1418.62
2024-01-10,"Paris Centre","Seller_6","Smartphone",1436.18,2,33,"F","",2872.36
2023-01-15,"Marseille Vieux-Port","Seller_5","Laptop",1466.88,1,43,"F","Cash",1466.88
2024-06-13,"Marseille Vieux-Port","Seller_19","Accessories",184.36,1,37,NA,"Card",184.36
2023-12-17,"Toulouse Capitole","Seller_4","Tablet",205.84,1,45,"F","",205.84
2024-04-14,"Toulouse Capitole","Seller_4","Tablet",1032.49,1,50,"M","Card",1032.49
2023-02-02,"Marseille Vieux-Port","Seller_8","Earbuds",733.96,1,25,"M","Card",733.96
2023-06-18,"Nice Promenade","Seller_10","Tablet",172.82,1,47,"M","Cash",172.82
2023-04-08,"Nice Promenade","Seller_6","Tablet",1382.07,5,38,NA,"Card",6910.35
2024-12-03,"Marseille Vieux-Port","Seller_6","Smartphone",544.56,1,57,"F","Card",544.56
2023-12-28,"Marseille Vieux-Port","Seller_3","Laptop",1407.65,1,61,"M","Cash",1407.65
2024-08-18,"Toulouse Capitole","Seller_22","Tablet",1260.93,2,48,"M","Cash",2521.86
2023-07-30,"Lyon Part-Dieu","Seller_11","Earbuds",1037.64,1,37,"F","Cash",1037.64
2023-09-09,"Paris Centre","Seller_1","Tablet",1280.5,1,18,"M","Cash",1280.5
2023-10-04,"Marseille Vieux-Port","Seller_24","Smartphone",1486.29,3,36,"F","Check",4458.87
2024-10-23,"Marseille Vieux-Port","Seller_24","Smartphone",135.27,4,31,"M","Card",541.08
2024-02-18,"Marseille Vieux-Port","Seller_2","Smartphone",347.22,1,28,"M","Check",347.22
2023-01-25,"Lyon Part-Dieu","Seller_7","Earbuds",664.55,1,55,"M","Card",664.55
2024-04-29,"Toulouse Capitole","Seller_2","Laptop",1345.24,1,44,"M","Card",1345.24
2024-02-26,"Paris Centre","Seller_19","Earbuds",146.85,2,21,"F","Check",293.7
2023-07-28,"Lyon Part-Dieu","Seller_24","Tablet",886.56,4,28,"M","Check",3546.24
2024-10-25,"Lyon Part-Dieu","Seller_12","Tablet",494.81,2,27,"F","Card",989.62
2023-09-15,"Toulouse Capitole","Seller_6","Laptop",788.91,3,50,"F","Check",2366.73
2024-12-09,"Nice Promenade","Seller_22","Smartphone",316.67,1,43,NA,"Card",316.67
2023-06-26,"Marseille Vieux-Port","Seller_22","Laptop",164.7,2,50,"F","Card",329.4
2024-12-23,"Lyon Part-Dieu","Seller_14","Accessories",1271.16,3,39,"F","Card",3813.48
2024-11-12,"Toulouse Capitole","Seller_4","Earbuds",318.17,1,31,"F","Cash",318.17
2024-08-27,"Lyon Part-Dieu","Seller_4","Earbuds",775.75,2,32,"M","Card",1551.5
2024-06-01,"Marseille Vieux-Port","Seller_14","Laptop",977.05,1,36,"M","Card",977.05
2024-01-03,"Lyon Part-Dieu","Seller_21","Smartphone",797.01,1,27,"M","Card",797.01
2024-10-20,"Paris Centre","Seller_2","Laptop",730.15,1,26,"F","Card",730.15
2024-03-04,"Paris Centre","Seller_1","Earbuds",507.63,2,51,"M","Card",1015.26
2024-11-02,"Paris Centre","Seller_14","Earbuds",558.9,2,25,"M","Card",1117.8
2023-07-24,"Nice Promenade","Seller_16","Smartphone",1256.42,3,18,"F","Cash",3769.26
2024-11-21,"Toulouse Capitole","Seller_3","Earbuds",753.16,2,26,"F","Card",1506.32
2024-03-07,"Nice Promenade","Seller_7","Smartwatch",451.37,1,34,"M","Cash",451.37
2023-09-26,"Lyon Part-Dieu","Seller_5","Smartphone",349.22,1,17,NA,"Card",349.22
2023-09-28,"Marseille Vieux-Port","Seller_6","Accessories",953.18,1,31,"F","",953.18
2024-02-16,"Nice Promenade","Seller_23","Smartphone",790.27,3,22,"M","Card",2370.81
2023-12-25,"Toulouse Capitole","Seller_25","Smartphone",302.99,1,30,NA,"Card",302.99
2024-06-22,"Marseille Vieux-Port","Seller_23","Earbuds",1375.9,1,47,NA,"Card",1375.9
2024-10-07,"Toulouse Capitole","Seller_7","Laptop",1409.07,2,34,"M","Card",2818.14
2023-03-02,"Paris Centre","Seller_6","Laptop",879.08,1,46,"F","Cash",879.08
2024-12-29,"Nice Promenade","Seller_12","Smartphone",1263.75,2,23,"F","Cash",2527.5
2023-04-05,"Lyon Part-Dieu","Seller_8","Tablet",151.31,3,26,"M","Card",453.93
2024-01-10,"Paris Centre","Seller_12","Accessories",856.03,3,46,"F","Card",2568.09
2023-05-27,"Lyon Part-Dieu","Seller_12","Earbuds",96.77,1,34,"M","Card",96.77
2024-01-14,"Marseille Vieux-Port","Seller_16","Laptop",1351.46,4,56,"F","Card",5405.84
2023-02-05,"Lyon Part-Dieu","Seller_20","Earbuds",470.95,2,54,"M","Card",941.9
2023-04-26,"Marseille Vieux-Port","Seller_15","Tablet",224.69,3,54,"F","Card",674.07
2023-03-29,"Paris Centre","Seller_7","Tablet",1225.63,3,46,"F","",3676.89
2023-05-18,"Paris Centre","Seller_5","Smartphone",1265.61,1,21,"F","Cash",1265.61
2023-01-06,"Marseille Vieux-Port","Seller_23","Tablet",104.43,2,27,"F","Card",208.86
2024-02-23,"Lyon Part-Dieu","Seller_11","Earbuds",859.69,1,30,"M","Cash",859.69
2023-05-07,"Lyon Part-Dieu","Seller_14","Smartphone",761.18,2,24,"M","Check",1522.36
2024-10-19,"Marseille Vieux-Port","Seller_23","Smartphone",982.98,1,41,"M","Card",982.98
2024-01-08,"Marseille Vieux-Port","Seller_22","Laptop",626.55,1,37,"F","Check",626.55
2024-10-30,"Toulouse Capitole","Seller_24","Smartphone",1468.03,1,46,"M","Card",1468.03
2023-08-29,"Paris Centre","Seller_10","Laptop",157.56,1,39,"M","Card",157.56
2023-12-27,"Marseille Vieux-Port","Seller_6","Laptop",581.32,1,64,"F","Card",581.32
2023-01-22,"Paris Centre","Seller_15","Smartphone",249.7,2,41,"F","",499.4
2024-07-12,"Nice Promenade","Seller_14","Tablet",261.67,1,39,"M","Card",261.67
2023-11-25,"Nice Promenade","Seller_25","Earbuds",1215.34,1,39,"F","Card",1215.34
2023-08-19,"Lyon Part-Dieu","Seller_3","Smartphone",162.65,1,50,"M","Card",162.65
2023-05-09,"Nice Promenade","Seller_17","Laptop",1441.75,2,26,"F","Card",2883.5
2024-02-12,"Nice Promenade","Seller_23","Smartphone",1059.47,1,24,"M","Cash",1059.47
2023-01-21,"Lyon Part-Dieu","Seller_11","Tablet",483.98,2,43,"M","Cash",967.96
2023-02-07,"Toulouse Capitole","Seller_8","Smartphone",739.22,1,53,"F","Cash",739.22
2023-07-05,"Marseille Vieux-Port","Seller_15","Earbuds",99.01,2,29,"M","Check",198.02
2024-08-24,"Toulouse Capitole","Seller_15","Laptop",228.94,2,24,NA,"Card",457.88
2023-09-24,"Nice Promenade","Seller_9","Tablet",147.15,3,36,"F","Card",441.45
2023-02-02,"Paris Centre","Seller_13","Smartphone",1141.75,4,40,"M","Card",4567
2023-08-17,"Paris Centre","Seller_6","Earbuds",388.52,1,22,"M","Cash",388.52
2024-07-18,"Marseille Vieux-Port","Seller_5","Smartphone",507.59,1,45,"F","Card",507.59
2023-12-04,"Toulouse Capitole","Seller_17","Smartphone",917.88,2,39,"F","Card",1835.76
2023-04-02,"Nice Promenade","Seller_16","Laptop",193.44,1,20,"M","Cash",193.44
2024-09-19,"Toulouse Capitole","Seller_2","Laptop",1208.11,1,42,"F","Check",1208.11
2023-09-22,"Marseille Vieux-Port","Seller_16","Laptop",846.94,4,29,"F","Card",3387.76
2023-02-24,"Lyon Part-Dieu","Seller_7","Earbuds",1043.29,1,58,"M","Cash",1043.29
2023-05-15,"Nice Promenade","Seller_18","Smartphone",1063.01,2,49,"F","Card",2126.02
2023-09-21,"Nice Promenade","Seller_14","Smartwatch",1255.13,1,28,"M","Card",1255.13
2023-06-11,"Marseille Vieux-Port","Seller_7","Laptop",1338.57,4,35,"F","Card",5354.28
2023-05-22,"Paris Centre","Seller_23","Tablet",1352.2,1,21,"M","Card",1352.2
2023-10-28,"Marseille Vieux-Port","Seller_6","Smartphone",1093.52,1,24,NA,"Card",1093.52
2024-10-15,"Marseille Vieux-Port","Seller_20","Smartphone",516.61,4,24,"M","Card",2066.44
2023-08-31,"Lyon Part-Dieu","Seller_24","Accessories",1007.64,1,28,"F","Card",1007.64
2024-05-03,"Marseille Vieux-Port","Seller_6","Laptop",597.48,1,36,"M","Card",597.48
2023-07-13,"Paris Centre","Seller_17","Earbuds",284.42,4,29,NA,"Card",1137.68
2023-04-26,"Lyon Part-Dieu","Seller_9","Earbuds",740.53,1,42,"M","",740.53
2024-11-18,"Marseille Vieux-Port","Seller_3","Tablet",417.01,1,19,"F","Card",417.01
2024-03-21,"Marseille Vieux-Port","Seller_6","Laptop",546.5,2,28,"F","Card",1093
2023-10-03,"Paris Centre","Seller_5","Earbuds",383.81,1,29,"F","Card",383.81
2023-11-17,"Lyon Part-Dieu","Seller_6","Smartphone",1220.14,1,36,"F","Card",1220.14
2023-02-11,"Lyon Part-Dieu","Seller_16","Laptop",263.07,2,40,"F","Card",526.14
2024-02-17,"Lyon Part-Dieu","Seller_14","Laptop",162.94,3,48,NA,"Card",488.82
2023-05-07,"Lyon Part-Dieu","Seller_5","Smartphone",554.1,2,32,"F","Card",1108.2
2023-10-25,"Paris Centre","Seller_4","Smartphone",1425.56,2,41,"F","Card",2851.12
2024-02-14,"Marseille Vieux-Port","Seller_8","Smartphone",1305.06,1,38,"F","Card",1305.06
2023-11-07,"Marseille Vieux-Port","Seller_23","Laptop",513.25,1,39,"M","Check",513.25
2024-10-07,"Lyon Part-Dieu","Seller_10","Smartwatch",707.17,3,55,NA,"Card",2121.51
2024-11-27,"Paris Centre","Seller_3","Tablet",794.26,1,29,"M","Card",794.26
2024-01-24,"Paris Centre","Seller_23","Earbuds",66.13,4,19,"M","Card",264.52
2023-10-25,"Marseille Vieux-Port","Seller_19","Tablet",1052.11,2,18,"M","Card",2104.22
2023-11-23,"Paris Centre","Seller_10","Smartphone",116.1,4,30,NA,"Card",464.4
2024-07-08,"Toulouse Capitole","Seller_12","Tablet",565.11,2,32,NA,"Card",1130.22
2023-11-24,"Lyon Part-Dieu","Seller_17","Smartphone",1322.96,1,35,"F","Card",1322.96
2023-09-12,"Paris Centre","Seller_6","Laptop",990.52,2,35,"M","Cash",1981.04
2023-12-07,"Paris Centre","Seller_3","Laptop",230.69,1,43,"M","Card",230.69
2024-07-12,"Paris Centre","Seller_18","Earbuds",326.07,3,39,"F","Card",978.21
2023-11-30,"Lyon Part-Dieu","Seller_11","Smartwatch",1111.83,2,33,"M","Cash",2223.66
2024-06-01,"Nice Promenade","Seller_5","Smartphone",1133.41,3,28,"F","Card",3400.23
2024-08-02,"Paris Centre","Seller_21","Tablet",418.43,1,28,"M","Card",418.43
2024-11-08,"Lyon Part-Dieu","Seller_10","Laptop",638.69,1,52,"F","Card",638.69
2023-12-25,"Paris Centre","Seller_24","Earbuds",781.81,2,33,"M","Card",1563.62
2023-11-06,"Paris Centre","Seller_10","Laptop",685.97,1,51,"M","Cash",685.97
2023-07-20,"Paris Centre","Seller_25","Earbuds",75.02,1,16,"F","Card",75.02
2023-03-16,"Lyon Part-Dieu","Seller_9","Laptop",1048.99,1,35,"F","Card",1048.99
2023-05-28,"Toulouse Capitole","Seller_16","Smartphone",1237.36,1,28,"M","Check",1237.36
2024-11-11,"Toulouse Capitole","Seller_6","Laptop",685.46,2,34,NA,"Check",1370.92
2023-01-11,"Paris Centre","Seller_10","Earbuds",1407.42,2,39,"M","Cash",2814.84
2023-08-12,"Lyon Part-Dieu","Seller_1","Smartphone",573.11,1,21,"F","Card",573.11
2023-08-09,"Toulouse Capitole","Seller_13","Earbuds",452.51,1,52,"F","Card",452.51
2024-07-20,"Nice Promenade","Seller_20","Laptop",240.35,1,58,"M","Cash",240.35
2023-01-02,"Marseille Vieux-Port","Seller_11","Laptop",1042.01,1,47,"F","Card",1042.01
2024-08-19,"Paris Centre","Seller_10","Earbuds",1301.03,1,31,"F","Card",1301.03
2024-12-24,"Toulouse Capitole","Seller_7","Smartphone",1227.06,1,48,"M","Card",1227.06
2023-02-16,"Paris Centre","Seller_6","Earbuds",414.79,1,38,"F","",414.79
2024-07-02,"Marseille Vieux-Port","Seller_10","Laptop",197.6,4,34,"M","Cash",790.4
2023-03-01,"Lyon Part-Dieu","Seller_20","Laptop",845.45,3,39,"F","Card",2536.35
2023-05-04,"Marseille Vieux-Port","Seller_24","Laptop",1397.27,2,37,"M","Check",2794.54
2023-08-23,"Marseille Vieux-Port","Seller_16","Smartphone",397.41,2,20,"F","Cash",794.82
2023-07-19,"Lyon Part-Dieu","Seller_5","Tablet",626.05,2,41,"F","Cash",1252.1
2024-01-22,"Paris Centre","Seller_8","Tablet",1252.06,1,33,"M","Check",1252.06
2023-11-11,"Paris Centre","Seller_10","Laptop",1222.28,1,32,"M","Card",1222.28
2023-04-04,"Paris Centre","Seller_5","Laptop",1486.18,2,24,"F","Cash",2972.36
2023-01-05,"Marseille Vieux-Port","Seller_1","Smartphone",1043.66,1,36,"F","Card",1043.66
2024-07-01,"Lyon Part-Dieu","Seller_19","Laptop",364.23,1,26,"F","Card",364.23
2024-07-15,"Toulouse Capitole","Seller_2","Tablet",625.01,1,17,NA,"Card",625.01
2023-09-13,"Toulouse Capitole","Seller_8","Smartphone",1057.88,2,37,"M","Card",2115.76
2023-09-24,"Nice Promenade","Seller_6","Smartphone",1053.47,3,31,"F","Card",3160.41
2024-11-15,"Toulouse Capitole","Seller_12","Laptop",595.27,2,38,"F","Check",1190.54
2024-07-23,"Paris Centre","Seller_6","Smartphone",884.85,5,28,"M","",4424.25
2024-08-30,"Lyon Part-Dieu","Seller_21","Laptop",481.86,1,40,"M","Card",481.86
2023-09-13,"Marseille Vieux-Port","Seller_24","Smartwatch",306.06,1,16,"M","Card",306.06
2023-06-01,"Marseille Vieux-Port","Seller_20","Laptop",561.69,4,45,"F","Card",2246.76
2023-09-10,"Paris Centre","Seller_19","Accessories",1487.22,4,45,"M","Card",5948.88
2024-11-01,"Toulouse Capitole","Seller_8","Earbuds",279.09,2,51,"F","Card",558.18
2023-01-15,"Marseille Vieux-Port","Seller_6","Earbuds",NA,2,55,"M","Check",NA
2024-12-09,"Toulouse Capitole","Seller_23","Smartwatch",879.26,1,24,"F","Cash",879.26
2024-08-10,"Nice Promenade","Seller_23","Laptop",1236.43,1,21,"F","Card",1236.43
2023-07-19,"Toulouse Capitole","Seller_10","Tablet",1438.5,1,42,"F","Check",1438.5
2023-07-23,"Lyon Part-Dieu","Seller_19","Smartphone",1003.8,1,16,"F","Card",1003.8
2023-04-08,"Paris Centre","Seller_22","Tablet",450.75,1,44,"M","Card",450.75
2024-08-17,"Marseille Vieux-Port","Seller_10","Laptop",312.93,1,16,"F","Card",312.93
2024-01-31,"Marseille Vieux-Port","Seller_15","Accessories",164.03,2,47,"M","Cash",328.06
2024-10-15,"Lyon Part-Dieu","Seller_22","Laptop",243.42,2,62,"M","Card",486.84
2024-08-13,"Nice Promenade","Seller_22","Laptop",808.83,1,28,"M","Card",808.83
2024-05-13,"Lyon Part-Dieu","Seller_12","Laptop",846,3,36,"M","Cash",2538
2024-07-12,"Lyon Part-Dieu","Seller_1","Smartphone",309.01,4,37,"M","Card",1236.04
2023-09-04,"Nice Promenade","Seller_14","Tablet",731.84,1,51,NA,"Card",731.84
2024-06-22,"Paris Centre","Seller_3","Smartphone",1476.89,2,38,"F","Card",2953.78
2024-09-24,"Paris Centre","Seller_9","Smartphone",1115.59,2,23,"M","Card",2231.18
2023-01-09,"Marseille Vieux-Port","Seller_11","Smartphone",1054.98,2,43,"F","Card",2109.96
2023-03-25,"Marseille Vieux-Port","Seller_15","Earbuds",1386.48,1,44,"M","Card",1386.48
2024-06-07,"Paris Centre","Seller_23","Laptop",1363.42,1,36,"F","Cash",1363.42
2023-11-03,"Toulouse Capitole","Seller_13","Tablet",569.01,1,47,"M","Check",569.01
2024-07-07,"Toulouse Capitole","Seller_8","Smartphone",1061.2,1,24,"F","Card",1061.2
2024-12-05,"Marseille Vieux-Port","Seller_10","Smartphone",172.84,1,22,"F","Check",172.84
2023-02-24,"Toulouse Capitole","Seller_7","Earbuds",1245.07,1,18,"F","Cash",1245.07
2024-12-04,"Nice Promenade","Seller_16","Smartphone",1025.51,1,43,"M","Card",1025.51
2024-04-03,"Lyon Part-Dieu","Seller_4","Tablet",162.84,2,41,"F","Card",325.68
2023-08-23,"Paris Centre","Seller_23","Laptop",960.51,2,47,"F","Card",1921.02
2024-11-05,"Toulouse Capitole","Seller_25","Earbuds",1449.73,1,32,"F","Card",1449.73
2024-11-23,"Paris Centre","Seller_2","Laptop",1449.67,2,31,"F","Card",2899.34
2024-07-31,"Nice Promenade","Seller_16","Earbuds",1460.47,1,44,"M","",1460.47
2024-12-10,"Paris Centre","Seller_11","Smartphone",1368.96,1,23,"M","Card",1368.96
2023-02-12,"Marseille Vieux-Port","Seller_25","Tablet",1493.73,2,39,"F","",2987.46
2024-07-05,"Nice Promenade","Seller_12","Tablet",1335.5,2,43,"F","Card",2671
2024-05-09,"Paris Centre","Seller_4","Smartphone",646.12,2,16,"M","Card",1292.24
2024-09-01,"Paris Centre","Seller_15","Smartphone",76.85,1,32,"M","Card",76.85
2023-05-22,"Lyon Part-Dieu","Seller_25","Smartphone",440.8,1,42,"F","Card",440.8
2024-12-26,"Paris Centre","Seller_6","Laptop",479.04,2,57,"F","",958.08
2024-02-09,"Nice Promenade","Seller_6","Earbuds",59.89,2,32,"M","Card",119.78
2023-05-01,"Paris Centre","Seller_15","Laptop",401.91,1,39,"M","Card",401.91
2024-04-19,"Marseille Vieux-Port","Seller_13","Tablet",450.51,1,34,"M","Card",450.51
2024-06-23,"Marseille Vieux-Port","Seller_21","Smartphone",1211.34,1,19,"M","Card",1211.34
2024-10-31,"Marseille Vieux-Port","Seller_4","Accessories",269.87,1,27,"M","Card",269.87
2023-03-16,"Toulouse Capitole","Seller_9","Tablet",1446.89,2,27,"M","Card",2893.78
2024-05-10,"Paris Centre","Seller_8","Earbuds",86.25,1,47,"M","Card",86.25
2024-09-02,"Lyon Part-Dieu","Seller_13","Accessories",421.87,3,26,"M","Card",1265.61
2024-09-30,"Paris Centre","Seller_3","Smartphone",1093.92,1,40,"F","Card",1093.92
2024-03-11,"Marseille Vieux-Port","Seller_9","Tablet",1082.46,2,47,"M","Cash",2164.92
2024-10-01,"Paris Centre","Seller_22","Accessories",742.24,2,16,"F","Cash",1484.48
2023-10-15,"Marseille Vieux-Port","Seller_8","Smartphone",1278.08,1,16,"M","Card",1278.08
2024-11-27,"Nice Promenade","Seller_10","Tablet",1186.23,2,37,"M","Card",2372.46
2024-06-21,"Toulouse Capitole","Seller_14","Earbuds",884.98,4,16,"F","Card",3539.92
2024-10-05,"Marseille Vieux-Port","Seller_19","Tablet",627.87,1,48,"M","Card",627.87
2024-01-16,"Toulouse Capitole","Seller_7","Laptop",1093.37,3,37,"F","Card",3280.11
2024-12-02,"Marseille Vieux-Port","Seller_23","Tablet",1349.52,3,41,"F","Card",4048.56
2023-04-19,"Toulouse Capitole","Seller_21","Accessories",1278.42,1,33,"F","Check",1278.42
2024-03-21,"Lyon Part-Dieu","Seller_12","Tablet",872.6,1,35,"F","Card",872.6
2024-04-25,"Lyon Part-Dieu","Seller_18","Laptop",920,2,28,"F","Card",1840
2024-02-02,"Lyon Part-Dieu","Seller_18","Smartphone",414.91,4,33,"F","Card",1659.64
2024-07-27,"Nice Promenade","Seller_6","Smartphone",1465.74,2,26,"F","Card",2931.48
2024-03-09,"Toulouse Capitole","Seller_2","Tablet",463.23,1,17,"M","Check",463.23
2023-05-07,"Nice Promenade","Seller_11","Smartphone",183.48,3,36,"F","Cash",550.44
2024-02-19,"Paris Centre","Seller_16","Tablet",1016.11,2,41,"M","Card",2032.22
2023-07-07,"Lyon Part-Dieu","Seller_6","Earbuds",1466.94,5,22,"M","Card",7334.7
2023-12-04,"Lyon Part-Dieu","Seller_10","Smartphone",1037.14,4,57,"F","Card",4148.56
2023-02-15,"Toulouse Capitole","Seller_24","Laptop",1100.2,1,28,"F","Cash",1100.2
2023-06-25,"Lyon Part-Dieu","Seller_15","Smartphone",1030.79,2,38,"F","Card",2061.58
2024-06-20,"Nice Promenade","Seller_8","Smartphone",358.44,1,42,"F","Card",358.44
2023-03-22,"Paris Centre","Seller_7","Earbuds",1129.92,1,30,"F","Check",1129.92
2024-11-11,"Nice Promenade","Seller_24","Tablet",728.01,1,16,NA,"Card",728.01
2023-02-01,"Nice Promenade","Seller_12","Smartwatch",64.33,1,41,"M","Card",64.33
2024-11-15,"Paris Centre","Seller_12","Laptop",139.9,1,36,"M","Card",139.9
2023-01-04,"Paris Centre","Seller_17","Laptop",267.3,1,49,"F","Card",267.3
2024-12-24,"Nice Promenade","Seller_25","Smartwatch",788.79,1,31,"F","Card",788.79
2023-07-12,"Marseille Vieux-Port","Seller_21","Laptop",961.61,2,20,NA,"Card",1923.22
2024-01-30,"Toulouse Capitole","Seller_9","Laptop",133.14,2,44,"M","Card",266.28
2023-02-02,"Lyon Part-Dieu","Seller_21","Smartphone",1093.77,2,16,"M","Card",2187.54
2024-08-06,"Marseille Vieux-Port","Seller_25","Laptop",1146.28,2,42,"F","Cash",2292.56
2023-11-22,"Toulouse Capitole","Seller_6","Earbuds",1484.44,3,37,"F","Cash",4453.32
2024-05-09,"Lyon Part-Dieu","Seller_16","Laptop",772.23,2,50,"F","Check",1544.46
2023-05-25,"Toulouse Capitole","Seller_14","Smartphone",636.57,2,46,"F","Card",1273.14
2023-01-14,"Nice Promenade","Seller_5","Laptop",938.54,1,31,"F","Card",938.54
2023-03-11,"Marseille Vieux-Port","Seller_5","Smartphone",119.08,2,51,"F","Cash",238.16
2024-03-23,"Marseille Vieux-Port","Seller_13","Laptop",810.37,1,35,"F","Card",810.37
2024-11-10,"Paris Centre","Seller_4","Smartwatch",414.58,2,54,"M","Card",829.16
2023-06-26,"Marseille Vieux-Port","Seller_2","Smartphone",832.08,1,24,"F","Card",832.08
2023-03-27,"Lyon Part-Dieu","Seller_24","Smartphone",208.5,2,30,"F","Check",417
2024-03-24,"Paris Centre","Seller_7","Smartphone",618.41,3,35,"M","Card",1855.23
2024-01-02,"Nice Promenade","Seller_17","Smartphone",941.6,1,47,"M","Cash",941.6
2024-01-23,"Toulouse Capitole","Seller_21","Tablet",743.27,1,31,"M","Check",743.27
2023-07-30,"Marseille Vieux-Port","Seller_3","Tablet",887.22,4,41,NA,"",3548.88
2023-06-25,"Nice Promenade","Seller_4","Smartwatch",528.29,2,53,"F","Check",1056.58
2024-08-28,"Marseille Vieux-Port","Seller_19","Smartphone",620,1,17,"F","Card",620
2023-06-01,"Toulouse Capitole","Seller_4","Accessories",719.79,4,40,"F","Cash",2879.16
2024-09-01,"Toulouse Capitole","Seller_1","Smartphone",1050.37,1,34,NA,"Card",1050.37
2023-02-27,"Toulouse Capitole","Seller_8","Accessories",867.8,1,33,"M","Card",867.8
2023-01-01,"Toulouse Capitole","Seller_22","Tablet",676.42,3,23,"M","Cash",2029.26
2023-06-24,"Nice Promenade","Seller_3","Earbuds",920.39,1,38,"M","Card",920.39
2024-02-16,"Lyon Part-Dieu","Seller_22","Smartphone",252.05,2,28,"M","Card",504.1
2023-07-28,"Marseille Vieux-Port","Seller_6","Smartphone",1370.05,2,16,"M","Check",2740.1
2023-05-11,"Toulouse Capitole","Seller_2","Smartphone",603.46,3,37,"M","Card",1810.38
2024-03-06,"Paris Centre","Seller_10","Laptop",1454.76,1,20,"F","Card",1454.76
2023-12-11,"Paris Centre","Seller_15","Laptop",1056.99,2,34,"M","",2113.98
2023-07-16,"Paris Centre","Seller_15","Laptop",528.17,1,34,NA,"Card",528.17
2024-08-02,"Toulouse Capitole","Seller_9","Laptop",996.46,2,22,"F","Cash",1992.92
2024-07-19,"Paris Centre","Seller_6","Earbuds",352.92,1,45,"F","Card",352.92
2024-01-09,"Marseille Vieux-Port","Seller_10","Tablet",263.66,2,31,"M","Cash",527.32
2023-02-17,"Lyon Part-Dieu","Seller_4","Laptop",1363.32,1,27,"F","Card",1363.32
2023-03-25,"Nice Promenade","Seller_21","Tablet",977.35,3,25,NA,"Card",2932.05
2024-02-14,"Toulouse Capitole","Seller_10","Smartphone",1330.63,4,37,NA,"Card",5322.52
2024-10-14,"Lyon Part-Dieu","Seller_23","Tablet",223.04,1,36,"F","Cash",223.04
2023-09-13,"Toulouse Capitole","Seller_22","Tablet",548.99,1,42,"F","Card",548.99
2023-04-27,"Nice Promenade","Seller_3","Smartwatch",1078.03,2,21,"F","Card",2156.06
2023-11-29,"Toulouse Capitole","Seller_10","Tablet",1074.31,1,52,NA,"Card",1074.31
2023-05-22,"Toulouse Capitole","Seller_16","Laptop",737.05,2,44,"F","Card",1474.1
2024-07-01,"Nice Promenade","Seller_4","Smartphone",1423.05,1,41,"M","Card",1423.05
2023-06-17,"Toulouse Capitole","Seller_18","Smartphone",955.4,3,29,"F","Card",2866.2
2024-01-24,"Marseille Vieux-Port","Seller_8","Laptop",1176.6,1,53,"M","Card",1176.6
2023-02-25,"Nice Promenade","Seller_5","Laptop",543.97,1,23,"F","Card",543.97
2024-08-02,"Toulouse Capitole","Seller_5","Tablet",409,2,20,"M","Card",818
2023-10-06,"Paris Centre","Seller_21","Laptop",1108.21,1,58,"F","Card",1108.21
2024-08-11,"Marseille Vieux-Port","Seller_23","Earbuds",1373.94,5,52,"M","Card",6869.7
2023-01-03,"Nice Promenade","Seller_10","Smartphone",1413.05,1,38,NA,"Card",1413.05
2023-01-05,"Nice Promenade","Seller_16","Smartphone",334.34,2,29,"F","Card",668.68
2023-07-20,"Paris Centre","Seller_15","Smartphone",979.39,3,35,"F","Card",2938.17
2023-08-21,"Toulouse Capitole","Seller_6","Laptop",477.89,2,47,"M","Card",955.78
2023-11-20,"Marseille Vieux-Port","Seller_2","Smartphone",834.92,1,26,"M","Card",834.92
2023-04-02,"Marseille Vieux-Port","Seller_12","Smartphone",456.19,1,48,"M","Card",456.19
2023-04-06,"Nice Promenade","Seller_10","Smartwatch",558.61,1,16,"M","Check",558.61
2024-02-06,"Lyon Part-Dieu","Seller_13","Tablet",50.35,1,54,"F","Card",50.35
2024-07-24,"Marseille Vieux-Port","Seller_2","Tablet",710.25,2,28,NA,"Card",1420.5
2024-06-06,"Nice Promenade","Seller_25","Tablet",1269.17,2,19,"F","Card",2538.34
2023-03-17,"Marseille Vieux-Port","Seller_22","Smartphone",509.85,1,45,"F","",509.85
2024-07-17,"Paris Centre","Seller_23","Smartphone",736.13,3,39,"F","Card",2208.39
2024-08-27,"Nice Promenade","Seller_19","Smartphone",588.36,2,41,"F","Card",1176.72
2024-02-10,"Paris Centre","Seller_1","Laptop",484.77,1,43,"M","",484.77
2023-04-07,"Toulouse Capitole","Seller_7","Accessories",58.89,2,35,"F","Card",117.78
2024-02-08,"Toulouse Capitole","Seller_3","Laptop",1085.58,3,37,"M","",3256.74
2023-02-12,"Toulouse Capitole","Seller_18","Earbuds",747.4,1,31,"F","Cash",747.4
2024-08-23,"Nice Promenade","Seller_11","Smartphone",504.17,1,47,"M","Card",504.17
2024-05-31,"Marseille Vieux-Port","Seller_5","Earbuds",865.69,2,47,"M","Card",1731.38
2024-10-19,"Lyon Part-Dieu","Seller_17","Accessories",1422.96,1,21,"F","Card",1422.96
2023-09-21,"Marseille Vieux-Port","Seller_4","Laptop",897.65,1,16,"F","",897.65
2024-11-28,"Nice Promenade","Seller_25","Earbuds",914.66,3,31,"F","Card",2743.98
2024-02-29,"Toulouse Capitole","Seller_8","Earbuds",1133.58,2,50,"F","Card",2267.16
2024-05-22,"Lyon Part-Dieu","Seller_4","Earbuds",66.93,1,55,"M","Card",66.93
2024-02-07,"Marseille Vieux-Port","Seller_9","Smartphone",542.73,1,40,"M","",542.73
2024-01-29,"Nice Promenade","Seller_19","Tablet",1125.15,2,25,"F","Card",2250.3
2023-05-15,"Toulouse Capitole","Seller_7","Laptop",1032.44,3,48,"M","Card",3097.32
2023-02-10,"Toulouse Capitole","Seller_23","Laptop",569.88,1,37,NA,"Card",569.88
2023-12-01,"Lyon Part-Dieu","Seller_23","Smartphone",912.05,1,23,"M","Card",912.05
2024-06-08,"Paris Centre","Seller_18","Smartphone",1431.3,1,39,"F","Card",1431.3
2024-01-28,"Nice Promenade","Seller_24","Earbuds",532.07,1,29,"M","",532.07
2024-07-08,"Toulouse Capitole","Seller_23","Smartphone",1113.35,3,47,"F","Card",3340.05
2024-01-25,"Nice Promenade","Seller_10","Laptop",502.33,1,25,"M","Card",502.33
2024-07-06,"Marseille Vieux-Port","Seller_1","Earbuds",1440.89,1,38,"M","Card",1440.89
2023-02-10,"Toulouse Capitole","Seller_15","Tablet",304.22,2,23,"F","Card",608.44
2023-06-29,"Toulouse Capitole","Seller_25","Laptop",1356.16,3,21,"F","Cash",4068.48
2023-12-03,"Marseille Vieux-Port","Seller_17","Tablet",1462.09,1,35,"F","Card",1462.09
2024-03-27,"Paris Centre","Seller_16","Smartphone",897.21,1,28,"M","Card",897.21
2024-10-18,"Nice Promenade","Seller_25","Tablet",685.09,4,43,"M","",2740.36
2024-05-29,"Toulouse Capitole","Seller_7","Tablet",254.69,1,35,"F","Card",254.69
2024-11-09,"Paris Centre","Seller_24","Smartphone",845.17,2,16,"F","Check",1690.34
2023-09-09,"Toulouse Capitole","Seller_1","Laptop",850.27,2,40,"F","Card",1700.54
2023-06-30,"Marseille Vieux-Port","Seller_24","Smartphone",1335.85,1,34,"F","Card",1335.85
2024-11-11,"Lyon Part-Dieu","Seller_11","Smartphone",984.69,1,32,"M","Card",984.69
2024-05-05,"Paris Centre","Seller_24","Smartphone",321.84,1,34,NA,"Card",321.84
2023-04-13,"Lyon Part-Dieu","Seller_8","Tablet",1202.17,1,34,"F","Card",1202.17
2023-10-22,"Paris Centre","Seller_13","Earbuds",840.39,1,35,"F","Card",840.39
2023-01-30,"Lyon Part-Dieu","Seller_18","Accessories",174.87,1,26,"M","Card",174.87
2024-12-08,"Lyon Part-Dieu","Seller_3","Laptop",1089.86,2,34,NA,"Card",2179.72
2023-01-27,"Paris Centre","Seller_21","Smartphone",849.88,1,33,"F","Card",849.88
2024-12-27,"Lyon Part-Dieu","Seller_2","Laptop",323.8,2,16,"M","Card",647.6
2024-09-11,"Toulouse Capitole","Seller_8","Earbuds",1313.47,2,31,"F","Card",2626.94
2023-10-03,"Nice Promenade","Seller_24","Earbuds",309.65,3,37,"M","Card",928.95
2024-02-26,"Lyon Part-Dieu","Seller_14","Smartphone",642.2,1,32,"F","Card",642.2
2024-12-24,"Nice Promenade","Seller_16","Tablet",683.41,1,59,"M","Cash",683.41
2024-05-30,"Toulouse Capitole","Seller_12","Laptop",975.81,2,58,"M","Card",1951.62
2024-09-02,"Lyon Part-Dieu","Seller_17","Smartphone",158.13,1,27,"M","Cash",158.13
2023-11-25,"Nice Promenade","Seller_1","Earbuds",1489.75,1,24,"M","Card",1489.75
2024-10-02,"Marseille Vieux-Port","Seller_24","Earbuds",1449.71,2,40,"F","Card",2899.42
2023-11-06,"Lyon Part-Dieu","Seller_1","Tablet",1363.4,2,43,"F","Card",2726.8
2024-09-17,"Paris Centre","Seller_12","Accessories",1206.39,3,46,"M","Card",3619.17
2024-07-23,"Nice Promenade","Seller_25","Laptop",480.49,1,21,"F","Card",480.49
2024-09-20,"Lyon Part-Dieu","Seller_22","Smartphone",417.06,3,62,"M","Card",1251.18
2023-01-30,"Nice Promenade","Seller_20","Tablet",1384,2,21,"F","Card",2768
2023-02-23,"Toulouse Capitole","Seller_21","Laptop",1220.64,1,40,"F","Card",1220.64
2023-03-31,"Paris Centre","Seller_3","Laptop",478.97,2,57,"F","Card",957.94
2023-06-17,"Paris Centre","Seller_10","Smartphone",884.18,2,20,"F","Cash",1768.36
2024-08-12,"Nice Promenade","Seller_14","Smartwatch",1431.91,1,18,NA,"Card",1431.91
2024-03-19,"Marseille Vieux-Port","Seller_24","Earbuds",718.06,3,35,"F","Card",2154.18
2024-09-26,"Toulouse Capitole","Seller_17","Earbuds",481.95,1,57,"M","Cash",481.95
2024-07-13,"Lyon Part-Dieu","Seller_15","Laptop",803.48,2,38,"F","Check",1606.96
2023-01-27,"Lyon Part-Dieu","Seller_24","Smartphone",886.09,2,31,"M","Card",1772.18
2023-10-05,"Paris Centre","Seller_24","Laptop",812.8,1,45,"M","Cash",812.8
2023-05-04,"Nice Promenade","Seller_24","Accessories",1111.92,2,38,"F","Card",2223.84
2023-11-18,"Paris Centre","Seller_8","Smartphone",554.91,1,45,"M","Card",554.91
2024-03-13,"Lyon Part-Dieu","Seller_20","Smartphone",1429.4,1,16,"M","Card",1429.4
2024-11-27,"Marseille Vieux-Port","Seller_20","Earbuds",1099.77,1,38,"F","Card",1099.77
2024-06-24,"Paris Centre","Seller_10","Smartwatch",610.88,1,28,"F","Card",610.88
2023-12-20,"Lyon Part-Dieu","Seller_8","Tablet",1206.67,1,19,"M","Card",1206.67
2023-11-19,"Toulouse Capitole","Seller_21","Smartphone",346.94,1,17,"F","Card",346.94
2024-03-14,"Lyon Part-Dieu","Seller_24","Earbuds",455.95,1,34,"M","Card",455.95
2024-05-04,"Marseille Vieux-Port","Seller_25","Laptop",814.18,3,28,"M","Card",2442.54
2024-08-13,"Marseille Vieux-Port","Seller_10","Laptop",1010.64,1,41,"M","Card",1010.64
2024-09-08,"Lyon Part-Dieu","Seller_20","Tablet",597.07,1,35,"F","Cash",597.07
2023-05-25,"Marseille Vieux-Port","Seller_6","Tablet",619.09,1,18,"M","Card",619.09
2024-11-03,"Lyon Part-Dieu","Seller_10","Smartphone",1045.7,1,33,NA,"Card",1045.7
2023-06-06,"Nice Promenade","Seller_6","Laptop",734.28,2,16,"M","Card",1468.56
2023-12-02,"Lyon Part-Dieu","Seller_25","Accessories",423.6,2,47,"M","Check",847.2
2023-12-04,"Paris Centre","Seller_7","Smartphone",1138.84,1,49,NA,"Card",1138.84
2023-05-26,"Paris Centre","Seller_11","Tablet",1429.29,1,47,NA,"Card",1429.29
2024-08-13,"Lyon Part-Dieu","Seller_17","Tablet",181.13,2,34,"F","Check",362.26
2024-06-11,"Lyon Part-Dieu","Seller_22","Tablet",54.43,1,30,"F","Card",54.43
2024-04-13,"Marseille Vieux-Port","Seller_11","Smartphone",229.45,1,39,NA,"Card",229.45
2023-04-09,"Lyon Part-Dieu","Seller_5","Laptop",244.89,1,24,"M","Check",244.89
2024-04-05,"Paris Centre","Seller_1","Smartwatch",517.04,1,42,NA,"Card",517.04
2024-01-30,"Toulouse Capitole","Seller_3","Tablet",1242.15,1,20,"F","Card",1242.15
2024-10-31,"Toulouse Capitole","Seller_16","Smartphone",1363.41,2,50,NA,"Check",2726.82
2024-01-26,"Nice Promenade","Seller_10","Smartphone",1396.51,1,20,"F","Card",1396.51
2024-05-25,"Paris Centre","Seller_7","Earbuds",806.41,1,42,"F","Card",806.41
2023-09-22,"Toulouse Capitole","Seller_15","Tablet",482.41,1,36,"M","Card",482.41
2024-08-11,"Lyon Part-Dieu","Seller_17","Smartphone",263.23,3,50,"F","Card",789.69
2023-10-10,"Toulouse Capitole","Seller_15","Tablet",159.89,5,33,"F","Check",799.45
2024-10-10,"Paris Centre","Seller_8","Tablet",1243.96,1,40,"M","Card",1243.96
2023-01-28,"Paris Centre","Seller_7","Earbuds",1495.9,2,24,"M","Card",2991.8
2024-05-11,"Nice Promenade","Seller_10","Tablet",1308.77,3,48,"F","Card",3926.31
2023-02-26,"Paris Centre","Seller_2","Smartwatch",702.94,1,26,NA,"Check",702.94
2024-11-30,"Toulouse Capitole","Seller_11","Earbuds",56.44,2,40,"M","Card",112.88
2024-04-23,"Paris Centre","Seller_16","Smartwatch",1106.19,2,33,NA,"Card",2212.38
2024-11-09,"Lyon Part-Dieu","Seller_9","Accessories",1201.32,2,45,NA,"Card",2402.64
2023-07-18,"Nice Promenade","Seller_7","Smartphone",1097.15,1,24,"F","Card",1097.15
2023-03-29,"Paris Centre","Seller_16","Smartphone",718.53,1,24,"F","Card",718.53
2024-01-28,"Toulouse Capitole","Seller_23","Laptop",786.66,1,33,"M","Cash",786.66
2023-05-24,"Nice Promenade","Seller_9","Tablet",1355.51,1,20,"M","Card",1355.51
2023-04-09,"Nice Promenade","Seller_24","Smartphone",738.61,3,48,"F","Cash",2215.83
2024-11-22,"Paris Centre","Seller_17","Earbuds",651.62,1,39,"F","Check",651.62
2024-12-06,"Toulouse Capitole","Seller_7","Earbuds",305.56,2,41,"M","Card",611.12
2024-11-27,"Nice Promenade","Seller_3","Laptop",563.22,1,34,"M","",563.22
2024-03-25,"Marseille Vieux-Port","Seller_2","Smartphone",146.88,3,29,"F","Card",440.64
2024-01-12,"Lyon Part-Dieu","Seller_25","Earbuds",726.21,1,56,"M","Card",726.21
2023-01-29,"Marseille Vieux-Port","Seller_15","Smartphone",816.99,3,42,"M","Cash",2450.97
2024-08-30,"Marseille Vieux-Port","Seller_8","Smartphone",707.91,1,16,"F","Card",707.91
2023-11-03,"Toulouse Capitole","Seller_6","Smartphone",452.28,1,32,"F","Card",452.28
2024-04-28,"Lyon Part-Dieu","Seller_12","Smartwatch",673.98,1,47,"M","",673.98
2024-11-16,"Toulouse Capitole","Seller_2","Smartwatch",373.99,2,63,"M","Card",747.98
2024-11-07,"Toulouse Capitole","Seller_2","Smartphone",248.82,2,34,"F","Cash",497.64
2023-10-07,"Paris Centre","Seller_14","Laptop",1230.84,1,34,"M","Card",1230.84
2024-12-02,"Marseille Vieux-Port","Seller_22","Smartphone",1047.69,1,38,"M","Card",1047.69
2024-06-10,"Paris Centre","Seller_14","Smartwatch",1108.17,1,23,NA,"Card",1108.17
2023-07-17,"Toulouse Capitole","Seller_3","Laptop",616.02,1,28,"F","Card",616.02
2024-12-24,"Paris Centre","Seller_5","Tablet",68.02,1,30,NA,"",68.02
2024-05-27,"Toulouse Capitole","Seller_10","Earbuds",214.93,1,20,"F","Card",214.93
2023-07-09,"Toulouse Capitole","Seller_21","Smartphone",480.97,1,37,NA,"Card",480.97
2023-07-11,"Paris Centre","Seller_8","Laptop",657.95,1,37,"M","Check",657.95
2023-05-06,"Lyon Part-Dieu","Seller_3","Tablet",1211.57,1,40,"F","Cash",1211.57
2024-02-16,"Toulouse Capitole","Seller_24","Laptop",924.52,1,26,"F","Card",924.52
2024-08-07,"Paris Centre","Seller_5","Smartphone",814.05,1,58,"F","Card",814.05
2024-03-10,"Marseille Vieux-Port","Seller_22","Smartwatch",1138.65,1,26,NA,"Card",1138.65
2023-08-24,"Marseille Vieux-Port","Seller_3","Accessories",265.43,2,34,"F","Cash",530.86
2023-11-21,"Paris Centre","Seller_21","Smartphone",560.11,1,32,NA,"Card",560.11
2024-02-01,"Toulouse Capitole","Seller_12","Smartphone",313.58,1,27,"M","Card",313.58
2024-09-04,"Marseille Vieux-Port","Seller_22","Smartphone",1320.36,2,35,"M","Cash",2640.72
2023-11-30,"Toulouse Capitole","Seller_17","Laptop",227.57,1,35,"F","Card",227.57
2023-01-13,"Lyon Part-Dieu","Seller_6","Smartphone",1341.1,3,30,"F","Card",4023.3
2023-02-16,"Nice Promenade","Seller_11","Earbuds",705.36,1,45,"F","Card",705.36
2023-01-27,"Lyon Part-Dieu","Seller_6","Tablet",1147.5,1,45,"M","Card",1147.5
2024-04-02,"Lyon Part-Dieu","Seller_10","Tablet",264.75,1,43,"F","Card",264.75
2024-09-25,"Paris Centre","Seller_14","Tablet",846.25,2,49,"F","Card",1692.5
2023-05-19,"Paris Centre","Seller_1","Laptop",509.31,1,58,"F","Card",509.31
2024-04-29,"Toulouse Capitole","Seller_23","Smartphone",1383.9,2,38,"M","Card",2767.8
2024-04-25,"Lyon Part-Dieu","Seller_5","Smartphone",801.92,1,39,"F","Card",801.92
2024-08-26,"Marseille Vieux-Port","Seller_1","Earbuds",155.57,1,24,"F","Card",155.57
2023-03-30,"Toulouse Capitole","Seller_8","Tablet",71.64,3,38,"F","Card",214.92
2023-09-18,"Marseille Vieux-Port","Seller_3","Laptop",368.85,1,56,"M","Card",368.85
2024-12-03,"Lyon Part-Dieu","Seller_22","Smartphone",570.22,3,38,"M","Card",1710.66
2023-06-14,"Paris Centre","Seller_22","Smartphone",1100.25,3,42,"M","",3300.75
2023-08-20,"Marseille Vieux-Port","Seller_8","Tablet",1223.24,3,59,"F","Card",3669.72
2023-05-13,"Marseille Vieux-Port","Seller_1","Smartphone",655.06,1,35,"M","Cash",655.06
2023-09-25,"Toulouse Capitole","Seller_15","Laptop",100.45,1,29,"M","Card",100.45
2023-04-07,"Nice Promenade","Seller_22","Tablet",317.07,2,55,"M","Card",634.14
2024-01-26,"Nice Promenade","Seller_4","Tablet",174.59,1,36,"F","",174.59
2023-01-22,"Toulouse Capitole","Seller_22","Laptop",1172.29,1,49,"M","Card",1172.29
2024-12-05,"Marseille Vieux-Port","Seller_12","Tablet",206.12,1,31,"M","Card",206.12
2023-11-30,"Toulouse Capitole","Seller_19","Earbuds",722.47,2,35,NA,"Card",1444.94
2023-04-30,"Marseille Vieux-Port","Seller_20","Earbuds",453.47,3,51,"M","Card",1360.41
2024-03-04,"Paris Centre","Seller_25","Tablet",818.54,1,16,"M","Card",818.54
2024-02-24,"Toulouse Capitole","Seller_4","Smartphone",639.63,2,53,"F","Card",1279.26
2024-10-23,"Toulouse Capitole","Seller_12","Earbuds",649.16,1,25,NA,"Check",649.16
2023-01-02,"Lyon Part-Dieu","Seller_3","Accessories",814.74,2,42,"F","Cash",1629.48
2023-04-24,"Paris Centre","Seller_3","Smartphone",950.95,2,46,"M","Card",1901.9
2023-09-01,"Nice Promenade","Seller_23","Smartphone",396.11,5,28,"M","Card",1980.55
2024-10-03,"Nice Promenade","Seller_18","Smartphone",221.32,1,26,"F","Cash",221.32
2024-08-01,"Nice Promenade","Seller_2","Smartphone",1299.24,1,50,"M","Card",1299.24
2023-12-17,"Marseille Vieux-Port","Seller_6","Smartphone",840.93,2,28,"F","Card",1681.86
2023-11-22,"Toulouse Capitole","Seller_14","Tablet",512.93,3,57,"F","Card",1538.79
2023-09-02,"Lyon Part-Dieu","Seller_16","Smartphone",741.94,4,37,"F","Card",2967.76
2023-09-15,"Marseille Vieux-Port","Seller_11","Smartphone",521.28,1,43,"M","Card",521.28
2024-02-26,"Toulouse Capitole","Seller_24","Earbuds",1312.64,1,30,"F","Cash",1312.64
2023-04-26,"Toulouse Capitole","Seller_12","Smartphone",479.6,2,38,"M","Card",959.2
2024-05-15,"Lyon Part-Dieu","Seller_1","Laptop",322.67,2,40,"F","Card",645.34
2024-08-19,"Lyon Part-Dieu","Seller_6","Smartphone",242.01,1,36,"M","Card",242.01
2023-07-04,"Paris Centre","Seller_21","Smartphone",1330.55,1,16,"F","Card",1330.55
2023-06-18,"Marseille Vieux-Port","Seller_21","Smartphone",1417.07,1,49,NA,"Card",1417.07
2023-09-04,"Marseille Vieux-Port","Seller_18","Earbuds",677.49,2,37,"F","Card",1354.98
2023-06-14,"Toulouse Capitole","Seller_21","Smartphone",1049.3,1,46,"M","Check",1049.3
2024-12-01,"Toulouse Capitole","Seller_16","Tablet",1353.62,1,40,NA,"Card",1353.62
2024-01-09,"Lyon Part-Dieu","Seller_22","Tablet",463.82,2,62,"F","",927.64
2023-04-21,"Marseille Vieux-Port","Seller_12","Smartphone",1208.56,1,31,"F","Card",1208.56
2024-06-10,"Nice Promenade","Seller_15","Laptop",1138.28,1,32,"F","Card",1138.28
2024-09-30,"Nice Promenade","Seller_22","Smartphone",745.47,1,31,"M","Card",745.47
2024-10-26,"Paris Centre","Seller_4","Smartphone",68.18,3,40,NA,"Card",204.54
2023-05-17,"Paris Centre","Seller_24","Earbuds",1180.1,1,33,"F","Card",1180.1
2023-04-07,"Marseille Vieux-Port","Seller_4","Smartphone",1359.03,1,24,"F","Card",1359.03
2024-06-15,"Marseille Vieux-Port","Seller_23","Earbuds",1376,1,26,"F","Cash",1376
2024-04-10,"Paris Centre","Seller_10","Laptop",1023.08,4,49,"M","Card",4092.32
2023-01-06,"Toulouse Capitole","Seller_5","Tablet",899.17,1,36,"F","Card",899.17
2024-02-12,"Paris Centre","Seller_14","Smartphone",1090.59,1,27,"M","Card",1090.59
2023-10-11,"Marseille Vieux-Port","Seller_10","Accessories",151.75,1,47,"F","Cash",151.75
2023-08-24,"Paris Centre","Seller_19","Laptop",1039.13,1,60,"F","Card",1039.13
2024-06-23,"Toulouse Capitole","Seller_21","Tablet",245.11,4,39,"M","Card",980.44
2023-08-04,"Toulouse Capitole","Seller_18","Smartwatch",436.23,2,50,"M","Check",872.46
2024-10-31,"Lyon Part-Dieu","Seller_18","Laptop",159.17,4,39,"F","Cash",636.68
2024-11-08,"Lyon Part-Dieu","Seller_20","Laptop",634.17,1,48,NA,"Card",634.17
2024-12-15,"Marseille Vieux-Port","Seller_10","Earbuds",680.24,2,39,"M","Card",1360.48
2023-01-02,"Lyon Part-Dieu","Seller_18","Tablet",1429.28,2,40,"M","Card",2858.56
2023-12-20,"Toulouse Capitole","Seller_10","Smartphone",112.9,1,42,"M","Cash",112.9
2024-04-04,"Toulouse Capitole","Seller_19","Earbuds",982.03,2,43,NA,"Card",1964.06
2023-01-06,"Lyon Part-Dieu","Seller_11","Laptop",669.03,2,41,"M","Card",1338.06
2023-01-19,"Marseille Vieux-Port","Seller_2","Smartphone",578.06,1,43,NA,"Card",578.06
2023-03-10,"Toulouse Capitole","Seller_12","Smartphone",704.43,3,36,"M","Card",2113.29
2023-01-30,"Toulouse Capitole","Seller_3","Laptop",754.61,1,56,"M","Card",754.61
2024-03-14,"Toulouse Capitole","Seller_3","Smartphone",1309.41,2,28,"M","Card",2618.82
2023-05-25,"Nice Promenade","Seller_24","Tablet",539.01,1,36,"F","Card",539.01
2024-10-30,"Toulouse Capitole","Seller_22","Laptop",959.35,2,41,"M","Check",1918.7
2024-12-06,"Marseille Vieux-Port","Seller_10","Smartphone",1134.39,1,40,"M","Card",1134.39
2023-08-26,"Lyon Part-Dieu","Seller_17","Laptop",1471.25,1,28,NA,"Card",1471.25
2023-02-15,"Toulouse Capitole","Seller_14","Tablet",1200.55,1,44,"F","Card",1200.55
2024-11-28,"Toulouse Capitole","Seller_6","Laptop",165,3,35,"F","Card",495
2023-01-05,"Nice Promenade","Seller_4","Laptop",1251.84,3,49,"F","Card",3755.52
2024-04-08,"Paris Centre","Seller_2","Laptop",723.64,4,58,"M","Cash",2894.56
2023-09-01,"Nice Promenade","Seller_6","Smartwatch",1047.49,4,52,"F","Card",4189.96
2024-01-05,"Marseille Vieux-Port","Seller_25","Tablet",982.83,1,25,NA,"Card",982.83
2024-06-01,"Nice Promenade","Seller_21","Laptop",478.82,1,31,"M","Card",478.82
2024-09-09,"Paris Centre","Seller_23","Smartphone",1370.53,5,26,"F","Card",6852.65
2023-11-08,"Marseille Vieux-Port","Seller_7","Laptop",68.58,1,34,"F","Card",68.58
2024-05-01,"Toulouse Capitole","Seller_7","Tablet",632.26,1,25,NA,"Cash",632.26
2024-01-03,"Paris Centre","Seller_10","Tablet",1461.85,1,28,"M","Card",1461.85
2023-06-25,"Lyon Part-Dieu","Seller_8","Earbuds",128.48,5,22,"M","Card",642.4
2023-08-23,"Lyon Part-Dieu","Seller_11","Smartphone",1109.46,1,16,"M","Card",1109.46
2024-01-15,"Toulouse Capitole","Seller_25","Tablet",279.41,1,41,"F","Card",279.41
2024-12-04,"Toulouse Capitole","Seller_20","Earbuds",785.12,2,34,"M","Card",1570.24
2024-07-04,"Paris Centre","Seller_24","Tablet",797.97,1,27,"M","Check",797.97
2024-12-28,"Lyon Part-Dieu","Seller_8","Laptop",1453.85,1,49,"F","Card",1453.85
2023-09-22,"Paris Centre","Seller_3","Earbuds",839.35,1,36,"F","Card",839.35
2023-03-07,"Lyon Part-Dieu","Seller_24","Laptop",1441.73,1,32,NA,"Card",1441.73
2024-05-07,"Toulouse Capitole","Seller_25","Tablet",288.33,3,22,"F","Check",864.99
2023-11-01,"Marseille Vieux-Port","Seller_23","Tablet",1213.61,2,24,NA,"Card",2427.22
2024-11-07,"Lyon Part-Dieu","Seller_8","Laptop",1100.73,2,42,"M","Cash",2201.46
2023-03-09,"Paris Centre","Seller_19","Smartphone",273.64,1,51,"F","Check",273.64
2023-09-10,"Marseille Vieux-Port","Seller_22","Smartwatch",1410.81,2,44,"M","Cash",2821.62
2023-06-01,"Lyon Part-Dieu","Seller_25","Tablet",834.54,3,50,"F","Card",2503.62
2024-12-18,"Paris Centre","Seller_1","Laptop",731.61,1,49,"M","Card",731.61
2024-10-22,"Paris Centre","Seller_18","Laptop",119.5,2,64,"F","Card",239
2023-04-08,"Marseille Vieux-Port","Seller_9","Tablet",271.49,1,41,"M","Card",271.49
2023-08-03,"Nice Promenade","Seller_22","Smartphone",578.64,2,26,"M","Check",1157.28
2024-11-22,"Nice Promenade","Seller_8","Laptop",342.43,1,19,"F","Card",342.43
2024-06-23,"Toulouse Capitole","Seller_14","Smartphone",1377.92,1,43,"M","Card",1377.92
2023-11-29,"Marseille Vieux-Port","Seller_11","Tablet",658.72,2,45,"F","Card",1317.44
2023-09-14,"Marseille Vieux-Port","Seller_12","Tablet",310.25,2,53,"F","Card",620.5
2023-10-28,"Lyon Part-Dieu","Seller_12","Tablet",806.17,1,44,"F","Card",806.17
2024-11-24,"Nice Promenade","Seller_14","Earbuds",538.18,2,22,"M","Card",1076.36
2023-10-20,"Toulouse Capitole","Seller_3","Tablet",1270.44,1,49,"F","Card",1270.44
2023-10-26,"Paris Centre","Seller_2","Smartphone",1493.05,2,30,"M","Card",2986.1
2024-08-19,"Paris Centre","Seller_25","Laptop",256.14,1,58,"F","Cash",256.14
2024-01-16,"Lyon Part-Dieu","Seller_16","Smartphone",82.86,1,31,"M","Card",82.86
2023-12-31,"Nice Promenade","Seller_20","Smartphone",245.74,1,19,"F","Card",245.74
2023-12-11,"Nice Promenade","Seller_14","Earbuds",874.38,1,63,"M","Card",874.38
2024-08-29,"Marseille Vieux-Port","Seller_20","Laptop",928.07,2,29,"M","Card",1856.14
2023-09-19,"Nice Promenade","Seller_25","Smartphone",418.79,1,30,"M","Card",418.79
2023-01-13,"Marseille Vieux-Port","Seller_22","Earbuds",1495.84,3,21,"F","Card",4487.52
2023-12-30,"Lyon Part-Dieu","Seller_3","Laptop",1300.25,1,38,"M","Cash",1300.25
2024-10-28,"Nice Promenade","Seller_14","Smartphone",281.22,2,39,"M","Check",562.44
2024-04-18,"Paris Centre","Seller_5","Laptop",708.64,1,26,"M","",708.64
2024-09-25,"Paris Centre","Seller_17","Accessories",317.26,1,16,"M","Card",317.26
2023-01-20,"Marseille Vieux-Port","Seller_15","Smartphone",363.22,1,33,"F","Cash",363.22
2024-07-12,"Nice Promenade","Seller_7","Laptop",1214.31,1,35,"F","Cash",1214.31
2023-12-05,"Toulouse Capitole","Seller_10","Smartphone",518.47,1,21,"F","Card",518.47
2023-10-30,"Marseille Vieux-Port","Seller_9","Laptop",218.37,1,32,"M","Card",218.37
2023-01-21,"Lyon Part-Dieu","Seller_15","Laptop",1301.04,2,27,"M","Card",2602.08
2023-02-23,"Nice Promenade","Seller_13","Smartphone",836.77,1,16,"F","Cash",836.77
2023-12-04,"Paris Centre","Seller_16","Smartphone",485.21,1,46,"F","Cash",485.21
2023-04-30,"Paris Centre","Seller_16","Smartwatch",389.44,1,31,"F","Card",389.44
2023-11-02,"Toulouse Capitole","Seller_16","Earbuds",1338.84,2,50,"M","",2677.68
2023-09-10,"Lyon Part-Dieu","Seller_20","Smartphone",1432.17,3,19,"M","Cash",4296.51
2024-12-07,"Nice Promenade","Seller_6","Tablet",1317.98,1,42,NA,"Card",1317.98
2024-08-27,"Nice Promenade","Seller_2","Tablet",907.03,1,29,"M","Card",907.03
2024-05-01,"Toulouse Capitole","Seller_1","Smartwatch",936.05,2,30,NA,"Card",1872.1
2023-04-24,"Paris Centre","Seller_21","Smartphone",255.38,1,40,"M","Check",255.38
2023-08-22,"Marseille Vieux-Port","Seller_25","Laptop",1415.05,5,38,"M","Card",7075.25
2024-12-28,"Nice Promenade","Seller_18","Laptop",437.01,2,22,"M","Card",874.02
2024-03-18,"Nice Promenade","Seller_16","Smartphone",1035.28,1,27,"F","Card",1035.28
2024-11-02,"Nice Promenade","Seller_10","Tablet",1045.19,2,32,"F","Check",2090.38
2023-02-11,"Paris Centre","Seller_24","Laptop",950.1,1,34,NA,"Card",950.1
2023-03-29,"Marseille Vieux-Port","Seller_12","Accessories",1067.25,1,28,"M","Cash",1067.25
2023-04-05,"Lyon Part-Dieu","Seller_23","Earbuds",73.65,3,49,"F","Check",220.95
2024-07-31,"Paris Centre","Seller_17","Tablet",163.51,1,44,"F","Check",163.51
2023-07-05,"Paris Centre","Seller_2","Smartphone",56.78,1,45,"F","Card",56.78
2024-04-22,"Marseille Vieux-Port","Seller_4","Smartphone",1389.73,2,26,"M","Card",2779.46
2023-10-21,"Lyon Part-Dieu","Seller_11","Laptop",1349.69,1,52,"F","Card",1349.69
2024-05-14,"Nice Promenade","Seller_22","Smartphone",278.86,1,32,"F","Card",278.86
2023-01-31,"Paris Centre","Seller_9","Earbuds",571.83,2,29,"F","",1143.66
2023-08-04,"Nice Promenade","Seller_2","Smartphone",1219.68,1,36,"F","Check",1219.68
2024-02-01,"Marseille Vieux-Port","Seller_6","Laptop",918.53,1,25,"F","Card",918.53
2023-10-11,"Lyon Part-Dieu","Seller_19","Smartwatch",918.72,1,56,"F","Card",918.72
2024-11-07,"Toulouse Capitole","Seller_20","Laptop",938.23,1,34,"F","Card",938.23
2023-07-15,"Lyon Part-Dieu","Seller_13","Accessories",1370.1,1,46,"M","Card",1370.1
2023-08-14,"Marseille Vieux-Port","Seller_7","Laptop",692.95,1,35,"M","Cash",692.95
2024-02-07,"Marseille Vieux-Port","Seller_16","Laptop",428.1,2,31,"M","Card",856.2
2023-03-04,"Nice Promenade","Seller_24","Tablet",1328.06,1,32,"M","Card",1328.06
2023-01-21,"Lyon Part-Dieu","Seller_11","Tablet",305.55,1,16,"M","Card",305.55
2023-07-24,"Marseille Vieux-Port","Seller_16","Smartphone",76.34,1,40,"M","Cash",76.34
2024-05-26,"Lyon Part-Dieu","Seller_13","Laptop",195.96,3,31,"M","Cash",587.88
2023-02-25,"Paris Centre","Seller_5","Smartphone",145.51,2,42,"M","Card",291.02
2023-04-26,"Marseille Vieux-Port","Seller_5","Laptop",602,2,16,NA,"Cash",1204
2023-11-29,"Lyon Part-Dieu","Seller_5","Laptop",459.17,1,28,"M","Card",459.17
2024-03-03,"Lyon Part-Dieu","Seller_22","Tablet",144.93,1,17,"M","Card",144.93
2023-06-12,"Marseille Vieux-Port","Seller_21","Laptop",988.71,3,52,"M","Card",2966.13
2024-03-06,"Marseille Vieux-Port","Seller_22","Tablet",517.43,1,38,"F","Card",517.43
2023-09-17,"Lyon Part-Dieu","Seller_13","Tablet",285.01,3,36,"M","",855.03
2023-04-20,"Lyon Part-Dieu","Seller_5","Smartphone",1107.33,3,32,"M","Cash",3321.99
2024-04-25,"Marseille Vieux-Port","Seller_21","Earbuds",1046.35,2,28,"M","",2092.7
2023-07-07,"Toulouse Capitole","Seller_12","Tablet",549.55,1,31,NA,"Card",549.55
2024-11-22,"Nice Promenade","Seller_12","Laptop",281.42,2,38,NA,"Cash",562.84
2023-01-31,"Lyon Part-Dieu","Seller_6","Smartphone",1051.63,1,16,"M","Card",1051.63
2024-11-18,"Lyon Part-Dieu","Seller_14","Smartphone",574.97,1,31,"F","Card",574.97
2023-11-10,"Lyon Part-Dieu","Seller_8","Laptop",87.84,2,40,"F","Card",175.68
2024-11-07,"Toulouse Capitole","Seller_13","Earbuds",755.31,1,39,"F","Card",755.31
2023-09-20,"Marseille Vieux-Port","Seller_9","Smartphone",243.07,1,48,"M","Card",243.07
2023-12-26,"Marseille Vieux-Port","Seller_15","Earbuds",294.55,1,43,"M","Card",294.55
2023-04-27,"Paris Centre","Seller_10","Earbuds",884.76,2,30,"M","Card",1769.52
2024-11-27,"Nice Promenade","Seller_10","Smartphone",1441.24,2,39,"F","Card",2882.48
2023-06-22,"Paris Centre","Seller_13","Smartphone",466.78,2,33,"F","Card",933.56
2024-03-13,"Lyon Part-Dieu","Seller_11","Smartphone",915.19,1,47,"F","Card",915.19
2023-08-13,"Lyon Part-Dieu","Seller_4","Smartphone",517.81,1,38,"F","Cash",517.81
2024-10-23,"Toulouse Capitole","Seller_16","Laptop",414.48,1,16,"F","Card",414.48
2023-12-09,"Lyon Part-Dieu","Seller_8","Smartwatch",552.78,1,45,"M","Card",552.78
2023-10-29,"Nice Promenade","Seller_11","Laptop",864.95,4,28,"F","Card",3459.8
2024-04-16,"Lyon Part-Dieu","Seller_1","Earbuds",373.61,2,39,NA,"Check",747.22
2023-04-26,"Nice Promenade","Seller_21","Tablet",1041.37,2,16,"M","Card",2082.74
2023-07-22,"Lyon Part-Dieu","Seller_9","Laptop",653.34,1,21,"F","Card",653.34
2024-04-18,"Nice Promenade","Seller_20","Tablet",300.32,3,22,"F","Card",900.96
2023-02-05,"Nice Promenade","Seller_13","Tablet",243.91,2,52,"F","Card",487.82
2023-05-10,"Lyon Part-Dieu","Seller_1","Earbuds",1120.51,1,24,"F","Card",1120.51
2024-05-11,"Paris Centre","Seller_1","Laptop",1261.49,1,43,"M","Card",1261.49
2024-10-16,"Marseille Vieux-Port","Seller_23","Laptop",636.25,1,40,"F","Card",636.25
2023-01-31,"Lyon Part-Dieu","Seller_12","Earbuds",298.86,2,44,"M","Cash",597.72
2024-12-09,"Marseille Vieux-Port","Seller_3","Laptop",894.77,1,17,"F","Card",894.77
2024-12-11,"Marseille Vieux-Port","Seller_14","Laptop",345.24,3,34,"M","Card",1035.72
2023-12-05,"Paris Centre","Seller_9","Earbuds",438.51,2,31,"F","Cash",877.02
2024-04-04,"Marseille Vieux-Port","Seller_13","Laptop",465.43,2,58,NA,"Card",930.86
2023-04-18,"Toulouse Capitole","Seller_9","Earbuds",1439.09,1,34,"F","Card",1439.09
2023-05-10,"Lyon Part-Dieu","Seller_2","Tablet",666.2,1,28,"F","Cash",666.2
2023-04-26,"Nice Promenade","Seller_21","Laptop",381.21,1,53,"F","Card",381.21
2023-05-31,"Toulouse Capitole","Seller_6","Tablet",1202.6,3,38,"M","Card",3607.8
2023-01-08,"Paris Centre","Seller_6","Tablet",665.02,1,30,"M","Card",665.02
2023-11-07,"Nice Promenade","Seller_14","Accessories",919.34,1,39,"F","",919.34
2024-02-05,"Paris Centre","Seller_2","Laptop",1404.31,1,26,"M","Check",1404.31
2023-08-22,"Marseille Vieux-Port","Seller_24","Laptop",180.79,1,21,"M","Card",180.79
2024-08-25,"Marseille Vieux-Port","Seller_13","Earbuds",1392.9,2,46,"F","Card",2785.8
2024-09-26,"Marseille Vieux-Port","Seller_24","Laptop",1457.92,1,30,"F","Card",1457.92
2024-05-17,"Marseille Vieux-Port","Seller_1","Smartphone",1353.63,2,39,"F","Card",2707.26
2024-06-02,"Toulouse Capitole","Seller_22","Smartphone",1312.83,2,30,"F","",2625.66
2023-08-14,"Lyon Part-Dieu","Seller_21","Smartphone",1122.38,1,35,"F","Card",1122.38
2023-07-31,"Paris Centre","Seller_2","Laptop",167.58,1,24,"M","Card",167.58
2024-07-29,"Nice Promenade","Seller_24","Smartphone",1471.32,3,74,NA,"Card",4413.96
2023-07-30,"Marseille Vieux-Port","Seller_3","Smartphone",1049.77,2,16,"M","Cash",2099.54
2023-11-04,"Paris Centre","Seller_16","Tablet",1263.35,1,25,"F","Card",1263.35
2023-12-12,"Paris Centre","Seller_2","Smartphone",888.68,1,54,"M","Card",888.68
2023-09-26,"Nice Promenade","Seller_14","Tablet",1178.02,2,48,NA,"Card",2356.04
2024-08-12,"Lyon Part-Dieu","Seller_21","Accessories",899.98,1,44,"F","Card",899.98
2023-10-18,"Nice Promenade","Seller_13","Tablet",1180.18,1,41,"M","Card",1180.18
2024-10-10,"Marseille Vieux-Port","Seller_17","Laptop",349.77,1,51,"M","Card",349.77
2023-09-11,"Marseille Vieux-Port","Seller_20","Tablet",536.44,2,42,"F","Card",1072.88
2024-02-10,"Toulouse Capitole","Seller_1","Smartphone",799.18,1,35,"F","Cash",799.18
2024-01-07,"Lyon Part-Dieu","Seller_19","Earbuds",1028.37,1,37,"M","Card",1028.37
2024-01-10,"Toulouse Capitole","Seller_4","Tablet",1497.76,2,26,"F","Card",2995.52
2023-10-22,"Paris Centre","Seller_15","Laptop",677.39,1,41,"F","Card",677.39
2024-01-12,"Paris Centre","Seller_15","Tablet",351.41,1,43,"M","Check",351.41
2024-08-14,"Lyon Part-Dieu","Seller_1","Laptop",434.57,1,37,"F","Card",434.57
2024-01-15,"Marseille Vieux-Port","Seller_3","Tablet",416.49,1,23,"F","Card",416.49
2024-06-30,"Nice Promenade","Seller_6","Laptop",425.2,2,44,"F","Check",850.4
2023-12-11,"Lyon Part-Dieu","Seller_21","Earbuds",647.29,1,50,"M","Card",647.29
2023-11-22,"Toulouse Capitole","Seller_13","Earbuds",625.73,4,51,NA,"Cash",2502.92
2023-03-27,"Lyon Part-Dieu","Seller_13","Laptop",1024.23,2,25,"F","Card",2048.46
2024-11-24,"Toulouse Capitole","Seller_10","Tablet",761.99,2,36,"F","Check",1523.98
2024-07-16,"Nice Promenade","Seller_3","Laptop",808.23,3,19,"M","Card",2424.69
2023-12-07,"Toulouse Capitole","Seller_11","Laptop",1399.27,2,19,"F","Cash",2798.54
2024-08-16,"Lyon Part-Dieu","Seller_20","Tablet",1466.22,2,39,"F","Cash",2932.44
2023-06-26,"Marseille Vieux-Port","Seller_23","Laptop",492.86,2,34,"M","Card",985.72
2024-10-03,"Nice Promenade","Seller_3","Tablet",67.96,1,42,"F","Card",67.96
2024-03-05,"Paris Centre","Seller_16","Earbuds",462.19,1,52,"F","Card",462.19
2024-03-12,"Nice Promenade","Seller_4","Smartphone",630.74,1,50,"M","Cash",630.74
2024-08-12,"Marseille Vieux-Port","Seller_1","Laptop",93.37,4,18,"M","Check",373.48
2024-08-23,"Nice Promenade","Seller_3","Smartphone",1241.67,1,58,"F","Card",1241.67
2024-05-08,"Nice Promenade","Seller_5","Smartphone",84.43,1,46,"M","Card",84.43
2024-11-29,"Nice Promenade","Seller_19","Smartphone",475.03,1,47,"M","Card",475.03
2024-02-15,"Lyon Part-Dieu","Seller_2","Earbuds",577.43,2,46,"M","Card",1154.86
2023-11-02,"Toulouse Capitole","Seller_5","Tablet",1011.34,2,36,"M","Card",2022.68
2024-06-13,"Marseille Vieux-Port","Seller_13","Smartphone",1259.37,3,43,"M","Card",3778.11
2024-02-02,"Toulouse Capitole","Seller_11","Laptop",810.45,1,34,NA,"",810.45
2024-08-04,"Paris Centre","Seller_6","Tablet",529.01,1,41,NA,"Card",529.01
2023-01-10,"Marseille Vieux-Port","Seller_19","Smartphone",891.24,2,35,"F","Card",1782.48
2023-09-29,"Lyon Part-Dieu","Seller_21","Laptop",368.92,1,35,"F","Card",368.92
2024-03-09,"Nice Promenade","Seller_22","Smartphone",573.5,4,40,"F","Card",2294
2024-07-02,"Toulouse Capitole","Seller_3","Earbuds",114.56,1,29,"M","Card",114.56
2023-03-16,"Nice Promenade","Seller_23","Smartphone",261.35,1,30,"F","Check",261.35
2023-08-04,"Lyon Part-Dieu","Seller_20","Tablet",1018.94,1,27,"M","Cash",1018.94
2023-09-15,"Nice Promenade","Seller_6","Laptop",1375.78,1,37,"F","Card",1375.78
2024-12-22,"Toulouse Capitole","Seller_11","Accessories",97.08,1,38,"M","Cash",97.08
2023-06-11,"Lyon Part-Dieu","Seller_4","Smartwatch",1317.01,1,40,"F","Cash",1317.01
2023-10-29,"Marseille Vieux-Port","Seller_20","Smartphone",779.11,1,54,"F","Cash",779.11
2024-05-24,"Marseille Vieux-Port","Seller_20","Earbuds",1142.1,3,57,"M","Cash",3426.3
2024-10-20,"Nice Promenade","Seller_21","Laptop",836.54,2,39,"F","Check",1673.08
2023-10-01,"Toulouse Capitole","Seller_25","Laptop",1106.55,1,50,"M","Card",1106.55
2024-07-16,"Marseille Vieux-Port","Seller_13","Tablet",1412.11,1,24,"M","Card",1412.11
2023-03-13,"Marseille Vieux-Port","Seller_9","Laptop",148.24,1,59,"M","",148.24
2023-05-16,"Lyon Part-Dieu","Seller_15","Laptop",55.6,1,32,"F","Check",55.6
2024-02-29,"Lyon Part-Dieu","Seller_11","Tablet",244.45,1,38,"F","Card",244.45
2023-04-12,"Toulouse Capitole","Seller_24","Smartphone",1234.93,3,44,"F","Check",3704.79
2023-10-05,"Nice Promenade","Seller_19","Smartphone",900.5,3,54,"M","Card",2701.5
2024-06-22,"Lyon Part-Dieu","Seller_3","Earbuds",1051.53,1,32,"M","Card",1051.53
2024-12-19,"Nice Promenade","Seller_12","Tablet",805,1,48,"F","",805
2023-06-19,"Marseille Vieux-Port","Seller_17","Laptop",1004.55,1,43,"F","Cash",1004.55
2023-03-29,"Lyon Part-Dieu","Seller_19","Smartphone",261.05,4,37,"M","Check",1044.2
2023-05-19,"Paris Centre","Seller_7","Laptop",1417.15,2,42,"F","Check",2834.3
2024-12-06,"Lyon Part-Dieu","Seller_24","Laptop",686.44,1,30,"F","Card",686.44
2023-11-05,"Nice Promenade","Seller_21","Laptop",1156.93,4,50,"M","Card",4627.72
2023-11-21,"Paris Centre","Seller_3","Laptop",564.31,3,40,"F","Card",1692.93
2024-09-10,"Toulouse Capitole","Seller_19","Tablet",941.66,1,35,"F","Check",941.66
2024-07-13,"Marseille Vieux-Port","Seller_3","Laptop",739.28,1,19,"F","Cash",739.28
2024-04-04,"Toulouse Capitole","Seller_25","Laptop",908.98,2,45,"M","Card",1817.96
2024-10-04,"Marseille Vieux-Port","Seller_25","Smartphone",358.63,2,57,"F","Card",717.26
2024-02-07,"Marseille Vieux-Port","Seller_14","Tablet",1248.45,1,18,"M","Card",1248.45
2023-03-29,"Nice Promenade","Seller_8","Tablet",870.69,4,28,"F","Card",3482.76
2023-05-11,"Lyon Part-Dieu","Seller_5","Tablet",1113.38,1,34,"M","Cash",1113.38
2023-10-02,"Paris Centre","Seller_5","Smartphone",694,1,27,"F","Card",694
2024-09-07,"Marseille Vieux-Port","Seller_9","Smartphone",1077.73,1,40,NA,"Card",1077.73
2023-09-15,"Lyon Part-Dieu","Seller_13","Accessories",439.09,1,16,"M","Card",439.09
2024-09-10,"Lyon Part-Dieu","Seller_21","Tablet",890.37,1,19,"F","Cash",890.37
2024-10-23,"Lyon Part-Dieu","Seller_1","Tablet",922.12,5,37,"M","Cash",4610.6
2024-03-10,"Nice Promenade","Seller_5","Smartphone",829.37,1,19,"M","Check",829.37
2023-03-15,"Lyon Part-Dieu","Seller_13","Earbuds",1130.98,1,37,"F","Cash",1130.98
2023-09-24,"Marseille Vieux-Port","Seller_14","Accessories",1407.4,1,16,"F","Card",1407.4
2024-03-29,"Lyon Part-Dieu","Seller_9","Laptop",229.64,1,30,"F","Card",229.64
2024-12-18,"Nice Promenade","Seller_25","Smartphone",478.92,1,50,"F","Card",478.92
2023-10-22,"Marseille Vieux-Port","Seller_15","Laptop",866.42,2,24,"F","Card",1732.84
2024-07-03,"Marseille Vieux-Port","Seller_21","Earbuds",943.67,1,39,"M","Cash",943.67
2024-09-06,"Paris Centre","Seller_8","Laptop",1273.65,1,34,"F","Card",1273.65
2024-10-05,"Marseille Vieux-Port","Seller_13","Tablet",978.49,5,54,"M","Card",4892.45
2023-01-06,"Lyon Part-Dieu","Seller_20","Tablet",664.14,2,46,"M","Card",1328.28
2023-06-08,"Lyon Part-Dieu","Seller_25","Earbuds",274.54,1,33,NA,"Card",274.54
2024-02-14,"Nice Promenade","Seller_25","Smartphone",1196.3,1,27,NA,"Cash",1196.3
2024-09-14,"Lyon Part-Dieu","Seller_15","Smartphone",446,1,44,"M","Card",446
2023-02-17,"Toulouse Capitole","Seller_7","Smartphone",605.8,5,27,"M","Check",3029
2024-09-22,"Lyon Part-Dieu","Seller_2","Smartphone",1428.12,1,34,"F","Card",1428.12
2024-11-12,"Paris Centre","Seller_21","Tablet",329.26,2,53,"F","Card",658.52
2023-03-06,"Toulouse Capitole","Seller_22","Laptop",289.98,1,28,"F","Card",289.98
2023-08-09,"Nice Promenade","Seller_4","Smartphone",1337.33,2,31,"M","Card",2674.66
2024-07-02,"Nice Promenade","Seller_5","Smartphone",549.8,1,30,"F","Card",549.8
2023-04-17,"Paris Centre","Seller_4","Smartphone",854.98,5,19,"M","Card",4274.9
2023-05-23,"Lyon Part-Dieu","Seller_13","Smartphone",1354.82,1,36,"M","Card",1354.82
2023-10-08,"Paris Centre","Seller_19","Earbuds",1242.69,1,41,"F","Cash",1242.69
2024-10-17,"Toulouse Capitole","Seller_10","Accessories",911.24,3,25,"M","Card",2733.72
2023-02-28,"Toulouse Capitole","Seller_9","Tablet",767.14,2,45,"M","Card",1534.28
2024-10-19,"Paris Centre","Seller_3","Laptop",973.68,2,29,NA,"Card",1947.36
2023-12-31,"Nice Promenade","Seller_14","Smartphone",855.48,2,51,NA,"Card",1710.96
2024-02-17,"Paris Centre","Seller_22","Smartphone",1360.7,2,30,"F","Cash",2721.4
2023-02-03,"Paris Centre","Seller_8","Smartphone",180.92,1,37,"M","Check",180.92
2023-12-31,"Marseille Vieux-Port","Seller_4","Tablet",218.01,1,36,"M","Card",218.01
2023-06-17,"Toulouse Capitole","Seller_10","Tablet",1112.58,2,50,"M","Card",2225.16
2024-02-03,"Paris Centre","Seller_22","Earbuds",216.8,2,38,"F","",433.6
2024-12-07,"Marseille Vieux-Port","Seller_14","Laptop",143.74,1,40,NA,"Cash",143.74
2024-01-21,"Nice Promenade","Seller_18","Tablet",NA,1,40,NA,"Card",NA
2023-09-27,"Paris Centre","Seller_10","Laptop",1498.43,4,32,"M","Card",5993.72
2024-12-22,"Paris Centre","Seller_10","Laptop",824.14,1,56,"F","",824.14
2024-11-23,"Marseille Vieux-Port","Seller_3","Smartphone",988.69,1,16,"F","Card",988.69
2023-04-14,"Lyon Part-Dieu","Seller_5","Tablet",1383.12,2,26,"M","Card",2766.24
2024-09-22,"Toulouse Capitole","Seller_9","Smartphone",54.25,3,33,"M","Card",162.75
2023-12-16,"Marseille Vieux-Port","Seller_23","Laptop",644.1,1,49,"F","Card",644.1
2023-09-05,"Marseille Vieux-Port","Seller_22","Accessories",716.55,1,27,"F","Card",716.55
2023-07-06,"Marseille Vieux-Port","Seller_17","Smartphone",430.01,1,50,"F","Card",430.01
2023-08-20,"Marseille Vieux-Port","Seller_18","Tablet",813.99,4,44,"M","Cash",3255.96
2023-04-04,"Toulouse Capitole","Seller_13","Tablet",93.24,1,33,"F","Card",93.24
2024-03-30,"Nice Promenade","Seller_17","Tablet",462.18,1,16,"M","Card",462.18
2024-12-22,"Toulouse Capitole","Seller_4","Laptop",74.3,2,33,"M","Cash",148.6
2024-09-07,"Toulouse Capitole","Seller_1","Smartphone",966.09,1,21,"F","",966.09
2024-12-25,"Paris Centre","Seller_15","Earbuds",188.81,1,20,"M","Cash",188.81
2023-11-09,"Marseille Vieux-Port","Seller_20","Earbuds",401.84,3,42,"F","Card",1205.52
2024-03-04,"Nice Promenade","Seller_18","Laptop",471.33,1,31,"M","Check",471.33
2024-06-22,"Lyon Part-Dieu","Seller_23","Smartwatch",1317.83,1,26,"M","Cash",1317.83
2024-09-06,"Marseille Vieux-Port","Seller_17","Smartwatch",990.75,2,32,"M","Card",1981.5
2024-10-11,"Lyon Part-Dieu","Seller_24","Tablet",784.97,3,49,"F","Card",2354.91
2024-06-06,"Toulouse Capitole","Seller_10","Smartwatch",552.88,2,28,NA,"Card",1105.76
2024-02-05,"Marseille Vieux-Port","Seller_22","Tablet",368.55,1,39,"M","Cash",368.55
2023-04-19,"Marseille Vieux-Port","Seller_24","Laptop",150.15,2,39,"M","Card",300.3
2023-12-18,"Nice Promenade","Seller_13","Smartphone",83.16,2,32,"M","Card",166.32
2024-08-26,"Lyon Part-Dieu","Seller_4","Smartphone",1141.02,3,36,"M","Card",3423.06
2023-10-18,"Marseille Vieux-Port","Seller_21","Earbuds",199.14,1,18,"F","Card",199.14
2023-05-28,"Marseille Vieux-Port","Seller_7","Laptop",1030.26,1,32,NA,"Card",1030.26
2024-10-02,"Marseille Vieux-Port","Seller_21","Smartphone",60.79,2,43,"F","Card",121.58
2023-11-22,"Toulouse Capitole","Seller_4","Smartwatch",985.92,1,37,"F","Check",985.92
2023-07-29,"Paris Centre","Seller_18","Smartphone",NA,1,24,"F","Card",NA
2024-09-01,"Paris Centre","Seller_11","Laptop",858.74,1,31,"M","Check",858.74
2024-07-19,"Toulouse Capitole","Seller_21","Earbuds",71,2,54,"F","Card",142
2023-07-10,"Nice Promenade","Seller_3","Accessories",1349.53,2,27,"F","Card",2699.06
2023-11-01,"Lyon Part-Dieu","Seller_19","Earbuds",83.89,1,36,"F","Card",83.89
2024-02-06,"Lyon Part-Dieu","Seller_13","Tablet",490.11,3,29,"F","Card",1470.33
2024-05-09,"Marseille Vieux-Port","Seller_12","Smartphone",800.39,3,17,NA,"Cash",2401.17
2023-01-15,"Toulouse Capitole","Seller_5","Earbuds",410.5,3,16,"F","Check",1231.5
2024-02-09,"Lyon Part-Dieu","Seller_9","Smartphone",1240.25,2,20,"M","Card",2480.5
2024-09-27,"Toulouse Capitole","Seller_19","Smartwatch",265.82,2,40,"F","Card",531.64
2023-07-31,"Toulouse Capitole","Seller_9","Smartwatch",942.69,1,48,"M","Card",942.69
2024-10-09,"Nice Promenade","Seller_12","Laptop",947.58,1,16,"F","Card",947.58
2023-05-16,"Marseille Vieux-Port","Seller_4","Earbuds",822.34,1,53,"F","Card",822.34
2024-01-16,"Toulouse Capitole","Seller_10","Tablet",1014.24,1,37,"F","Card",1014.24
2023-07-13,"Nice Promenade","Seller_4","Tablet",452.29,1,44,"F","Check",452.29
2024-12-15,"Toulouse Capitole","Seller_25","Smartphone",862.72,2,49,"F","Check",1725.44
2024-01-08,"Toulouse Capitole","Seller_12","Tablet",934.83,1,32,"M","Card",934.83
2023-01-03,"Toulouse Capitole","Seller_2","Laptop",69.78,2,42,"M","Card",139.56
2024-07-07,"Nice Promenade","Seller_19","Laptop",999.77,1,40,"M","Check",999.77
2023-09-15,"Nice Promenade","Seller_20","Laptop",1359.76,1,22,"M","Card",1359.76
2023-02-05,"Nice Promenade","Seller_23","Laptop",701.65,1,33,"F","Card",701.65
2023-01-19,"Marseille Vieux-Port","Seller_3","Smartphone",747.34,2,32,"F","Card",1494.68
2024-03-03,"Marseille Vieux-Port","Seller_9","Laptop",1442.36,2,17,"F","Cash",2884.72
2023-01-30,"Toulouse Capitole","Seller_18","Laptop",1361.99,3,41,NA,"Card",4085.97
2023-08-08,"Nice Promenade","Seller_11","Accessories",544.5,2,30,"M","Card",1089
2024-06-23,"Marseille Vieux-Port","Seller_22","Smartphone",643.78,1,52,"M","Card",643.78
2024-08-05,"Lyon Part-Dieu","Seller_10","Smartphone",128.86,1,50,"M","Card",128.86
2024-02-25,"Paris Centre","Seller_1","Smartphone",168.43,2,34,"F","Card",336.86
2024-02-15,"Lyon Part-Dieu","Seller_5","Tablet",289.89,3,36,"M","Card",869.67
2024-12-06,"Lyon Part-Dieu","Seller_16","Laptop",138.13,2,48,"M","Card",276.26
2023-02-02,"Toulouse Capitole","Seller_23","Tablet",954.06,2,36,"M","Card",1908.12
2024-02-20,"Paris Centre","Seller_7","Laptop",424.64,2,35,"F","Card",849.28
2023-02-17,"Marseille Vieux-Port","Seller_15","Tablet",642.59,1,43,"M","Check",642.59
2024-01-05,"Marseille Vieux-Port","Seller_20","Smartphone",1137.97,4,44,"F","Card",4551.88
2023-08-28,"Nice Promenade","Seller_1","Laptop",421.57,2,49,"M","Card",843.14
2024-02-18,"Marseille Vieux-Port","Seller_7","Laptop",708.06,2,48,"M","Card",1416.12
2023-03-15,"Lyon Part-Dieu","Seller_24","Smartphone",483.44,1,39,NA,"Card",483.44
2023-07-24,"Paris Centre","Seller_20","Earbuds",261.65,4,24,"M","Card",1046.6
2024-04-05,"Nice Promenade","Seller_3","Laptop",577.83,1,16,"M","Card",577.83
2023-07-25,"Nice Promenade","Seller_1","Smartphone",1300.56,2,19,"F","Card",2601.12
2023-04-16,"Nice Promenade","Seller_11","Earbuds",1354.1,2,30,NA,"Check",2708.2
2024-12-13,"Paris Centre","Seller_8","Laptop",1260.78,1,25,NA,"Cash",1260.78
2024-02-08,"Toulouse Capitole","Seller_17","Tablet",1160.56,3,33,NA,"Cash",3481.68
2023-12-06,"Paris Centre","Seller_16","Smartphone",853.59,2,41,"M","",1707.18
2024-04-15,"Toulouse Capitole","Seller_11","Smartwatch",1037.05,1,37,"M","Card",1037.05
2023-06-02,"Nice Promenade","Seller_6","Tablet",1315.35,1,31,"M","Card",1315.35
2023-03-17,"Marseille Vieux-Port","Seller_13","Smartphone",582.89,1,28,"M","Card",582.89
2023-12-11,"Nice Promenade","Seller_7","Smartphone",1086.8,4,36,"F","",4347.2
2024-10-01,"Toulouse Capitole","Seller_14","Earbuds",563.13,1,35,"M","Card",563.13
2024-12-07,"Marseille Vieux-Port","Seller_17","Smartphone",293.71,1,16,"M","Card",293.71
2024-03-13,"Paris Centre","Seller_17","Smartphone",685.22,1,19,"M","Card",685.22
2023-06-23,"Paris Centre","Seller_19","Laptop",496.64,1,28,"F","Cash",496.64
2024-04-12,"Nice Promenade","Seller_4","Tablet",1455.68,1,27,"M","Cash",1455.68
2024-05-05,"Lyon Part-Dieu","Seller_10","Tablet",270.86,1,32,"F","",270.86
2024-07-11,"Marseille Vieux-Port","Seller_21","Laptop",95.47,1,56,"F","Card",95.47
2023-11-08,"Paris Centre","Seller_9","Accessories",511.47,1,36,"M","Cash",511.47
2024-10-24,"Marseille Vieux-Port","Seller_4","Laptop",123.95,1,26,"M","Card",123.95
2023-03-08,"Marseille Vieux-Port","Seller_5","Laptop",726.45,3,41,"F","Card",2179.35
2024-05-12,"Lyon Part-Dieu","Seller_24","Laptop",1019.39,1,26,"M","Card",1019.39
2023-01-11,"Marseille Vieux-Port","Seller_11","Smartphone",510.1,1,34,"M","Check",510.1
2023-10-21,"Toulouse Capitole","Seller_21","Smartphone",484.61,2,35,"M","Cash",969.22
2024-01-03,"Marseille Vieux-Port","Seller_21","Laptop",868.59,1,28,"F","Card",868.59
2024-10-10,"Lyon Part-Dieu","Seller_16","Smartphone",1383.42,1,50,"M","Card",1383.42
2024-09-21,"Lyon Part-Dieu","Seller_23","Tablet",1288.21,1,42,"M","Card",1288.21
2024-10-28,"Paris Centre","Seller_4","Earbuds",354.54,1,27,"F","Check",354.54
2024-06-01,"Toulouse Capitole","Seller_21","Laptop",1204.37,1,26,"M","Card",1204.37
2024-08-11,"Lyon Part-Dieu","Seller_13","Earbuds",583.98,2,27,"M","Check",1167.96
2024-07-08,"Toulouse Capitole","Seller_6","Earbuds",748.95,2,20,NA,"Card",1497.9
2023-11-18,"Toulouse Capitole","Seller_12","Smartphone",450.84,3,53,"M","Card",1352.52
2023-04-09,"Toulouse Capitole","Seller_21","Laptop",357.43,1,43,"F","Card",357.43
2024-10-31,"Nice Promenade","Seller_20","Smartphone",777.81,2,23,"F","Card",1555.62
2023-02-27,"Paris Centre","Seller_24","Laptop",1382.59,1,22,"F","Card",1382.59
2024-12-20,"Nice Promenade","Seller_3","Smartphone",137.73,1,45,NA,"Card",137.73
2024-02-24,"Marseille Vieux-Port","Seller_19","Laptop",987.66,1,27,NA,"Card",987.66
2023-07-28,"Paris Centre","Seller_16","Tablet",614.81,2,22,"M","Card",1229.62
2023-08-08,"Lyon Part-Dieu","Seller_21","Smartphone",815.18,2,36,"F","Cash",1630.36
2023-04-05,"Paris Centre","Seller_17","Laptop",613.96,1,35,"M","Cash",613.96
2024-03-31,"Nice Promenade","Seller_6","Earbuds",404.74,2,25,"F","Cash",809.48
2024-10-27,"Paris Centre","Seller_21","Laptop",692.45,1,34,"F","Cash",692.45
2023-06-30,"Paris Centre","Seller_16","Smartphone",825.19,1,35,"F","Card",825.19
2023-08-11,"Toulouse Capitole","Seller_16","Earbuds",1484.23,2,30,"M","Card",2968.46
2024-05-18,"Toulouse Capitole","Seller_9","Earbuds",431.7,2,49,"F","Check",863.4
2024-12-08,"Nice Promenade","Seller_8","Laptop",1210.3,2,28,"F","Card",2420.6
2023-12-03,"Marseille Vieux-Port","Seller_10","Smartphone",307.72,1,23,"F","Card",307.72
2023-03-04,"Toulouse Capitole","Seller_7","Smartphone",1057.21,1,37,"F","Cash",1057.21
2024-10-20,"Marseille Vieux-Port","Seller_8","Smartwatch",314.25,2,52,"M","Cash",628.5
2024-12-30,"Lyon Part-Dieu","Seller_23","Laptop",483.14,2,24,NA,"Card",966.28
2023-11-11,"Lyon Part-Dieu","Seller_9","Earbuds",499.33,1,26,"M","Card",499.33
2023-01-26,"Nice Promenade","Seller_6","Smartphone",1176.42,2,49,"M","Check",2352.84
2024-02-17,"Nice Promenade","Seller_11","Tablet",935.52,1,28,NA,"Card",935.52
2023-03-10,"Lyon Part-Dieu","Seller_12","Laptop",893.59,3,46,"F","Card",2680.77
2024-08-08,"Paris Centre","Seller_15","Earbuds",742.52,4,46,"M","Cash",2970.08
2024-05-28,"Nice Promenade","Seller_3","Earbuds",1375.69,1,34,"F","Card",1375.69
2023-06-02,"Marseille Vieux-Port","Seller_11","Tablet",1413.39,1,67,"F","Card",1413.39
2024-09-17,"Paris Centre","Seller_10","Smartwatch",1086.24,1,27,"M","Cash",1086.24
2024-10-08,"Toulouse Capitole","Seller_17","Earbuds",842.92,1,44,"F","Cash",842.92
2024-01-18,"Paris Centre","Seller_17","Laptop",563.35,2,16,"M","Card",1126.7
2023-02-12,"Toulouse Capitole","Seller_9","Laptop",1337.71,1,63,"F","Card",1337.71
2023-02-21,"Nice Promenade","Seller_1","Laptop",669.33,1,53,"F","Cash",669.33
2023-01-03,"Toulouse Capitole","Seller_19","Smartphone",602.7,2,47,"F","",1205.4
2023-03-11,"Nice Promenade","Seller_14","Smartphone",1134.78,1,33,"M","Card",1134.78
2024-02-02,"Lyon Part-Dieu","Seller_21","Tablet",1365.98,3,19,"M","Card",4097.94
2024-10-22,"Paris Centre","Seller_14","Laptop",233.73,1,28,"M","Cash",233.73
2024-02-07,"Lyon Part-Dieu","Seller_5","Accessories",1357.19,2,46,"F","Cash",2714.38
2024-05-02,"Paris Centre","Seller_9","Smartphone",947.24,1,27,"M","Check",947.24
2023-06-03,"Nice Promenade","Seller_13","Laptop",1148.44,3,44,"M","Check",3445.32
2024-02-01,"Lyon Part-Dieu","Seller_8","Smartphone",762.93,1,24,"F","Card",762.93
2024-12-20,"Toulouse Capitole","Seller_5","Smartphone",845.56,1,38,"F","Cash",845.56
2023-12-31,"Lyon Part-Dieu","Seller_16","Tablet",276.19,1,42,"F","",276.19
2023-06-09,"Nice Promenade","Seller_20","Earbuds",786.78,4,21,"M","Card",3147.12
2024-03-29,"Lyon Part-Dieu","Seller_6","Tablet",441.6,3,50,"M","Card",1324.8
2024-11-16,"Toulouse Capitole","Seller_14","Laptop",545.67,1,46,NA,"Check",545.67
2024-10-04,"Nice Promenade","Seller_14","Tablet",73.68,1,43,NA,"Card",73.68
2023-08-14,"Toulouse Capitole","Seller_25","Smartphone",876.59,1,27,"F","Card",876.59
2023-03-16,"Paris Centre","Seller_15","Laptop",918.77,1,29,"M","Card",918.77
2023-06-04,"Lyon Part-Dieu","Seller_7","Smartphone",1409.57,1,50,"F","Card",1409.57
2023-02-07,"Toulouse Capitole","Seller_19","Laptop",1102.7,1,46,"M","Card",1102.7
2023-04-16,"Lyon Part-Dieu","Seller_7","Smartphone",878.94,1,41,"M","Card",878.94
2024-06-16,"Lyon Part-Dieu","Seller_3","Smartphone",1335.91,2,31,"F","Card",2671.82
2023-01-31,"Lyon Part-Dieu","Seller_8","Tablet",1038.18,2,47,NA,"Cash",2076.36
2024-06-01,"Lyon Part-Dieu","Seller_6","Laptop",283.45,1,47,"M","Card",283.45
2023-10-24,"Lyon Part-Dieu","Seller_21","Smartphone",1142.83,1,19,"M","Card",1142.83
2023-08-07,"Marseille Vieux-Port","Seller_4","Laptop",264.04,1,43,"F","",264.04
2023-11-26,"Paris Centre","Seller_4","Laptop",411.81,1,42,"M","Card",411.81
2023-05-16,"Toulouse Capitole","Seller_13","Smartphone",1375.85,2,54,"F","Card",2751.7
2024-07-16,"Nice Promenade","Seller_24","Tablet",1019.7,1,20,"F","Card",1019.7
2024-09-07,"Toulouse Capitole","Seller_1","Earbuds",112.17,3,30,NA,"Card",336.51
2024-04-27,"Toulouse Capitole","Seller_18","Tablet",1268.63,2,26,"M","Card",2537.26
2023-10-11,"Toulouse Capitole","Seller_19","Smartphone",1137.54,1,34,"F","Cash",1137.54
2023-10-03,"Toulouse Capitole","Seller_6","Tablet",73.36,1,47,"M","",73.36
2024-04-30,"Nice Promenade","Seller_3","Laptop",1485.13,1,43,"M","",1485.13
2024-12-23,"Toulouse Capitole","Seller_8","Tablet",189,2,28,"M","Cash",378
2023-04-17,"Lyon Part-Dieu","Seller_17","Smartwatch",1254.02,2,35,"M","Card",2508.04
2024-03-26,"Toulouse Capitole","Seller_5","Smartphone",1421.9,3,22,"M","Cash",4265.7
2024-11-29,"Paris Centre","Seller_4","Smartwatch",662.46,3,24,"F","Card",1987.38
2024-08-03,"Marseille Vieux-Port","Seller_20","Smartphone",1484.01,2,44,"M","Card",2968.02
2023-05-07,"Marseille Vieux-Port","Seller_25","Earbuds",1462.35,1,39,"M","Card",1462.35
2023-02-12,"Paris Centre","Seller_9","Smartphone",786.93,2,31,"M","Card",1573.86
2024-05-15,"Marseille Vieux-Port","Seller_11","Laptop",1206.64,1,55,"M","Card",1206.64
2023-04-21,"Nice Promenade","Seller_23","Earbuds",549.79,1,28,"F","Card",549.79
2024-08-03,"Lyon Part-Dieu","Seller_19","Smartphone",317.58,1,44,"M","Card",317.58
2023-05-28,"Lyon Part-Dieu","Seller_11","Tablet",462.19,1,51,"M","Card",462.19
2023-05-21,"Nice Promenade","Seller_22","Smartphone",1156,1,38,"M","Card",1156
2023-04-02,"Marseille Vieux-Port","Seller_4","Laptop",1259.91,1,33,"M","Cash",1259.91
2023-05-05,"Toulouse Capitole","Seller_18","Smartphone",1351.63,1,43,"F","Cash",1351.63
2024-07-08,"Toulouse Capitole","Seller_14","Laptop",NA,1,39,"F","Card",NA
2024-03-12,"Toulouse Capitole","Seller_22","Smartphone",1430.61,2,35,"F","Card",2861.22
2023-10-01,"Lyon Part-Dieu","Seller_20","Smartphone",832.25,1,26,"F","Card",832.25
2024-08-29,"Toulouse Capitole","Seller_10","Tablet",664.67,4,33,NA,"Card",2658.68
2024-09-15,"Paris Centre","Seller_24","Tablet",120.54,2,44,NA,"Card",241.08
2023-09-13,"Nice Promenade","Seller_23","Smartphone",1110.99,1,21,"F","Card",1110.99
2024-05-15,"Lyon Part-Dieu","Seller_16","Smartphone",1061.51,2,19,"M","Card",2123.02
2023-07-15,"Lyon Part-Dieu","Seller_24","Tablet",135.6,3,47,NA,"Card",406.8
2024-09-12,"Marseille Vieux-Port","Seller_22","Smartwatch",66.22,3,46,"F","Card",198.66
2024-04-20,"Paris Centre","Seller_23","Smartphone",750.47,1,30,"M","Cash",750.47
2024-11-28,"Lyon Part-Dieu","Seller_3","Tablet",287.01,1,53,"F","",287.01
2024-05-28,"Paris Centre","Seller_16","Tablet",1361.24,1,36,"M","Card",1361.24
2024-12-24,"Toulouse Capitole","Seller_10","Laptop",228.26,1,52,"M","Card",228.26
2023-01-15,"Marseille Vieux-Port","Seller_14","Laptop",1376.26,2,40,"M","Cash",2752.52
2024-12-16,"Toulouse Capitole","Seller_12","Smartphone",466.7,1,32,"F","Card",466.7
2023-08-11,"Nice Promenade","Seller_11","Smartphone",57.31,1,30,"F","Card",57.31
2023-04-26,"Lyon Part-Dieu","Seller_11","Tablet",120.95,1,21,"F","Card",120.95
2023-07-12,"Paris Centre","Seller_17","Smartphone",1496.01,2,34,"F","Cash",2992.02
2023-07-09,"Nice Promenade","Seller_9","Smartphone",1294.77,1,27,"F","Card",1294.77
2024-01-31,"Lyon Part-Dieu","Seller_22","Laptop",160.13,1,32,"F","Card",160.13
2024-10-26,"Toulouse Capitole","Seller_1","Earbuds",602.9,2,33,"F","Card",1205.8
2023-02-28,"Toulouse Capitole","Seller_21","Laptop",107.15,2,28,"F","Card",214.3
2023-08-16,"Paris Centre","Seller_5","Tablet",1304.61,2,53,"F","Cash",2609.22
2023-08-27,"Toulouse Capitole","Seller_3","Tablet",1024.89,1,52,"M","Card",1024.89
2024-03-02,"Toulouse Capitole","Seller_24","Laptop",1359.74,1,36,"M","Card",1359.74
2023-05-11,"Lyon Part-Dieu","Seller_9","Tablet",513.99,1,45,"M","",513.99
2023-07-26,"Nice Promenade","Seller_22","Tablet",665.49,2,16,"M","Cash",1330.98
2024-09-28,"Nice Promenade","Seller_12","Smartphone",716.83,2,41,NA,"Card",1433.66
2024-10-09,"Paris Centre","Seller_4","Laptop",1125.76,5,22,"M","Card",5628.8
2024-08-06,"Marseille Vieux-Port","Seller_17","Laptop",484.66,2,19,"F","Card",969.32
2024-07-13,"Nice Promenade","Seller_19","Smartphone",1073.37,1,42,"F","Card",1073.37
2023-11-30,"Nice Promenade","Seller_2","Earbuds",297.85,3,25,"M","Card",893.55
2023-05-12,"Paris Centre","Seller_9","Earbuds",335.32,2,26,"M","Card",670.64
2023-12-27,"Lyon Part-Dieu","Seller_18","Smartphone",725.06,1,16,"F","Cash",725.06
2023-07-28,"Toulouse Capitole","Seller_19","Smartphone",1129.22,1,17,NA,"Card",1129.22
2023-01-28,"Marseille Vieux-Port","Seller_11","Smartphone",1288.09,3,33,"M","Cash",3864.27
2024-04-16,"Toulouse Capitole","Seller_8","Earbuds",550.2,1,44,"M","Check",550.2
2023-05-20,"Lyon Part-Dieu","Seller_19","Earbuds",690.99,1,41,"F","Card",690.99
2023-03-17,"Nice Promenade","Seller_12","Earbuds",335.37,1,22,"F","Card",335.37
2023-02-27,"Lyon Part-Dieu","Seller_23","Smartphone",229.29,2,26,"F","Card",458.58
2023-01-03,"Lyon Part-Dieu","Seller_11","Tablet",789.38,2,48,"F","Card",1578.76
2023-09-04,"Paris Centre","Seller_14","Earbuds",345.12,1,54,NA,"Card",345.12
2024-08-31,"Nice Promenade","Seller_22","Laptop",575.82,2,18,NA,"Card",1151.64
2023-09-26,"Toulouse Capitole","Seller_2","Earbuds",1323.09,2,35,"M","Cash",2646.18
2024-09-05,"Lyon Part-Dieu","Seller_13","Smartphone",237.24,2,40,"F","Cash",474.48
2024-04-27,"Paris Centre","Seller_11","Tablet",81.47,1,18,NA,"Check",81.47
2024-03-26,"Toulouse Capitole","Seller_5","Smartphone",1370.08,3,57,"M","Card",4110.24
2024-10-31,"Lyon Part-Dieu","Seller_7","Smartphone",928.75,2,49,"M","Check",1857.5
2024-09-04,"Paris Centre","Seller_23","Smartwatch",1333.01,1,33,"M","Card",1333.01
2024-10-19,"Lyon Part-Dieu","Seller_21","Earbuds",243.38,4,25,"F","Card",973.52
2024-04-25,"Nice Promenade","Seller_6","Laptop",1085.49,2,39,"M","Card",2170.98
2023-03-03,"Nice Promenade","Seller_3","Laptop",902.48,2,39,"F","Cash",1804.96
2023-06-26,"Paris Centre","Seller_19","Laptop",197.32,2,42,"F","Card",394.64
2023-01-11,"Marseille Vieux-Port","Seller_1","Tablet",1386.82,1,26,"M","Cash",1386.82
2023-01-05,"Marseille Vieux-Port","Seller_8","Laptop",1380.51,1,37,"M","Card",1380.51
2024-11-05,"Marseille Vieux-Port","Seller_7","Accessories",100.27,2,60,"M","Card",200.54
2024-08-05,"Lyon Part-Dieu","Seller_2","Smartphone",1110.39,3,27,"F","Card",3331.17
2024-04-20,"Lyon Part-Dieu","Seller_20","Earbuds",1056.12,1,30,"F","Card",1056.12
2023-09-06,"Lyon Part-Dieu","Seller_8","Laptop",897.81,2,54,NA,"Card",1795.62
2023-10-27,"Marseille Vieux-Port","Seller_19","Tablet",572.75,1,39,"M","Card",572.75
2024-10-20,"Paris Centre","Seller_2","Tablet",271.53,2,20,NA,"Cash",543.06
2024-06-25,"Toulouse Capitole","Seller_5","Tablet",724.26,1,51,"F","Card",724.26
2023-02-19,"Lyon Part-Dieu","Seller_23","Smartphone",1149.66,1,34,"F","Card",1149.66
2024-12-19,"Nice Promenade","Seller_12","Smartphone",889.23,1,36,"F","Card",889.23
2024-05-20,"Marseille Vieux-Port","Seller_24","Smartphone",551.81,1,34,"F","Card",551.81
2024-09-28,"Marseille Vieux-Port","Seller_18","Tablet",399.7,1,29,"M","Card",399.7
2023-06-10,"Toulouse Capitole","Seller_18","Tablet",724.4,1,53,"M","Card",724.4
2024-04-21,"Toulouse Capitole","Seller_8","Earbuds",1078.63,1,31,NA,"Check",1078.63
2023-02-22,"Paris Centre","Seller_3","Smartphone",1308.39,2,42,"M","Cash",2616.78
2024-06-27,"Paris Centre","Seller_3","Tablet",394.4,1,37,"F","Card",394.4
2024-04-30,"Nice Promenade","Seller_8","Laptop",1419.25,1,44,"F","Card",1419.25
2023-12-02,"Toulouse Capitole","Seller_17","Earbuds",353.25,2,41,"M","Card",706.5
2024-11-22,"Paris Centre","Seller_13","Tablet",461.07,1,37,"F","Card",461.07
2023-04-25,"Toulouse Capitole","Seller_13","Accessories",902.22,3,31,"M","Card",2706.66
2023-10-02,"Paris Centre","Seller_14","Laptop",488.78,1,46,"M","Card",488.78
2024-09-29,"Marseille Vieux-Port","Seller_2","Smartphone",703.06,1,41,"M","Card",703.06
2024-08-02,"Toulouse Capitole","Seller_14","Smartphone",236.62,1,52,"F","Cash",236.62
2024-04-21,"Lyon Part-Dieu","Seller_12","Laptop",1302.41,2,17,"F","Card",2604.82
2024-12-23,"Nice Promenade","Seller_3","Earbuds",703.82,1,28,"M","Card",703.82
2024-03-15,"Paris Centre","Seller_10","Earbuds",409.81,1,48,"M","Card",409.81
2024-12-12,"Marseille Vieux-Port","Seller_14","Smartphone",258.66,2,30,"M","Cash",517.32
2023-07-16,"Paris Centre","Seller_4","Laptop",1251.23,1,47,"F","Card",1251.23
2024-06-09,"Nice Promenade","Seller_5","Earbuds",603.11,1,40,"M","Card",603.11
2023-12-02,"Toulouse Capitole","Seller_23","Accessories",942.43,2,42,"F","Cash",1884.86
2024-10-29,"Marseille Vieux-Port","Seller_5","Laptop",114.31,2,39,"M","Card",228.62
2023-06-29,"Marseille Vieux-Port","Seller_19","Tablet",1458.93,3,33,"M","Card",4376.79
2024-04-25,"Marseille Vieux-Port","Seller_24","Earbuds",696.1,3,36,"F","Card",2088.3
2023-11-21,"Nice Promenade","Seller_23","Smartphone",1359.67,2,44,"M","Cash",2719.34
2024-01-31,"Nice Promenade","Seller_4","Laptop",207.23,1,37,"M","Cash",207.23
2024-09-08,"Paris Centre","Seller_22","Laptop",475.89,4,32,"M","Cash",1903.56
2024-08-15,"Lyon Part-Dieu","Seller_25","Accessories",403.69,1,29,NA,"Check",403.69
2023-09-18,"Paris Centre","Seller_6","Smartphone",632.11,2,35,"M","Card",1264.22
2023-08-27,"Lyon Part-Dieu","Seller_23","Laptop",676.66,3,35,"M","Card",2029.98
2023-05-18,"Nice Promenade","Seller_8","Tablet",1372.98,4,19,"F","Card",5491.92
2023-02-07,"Toulouse Capitole","Seller_23","Smartphone",347.41,1,54,"F","Card",347.41
2023-07-31,"Paris Centre","Seller_17","Accessories",245.09,1,44,"M","Card",245.09
2023-09-19,"Nice Promenade","Seller_24","Smartphone",339.62,3,25,"M","Card",1018.86
2023-10-13,"Toulouse Capitole","Seller_16","Laptop",336.24,1,47,"F","Card",336.24
2024-07-25,"Toulouse Capitole","Seller_10","Earbuds",NA,2,35,NA,"Cash",NA
2024-08-02,"Nice Promenade","Seller_11","Accessories",1244.07,3,40,"F","Card",3732.21
2023-02-02,"Toulouse Capitole","Seller_2","Laptop",222.28,2,27,"M","Card",444.56
2024-06-17,"Paris Centre","Seller_16","Smartphone",950.78,1,27,NA,"Card",950.78
2024-03-21,"Marseille Vieux-Port","Seller_16","Tablet",881.87,1,18,"M","Card",881.87
2023-10-02,"Toulouse Capitole","Seller_7","Tablet",708.8,1,48,"M","Card",708.8
2024-07-05,"Lyon Part-Dieu","Seller_14","Laptop",1431.84,2,24,"M","Card",2863.68
2023-12-11,"Toulouse Capitole","Seller_11","Smartphone",611.87,2,37,"F","Card",1223.74
2024-01-19,"Lyon Part-Dieu","Seller_8","Tablet",379.59,2,48,"F","Card",759.18
2024-05-28,"Lyon Part-Dieu","Seller_4","Earbuds",404,1,16,"M","Card",404
2024-06-06,"Marseille Vieux-Port","Seller_14","Laptop",481.28,5,54,"F","Card",2406.4
2023-05-07,"Lyon Part-Dieu","Seller_3","Laptop",739.24,1,20,"M","Card",739.24
2024-04-01,"Paris Centre","Seller_16","Smartwatch",216.07,2,35,"M","Card",432.14
2023-07-28,"Toulouse Capitole","Seller_8","Earbuds",1140.86,2,19,"F","Card",2281.72
2024-03-17,"Nice Promenade","Seller_22","Tablet",58.3,1,38,"M","Cash",58.3
2023-12-12,"Paris Centre","Seller_24","Tablet",1203.92,1,41,"M","Card",1203.92
2023-04-03,"Marseille Vieux-Port","Seller_10","Smartphone",1287.49,1,29,"F","Card",1287.49
2023-04-05,"Lyon Part-Dieu","Seller_1","Accessories",442.71,1,32,"F","Card",442.71
2024-02-18,"Nice Promenade","Seller_2","Earbuds",739.03,1,21,"F","Check",739.03
2023-06-16,"Marseille Vieux-Port","Seller_2","Smartphone",1433.6,3,53,"M","Card",4300.8
2024-11-23,"Lyon Part-Dieu","Seller_19","Tablet",1431.26,1,19,"M","Card",1431.26
2023-07-07,"Paris Centre","Seller_12","Smartphone",105.35,2,34,"F","Card",210.7
2023-10-19,"Paris Centre","Seller_19","Smartphone",1258.36,1,44,"F","Card",1258.36
2023-07-22,"Marseille Vieux-Port","Seller_7","Accessories",70.25,3,47,"M","Check",210.75
2024-11-28,"Nice Promenade","Seller_1","Smartphone",830.75,1,41,"F","Card",830.75
2024-03-25,"Paris Centre","Seller_8","Laptop",798.15,5,27,"F","",3990.75
2024-03-24,"Toulouse Capitole","Seller_20","Earbuds",1208.22,2,27,"F","Card",2416.44
2024-01-01,"Paris Centre","Seller_2","Laptop",426.77,1,25,"M","Card",426.77
2023-08-14,"Marseille Vieux-Port","Seller_24","Laptop",1121.4,1,26,"M","Cash",1121.4
2024-07-12,"Nice Promenade","Seller_19","Tablet",1346.3,1,47,"M","Card",1346.3
2024-02-03,"Marseille Vieux-Port","Seller_8","Smartphone",916.25,2,78,NA,"Card",1832.5
2023-03-31,"Paris Centre","Seller_24","Earbuds",740.54,3,34,"F","Card",2221.62
2023-05-07,"Lyon Part-Dieu","Seller_7","Tablet",758.22,2,37,"M","Card",1516.44
2024-09-27,"Lyon Part-Dieu","Seller_16","Laptop",247.2,1,29,"F","Cash",247.2
2023-04-20,"Marseille Vieux-Port","Seller_21","Tablet",1022.67,1,52,"F","Card",1022.67
2023-03-16,"Nice Promenade","Seller_13","Smartphone",1320.02,3,32,"F","Card",3960.06
2023-02-21,"Paris Centre","Seller_1","Laptop",780.05,1,53,"F","Card",780.05
2023-10-04,"Toulouse Capitole","Seller_5","Tablet",1043.42,3,23,"M","Card",3130.26
2023-07-23,"Marseille Vieux-Port","Seller_17","Smartphone",961.18,2,51,"M","Card",1922.36
2024-03-01,"Lyon Part-Dieu","Seller_13","Smartphone",1081.91,1,32,"F","Check",1081.91
2024-07-23,"Nice Promenade","Seller_10","Laptop",564.54,3,16,"F","Cash",1693.62
2023-06-12,"Toulouse Capitole","Seller_24","Accessories",1083.12,1,44,"M","Card",1083.12
2024-03-07,"Paris Centre","Seller_18","Tablet",88.11,2,25,"M","Card",176.22
2024-06-02,"Nice Promenade","Seller_16","Laptop",1425.64,4,38,"F","Card",5702.56
2023-06-22,"Marseille Vieux-Port","Seller_8","Smartphone",1394.58,1,40,"M","Card",1394.58
2023-03-10,"Marseille Vieux-Port","Seller_10","Smartphone",256.38,3,37,"M","Cash",769.14
2023-11-24,"Nice Promenade","Seller_10","Laptop",792.86,2,33,NA,"",1585.72
2024-04-04,"Paris Centre","Seller_21","Smartphone",598.62,1,40,"M","Card",598.62
2023-03-04,"Toulouse Capitole","Seller_4","Tablet",278.99,1,46,"F","Card",278.99
2024-01-10,"Marseille Vieux-Port","Seller_24","Laptop",413.37,1,28,"F","Card",413.37
2023-01-09,"Toulouse Capitole","Seller_4","Laptop",1489.06,1,46,"M","Card",1489.06
2024-02-23,"Nice Promenade","Seller_5","Laptop",1121.29,2,19,"F","Card",2242.58
2024-04-05,"Marseille Vieux-Port","Seller_24","Tablet",683.76,4,27,"F","Card",2735.04
2023-03-24,"Nice Promenade","Seller_17","Smartphone",171.76,1,31,"M","Card",171.76
2023-02-04,"Lyon Part-Dieu","Seller_5","Accessories",672.31,1,21,"M","Card",672.31
2024-07-05,"Paris Centre","Seller_12","Laptop",1116.99,1,28,"F","Check",1116.99
2024-12-10,"Nice Promenade","Seller_11","Tablet",1110.16,2,28,"M","Cash",2220.32
2023-11-18,"Toulouse Capitole","Seller_4","Smartphone",1035.19,1,51,"M","Card",1035.19
2024-09-05,"Lyon Part-Dieu","Seller_23","Earbuds",641.18,1,47,NA,"Card",641.18
2023-05-05,"Nice Promenade","Seller_7","Tablet",233.44,1,59,"M","Card",233.44
2023-01-03,"Marseille Vieux-Port","Seller_15","Smartphone",1288.95,2,32,"F","Card",2577.9
2024-12-05,"Lyon Part-Dieu","Seller_20","Earbuds",1294.87,2,40,"M","Card",2589.74
2024-10-06,"Marseille Vieux-Port","Seller_18","Laptop",1446.08,1,47,"M","Card",1446.08
2023-11-24,"Lyon Part-Dieu","Seller_19","Smartphone",1050.7,1,34,"F","Card",1050.7
2023-10-21,"Nice Promenade","Seller_11","Smartphone",975.67,1,49,"M","Card",975.67
2023-02-17,"Nice Promenade","Seller_8","Earbuds",126.68,1,31,"M","Card",126.68
2023-09-02,"Nice Promenade","Seller_11","Laptop",478.38,1,31,"M","Card",478.38
2024-06-06,"Nice Promenade","Seller_6","Accessories",590.13,1,38,"F","Card",590.13
2024-08-01,"Paris Centre","Seller_18","Smartphone",77.09,2,39,"F","Card",154.18
2023-09-15,"Marseille Vieux-Port","Seller_25","Tablet",695.69,1,32,"M","Card",695.69
2024-09-25,"Lyon Part-Dieu","Seller_15","Smartwatch",1052.54,3,51,"F","Card",3157.62
2023-10-17,"Lyon Part-Dieu","Seller_16","Laptop",572.49,1,21,NA,"Card",572.49
2024-07-08,"Lyon Part-Dieu","Seller_9","Smartwatch",757.2,3,36,"M","",2271.6
2023-10-14,"Toulouse Capitole","Seller_1","Earbuds",1018.84,3,33,"F","Check",3056.52
2023-09-07,"Toulouse Capitole","Seller_12","Laptop",877.63,1,49,"F","Card",877.63
2024-12-06,"Toulouse Capitole","Seller_23","Earbuds",974.86,1,44,"M","Check",974.86
2024-12-02,"Nice Promenade","Seller_18","Smartphone",1234.49,1,28,"M","",1234.49
2023-12-22,"Lyon Part-Dieu","Seller_22","Smartphone",1027.84,1,35,"F","Check",1027.84
2024-11-24,"Toulouse Capitole","Seller_5","Tablet",585.58,1,24,"M","Card",585.58
2023-11-19,"Marseille Vieux-Port","Seller_4","Laptop",1332.72,1,46,"F","Card",1332.72
2024-12-21,"Toulouse Capitole","Seller_6","Smartphone",1192.73,2,57,"F","Card",2385.46
2023-01-22,"Lyon Part-Dieu","Seller_6","Smartwatch",1313.06,2,49,"M","Card",2626.12
2023-04-28,"Lyon Part-Dieu","Seller_10","Earbuds",1378.63,1,43,"F","Check",1378.63
2024-03-03,"Toulouse Capitole","Seller_1","Laptop",1455.68,1,46,"M","Card",1455.68
2024-02-11,"Toulouse Capitole","Seller_6","Smartphone",486.07,1,40,"F","",486.07
2024-08-25,"Lyon Part-Dieu","Seller_9","Smartphone",290.37,1,22,NA,"Card",290.37
2023-11-18,"Nice Promenade","Seller_7","Accessories",1009.43,1,35,"F","Card",1009.43
2023-09-13,"Paris Centre","Seller_5","Laptop",996.69,1,32,"F","Cash",996.69
2023-11-08,"Toulouse Capitole","Seller_8","Laptop",660.47,1,40,"F","Card",660.47
2024-05-30,"Marseille Vieux-Port","Seller_7","Tablet",1219.73,1,49,"M","Card",1219.73
2024-10-29,"Paris Centre","Seller_9","Smartphone",1147.21,1,31,"F","Cash",1147.21
2023-01-17,"Nice Promenade","Seller_16","Tablet",222.2,3,37,"M","Card",666.6
2023-10-16,"Paris Centre","Seller_1","Earbuds",281.62,1,25,"M","Card",281.62
2024-12-28,"Nice Promenade","Seller_11","Laptop",172.21,1,33,NA,"Cash",172.21
2023-05-09,"Nice Promenade","Seller_12","Earbuds",144.35,1,38,"M","Card",144.35
2024-05-07,"Lyon Part-Dieu","Seller_19","Tablet",777.5,1,39,"F","Cash",777.5
2023-12-11,"Paris Centre","Seller_22","Tablet",958.73,1,35,NA,"",958.73
2023-03-06,"Toulouse Capitole","Seller_22","Laptop",205.68,1,46,"F","Card",205.68
2024-09-23,"Lyon Part-Dieu","Seller_8","Laptop",481,1,44,"M","Cash",481
2024-08-24,"Nice Promenade","Seller_25","Accessories",900.19,2,36,"F","Card",1800.38
2023-02-02,"Paris Centre","Seller_3","Laptop",200.38,1,22,NA,"Card",200.38
2024-08-06,"Toulouse Capitole","Seller_8","Smartphone",798.31,2,40,"F","Cash",1596.62
2024-02-10,"Paris Centre","Seller_17","Laptop",52.74,1,21,"M","Cash",52.74
2023-02-17,"Nice Promenade","Seller_21","Earbuds",271.82,1,44,"F","",271.82
2024-07-30,"Nice Promenade","Seller_13","Tablet",964.29,2,30,"F","Cash",1928.58
2024-09-12,"Paris Centre","Seller_17","Smartwatch",1373.61,1,36,NA,"Card",1373.61
2023-01-06,"Lyon Part-Dieu","Seller_19","Earbuds",620.1,1,34,NA,"Card",620.1
2024-01-17,"Lyon Part-Dieu","Seller_23","Smartphone",881.31,1,51,"M","Card",881.31
2023-09-06,"Nice Promenade","Seller_2","Smartwatch",858.96,1,21,"F","Card",858.96
2023-04-20,"Nice Promenade","Seller_15","Earbuds",109.27,1,16,"F","Card",109.27
2024-05-07,"Nice Promenade","Seller_15","Smartphone",562.85,2,34,"M","Card",1125.7
2023-03-23,"Marseille Vieux-Port","Seller_11","Laptop",1053.36,1,30,NA,"Card",1053.36
2023-08-24,"Paris Centre","Seller_1","Smartphone",586.88,1,33,"F","Card",586.88
2024-04-07,"Paris Centre","Seller_11","Laptop",1106.28,1,31,"M","Card",1106.28
2023-01-13,"Nice Promenade","Seller_13","Accessories",331.46,4,42,"F","Card",1325.84
2023-05-02,"Paris Centre","Seller_7","Tablet",670.19,1,37,"F","Card",670.19
2024-11-17,"Nice Promenade","Seller_4","Smartphone",1067.62,1,46,"M","Card",1067.62
2024-02-24,"Marseille Vieux-Port","Seller_23","Tablet",506.72,2,31,"M","Card",1013.44
2024-12-19,"Marseille Vieux-Port","Seller_20","Earbuds",1161.9,4,42,"M","Card",4647.6
2024-11-16,"Paris Centre","Seller_11","Laptop",1315.25,2,26,"M","Card",2630.5
2023-08-30,"Lyon Part-Dieu","Seller_21","Tablet",692.26,1,39,"M","Card",692.26
2024-11-01,"Nice Promenade","Seller_10","Laptop",120.16,1,27,"F","Card",120.16
2023-08-25,"Toulouse Capitole","Seller_22","Smartphone",401.13,1,41,"F","",401.13
2023-06-02,"Marseille Vieux-Port","Seller_25","Tablet",719.07,1,25,NA,"Card",719.07
2024-12-18,"Paris Centre","Seller_4","Earbuds",1130.65,3,25,"F","Card",3391.95
2024-09-08,"Toulouse Capitole","Seller_8","Smartphone",1136.1,1,25,"M","Card",1136.1
2024-10-15,"Paris Centre","Seller_17","Smartphone",1434.06,1,34,"F","Cash",1434.06
2023-09-04,"Marseille Vieux-Port","Seller_18","Tablet",521.6,2,32,"M","Card",1043.2
2023-12-12,"Toulouse Capitole","Seller_24","Earbuds",244.47,1,40,"M","Card",244.47
2023-05-21,"Nice Promenade","Seller_6","Smartphone",1106.68,1,44,"F","Card",1106.68
2023-04-02,"Marseille Vieux-Port","Seller_11","Laptop",175.36,3,57,"M","Card",526.08
2023-12-31,"Paris Centre","Seller_13","Laptop",730.67,2,48,"F","Check",1461.34
2024-08-02,"Paris Centre","Seller_14","Earbuds",1365.67,3,25,NA,"Cash",4097.01
2023-01-26,"Toulouse Capitole","Seller_23","Tablet",766.83,1,42,"M","Card",766.83
2024-08-06,"Toulouse Capitole","Seller_13","Tablet",782.97,2,29,NA,"Card",1565.94
2024-01-27,"Paris Centre","Seller_5","Tablet",1121.59,1,20,"M","Card",1121.59
2024-12-13,"Lyon Part-Dieu","Seller_9","Smartphone",573.05,2,16,"F","Check",1146.1
2024-12-28,"Toulouse Capitole","Seller_17","Accessories",788.06,1,59,"F","Card",788.06
2024-04-06,"Lyon Part-Dieu","Seller_10","Laptop",1199.89,2,39,"M","Cash",2399.78
2024-11-04,"Paris Centre","Seller_24","Tablet",1135.34,1,38,"F","Card",1135.34
2024-02-24,"Lyon Part-Dieu","Seller_20","Laptop",490.83,2,16,"M","Card",981.66
2024-01-01,"Lyon Part-Dieu","Seller_13","Laptop",249.15,3,26,NA,"Card",747.45
2023-01-03,"Marseille Vieux-Port","Seller_19","Smartphone",369.76,1,17,"M","Cash",369.76
2024-05-12,"Lyon Part-Dieu","Seller_15","Tablet",456.36,2,29,"F","",912.72
2024-11-22,"Toulouse Capitole","Seller_16","Accessories",702.08,1,46,NA,"Check",702.08
2024-08-21,"Nice Promenade","Seller_19","Tablet",123.26,1,45,"F","",123.26
2023-12-31,"Marseille Vieux-Port","Seller_22","Smartwatch",954.84,1,24,"M","Check",954.84
2024-12-13,"Marseille Vieux-Port","Seller_3","Smartwatch",114.3,1,28,"F","Card",114.3
2024-09-13,"Marseille Vieux-Port","Seller_14","Laptop",1133.88,3,37,"M","Card",3401.64
2023-12-29,"Paris Centre","Seller_11","Smartphone",439.11,2,29,"F","Card",878.22
2023-07-23,"Paris Centre","Seller_6","Accessories",219.72,1,34,NA,"Card",219.72
2024-01-12,"Paris Centre","Seller_19","Tablet",470.19,1,35,"F","Card",470.19
2024-08-19,"Marseille Vieux-Port","Seller_11","Tablet",444.82,1,25,"F","Card",444.82
2024-01-19,"Marseille Vieux-Port","Seller_14","Laptop",220.73,2,50,"M","Card",441.46
2023-12-17,"Toulouse Capitole","Seller_16","Smartphone",422.06,1,35,"F","Card",422.06
2023-06-20,"Marseille Vieux-Port","Seller_6","Accessories",653.62,1,36,"F","Card",653.62
2023-11-30,"Paris Centre","Seller_18","Smartphone",955.16,1,50,"M","Cash",955.16
2024-08-13,"Lyon Part-Dieu","Seller_2","Smartphone",137.21,2,22,NA,"Check",274.42
2024-11-18,"Lyon Part-Dieu","Seller_22","Laptop",946.24,1,54,"F","Card",946.24
2024-04-13,"Paris Centre","Seller_19","Tablet",1069.66,2,50,"F","Card",2139.32
2024-01-11,"Nice Promenade","Seller_4","Laptop",1468.78,1,21,"F","Card",1468.78
2023-01-29,"Paris Centre","Seller_5","Tablet",1244.3,1,59,NA,"Card",1244.3
2023-10-12,"Toulouse Capitole","Seller_3","Earbuds",601.3,1,54,"F","Card",601.3
2024-01-03,"Nice Promenade","Seller_10","Laptop",683.35,1,41,"M","Card",683.35
2023-09-16,"Toulouse Capitole","Seller_12","Smartphone",1353.76,1,35,NA,"Check",1353.76
2023-10-26,"Nice Promenade","Seller_18","Laptop",461.98,1,27,"F","Card",461.98
2024-12-07,"Toulouse Capitole","Seller_12","Smartphone",862.11,1,36,"F","Card",862.11
2024-09-03,"Toulouse Capitole","Seller_21","Laptop",251.17,2,30,"F","Card",502.34
2024-04-08,"Paris Centre","Seller_23","Tablet",625.3,2,24,"M","Card",1250.6
2023-12-12,"Nice Promenade","Seller_25","Smartphone",252.67,1,26,"F","Card",252.67
2023-10-16,"Nice Promenade","Seller_8","Earbuds",1440.48,1,39,"F","Card",1440.48
2024-03-19,"Toulouse Capitole","Seller_1","Smartwatch",795.72,3,48,"F","Check",2387.16
2024-04-09,"Paris Centre","Seller_7","Tablet",796.78,3,16,"M","Check",2390.34
2023-03-02,"Marseille Vieux-Port","Seller_7","Laptop",1424.45,2,39,"F","Card",2848.9
2023-08-28,"Lyon Part-Dieu","Seller_5","Smartphone",1156.71,1,36,"M","Check",1156.71
2023-06-09,"Lyon Part-Dieu","Seller_12","Smartwatch",979.21,1,56,"F","Cash",979.21
2023-03-22,"Nice Promenade","Seller_16","Laptop",695.9,1,22,"M","Card",695.9
2024-12-30,"Nice Promenade","Seller_10","Smartphone",985,3,23,NA,"Cash",2955
2024-07-13,"Toulouse Capitole","Seller_14","Laptop",1382.41,1,16,"F","Check",1382.41
2023-07-21,"Nice Promenade","Seller_20","Smartphone",1130.43,1,41,"M","Cash",1130.43
2024-10-05,"Marseille Vieux-Port","Seller_21","Earbuds",1215.07,2,26,"M","Cash",2430.14
2024-06-09,"Marseille Vieux-Port","Seller_15","Laptop",172.8,3,25,"F","Card",518.4
2023-04-21,"Toulouse Capitole","Seller_19","Tablet",548.88,1,58,"M","",548.88
2023-04-28,"Marseille Vieux-Port","Seller_7","Smartphone",776.33,1,43,"M","Card",776.33
2024-04-09,"Marseille Vieux-Port","Seller_13","Laptop",969.89,1,37,"M","Card",969.89
2023-02-05,"Nice Promenade","Seller_25","Earbuds",173.67,3,23,"F","Card",521.01
2024-01-16,"Nice Promenade","Seller_21","Smartphone",1468.06,1,28,"M","Card",1468.06
2023-03-22,"Paris Centre","Seller_14","Laptop",1296.71,2,27,"F","Cash",2593.42
2024-04-18,"Nice Promenade","Seller_12","Smartphone",1074.82,3,41,"M","Card",3224.46
2024-08-26,"Toulouse Capitole","Seller_4","Smartphone",1444.16,1,39,NA,"Card",1444.16
2023-02-14,"Nice Promenade","Seller_6","Smartphone",562.98,1,54,"M","Check",562.98
2024-05-19,"Paris Centre","Seller_21","Smartphone",112.8,1,27,"M","Card",112.8
2023-03-13,"Toulouse Capitole","Seller_3","Smartphone",855.23,1,31,"M","Cash",855.23
2023-09-04,"Paris Centre","Seller_1","Tablet",63.73,1,47,"M","Card",63.73
2024-06-25,"Toulouse Capitole","Seller_11","Smartphone",1121.04,1,43,"F","",1121.04
2023-10-20,"Paris Centre","Seller_17","Smartphone",985.09,1,35,"M","Cash",985.09
2023-07-29,"Toulouse Capitole","Seller_21","Tablet",199.97,1,37,"M","Card",199.97
2023-06-03,"Marseille Vieux-Port","Seller_4","Smartphone",790.52,1,42,"M","Card",790.52
2024-10-28,"Paris Centre","Seller_10","Smartphone",1468.26,1,38,"M","Card",1468.26
2024-06-20,"Marseille Vieux-Port","Seller_10","Tablet",755.37,1,31,"M","Card",755.37
2024-05-31,"Nice Promenade","Seller_16","Smartphone",1379.53,1,40,"M","Card",1379.53
2023-02-18,"Toulouse Capitole","Seller_20","Tablet",1166.3,1,53,"F","Card",1166.3
2023-11-02,"Nice Promenade","Seller_13","Tablet",1071.88,1,23,"M","Check",1071.88
2024-07-01,"Paris Centre","Seller_16","Earbuds",1301.41,1,28,NA,"Check",1301.41
2024-03-16,"Toulouse Capitole","Seller_8","Earbuds",1451.7,2,50,"M","Card",2903.4
2023-11-02,"Marseille Vieux-Port","Seller_23","Earbuds",514.12,1,26,"M","",514.12
2023-03-01,"Toulouse Capitole","Seller_19","Tablet",821.86,1,32,"F","Card",821.86
2023-11-05,"Paris Centre","Seller_5","Accessories",1486.03,1,27,"M","",1486.03
2024-12-02,"Marseille Vieux-Port","Seller_5","Laptop",1086.82,1,53,"M","Card",1086.82
2024-05-15,"Lyon Part-Dieu","Seller_6","Smartphone",1408.8,2,35,"M","Card",2817.6
2024-02-20,"Lyon Part-Dieu","Seller_21","Tablet",457.41,2,19,"M","Card",914.82
2023-04-20,"Paris Centre","Seller_25","Earbuds",431.64,1,44,"F","Card",431.64
2024-12-15,"Toulouse Capitole","Seller_8","Tablet",978.01,3,39,"M","Card",2934.03
2024-10-04,"Marseille Vieux-Port","Seller_4","Tablet",954.66,3,46,"M","Cash",2863.98
2024-07-03,"Lyon Part-Dieu","Seller_6","Laptop",116.99,3,24,"M","Card",350.97
2023-09-24,"Paris Centre","Seller_22","Smartphone",1450.74,1,26,"F","Cash",1450.74
2024-02-25,"Nice Promenade","Seller_10","Smartphone",286.92,1,43,"F","Check",286.92
2023-06-05,"Paris Centre","Seller_14","Smartphone",478.43,1,60,"F","Check",478.43
2024-04-09,"Toulouse Capitole","Seller_2","Earbuds",1120,1,19,"F","Cash",1120
2024-09-05,"Marseille Vieux-Port","Seller_3","Laptop",63.5,3,29,"M","Card",190.5
2023-12-14,"Lyon Part-Dieu","Seller_4","Tablet",95.22,1,34,"F","Card",95.22
2023-09-30,"Nice Promenade","Seller_2","Smartphone",399.77,1,43,"M","Card",399.77
2023-06-21,"Nice Promenade","Seller_10","Laptop",422.97,2,44,"F","Card",845.94
2023-04-08,"Lyon Part-Dieu","Seller_1","Laptop",740.06,3,23,"F","Card",2220.18
2023-11-19,"Toulouse Capitole","Seller_11","Smartphone",63.28,2,33,"M","Cash",126.56
2024-11-01,"Paris Centre","Seller_3","Tablet",1223.49,1,45,"F","Card",1223.49
2024-10-11,"Paris Centre","Seller_3","Smartphone",923.5,1,23,"M","Card",923.5
2023-07-31,"Nice Promenade","Seller_11","Laptop",1205.81,2,26,"M","Card",2411.62
2024-02-13,"Toulouse Capitole","Seller_19","Tablet",797.9,2,37,"M","Card",1595.8
2023-10-16,"Marseille Vieux-Port","Seller_23","Smartphone",120.35,2,32,"F","Card",240.7
2024-03-22,"Lyon Part-Dieu","Seller_9","Tablet",191.33,2,35,"F","Card",382.66
2023-07-22,"Lyon Part-Dieu","Seller_19","Smartphone",887.28,1,41,"F","Check",887.28
2024-07-31,"Lyon Part-Dieu","Seller_14","Laptop",1415.88,1,17,"F","Card",1415.88
2023-01-05,"Paris Centre","Seller_12","Smartphone",311.33,1,43,"M","Card",311.33
2023-06-16,"Toulouse Capitole","Seller_21","Smartphone",1084.15,1,37,"M","Card",1084.15
2024-08-26,"Lyon Part-Dieu","Seller_5","Tablet",720.34,1,41,"M","Cash",720.34
2024-01-14,"Toulouse Capitole","Seller_25","Smartwatch",717.83,2,22,"M","Check",1435.66
2023-10-28,"Nice Promenade","Seller_6","Tablet",619.33,1,32,"M","Card",619.33
2023-05-28,"Nice Promenade","Seller_6","Earbuds",453.43,3,42,"M","Card",1360.29
2024-02-11,"Marseille Vieux-Port","Seller_24","Laptop",271.76,2,34,"F","Card",543.52
2024-11-20,"Lyon Part-Dieu","Seller_21","Laptop",618.49,3,22,"F","Card",1855.47
2024-08-17,"Toulouse Capitole","Seller_14","Laptop",488.21,2,35,NA,"Card",976.42
2024-12-07,"Paris Centre","Seller_20","Tablet",189.44,2,19,"F","Check",378.88
2023-11-29,"Toulouse Capitole","Seller_7","Smartphone",281.29,2,38,"M","Card",562.58
2024-04-09,"Nice Promenade","Seller_8","Smartphone",522.23,1,44,"F","Card",522.23
2023-04-18,"Lyon Part-Dieu","Seller_14","Tablet",1316.47,2,36,"F","Card",2632.94
2024-04-21,"Lyon Part-Dieu","Seller_23","Earbuds",571.71,1,27,"F","Card",571.71
2024-11-24,"Nice Promenade","Seller_8","Accessories",892.12,1,35,"M","Check",892.12
2024-04-16,"Lyon Part-Dieu","Seller_18","Earbuds",655.95,1,16,"M","Card",655.95
2023-10-31,"Lyon Part-Dieu","Seller_16","Earbuds",786.8,1,56,"F","Card",786.8
2023-11-21,"Paris Centre","Seller_5","Earbuds",297.97,1,39,"M","Card",297.97
2024-06-28,"Lyon Part-Dieu","Seller_22","Smartphone",1329.96,1,16,"F","Card",1329.96
2023-09-04,"Marseille Vieux-Port","Seller_17","Tablet",1210.58,3,47,"F","Card",3631.74
2023-06-08,"Nice Promenade","Seller_19","Smartphone",1466.53,1,41,"F","",1466.53
2023-01-19,"Toulouse Capitole","Seller_10","Smartphone",498.99,2,25,"M","Card",997.98
2024-12-15,"Marseille Vieux-Port","Seller_4","Laptop",726.2,4,47,"M","Card",2904.8
2024-03-28,"Toulouse Capitole","Seller_8","Accessories",486.28,2,33,"M","Card",972.56
2024-08-29,"Marseille Vieux-Port","Seller_6","Laptop",1296.41,3,20,"F","Cash",3889.23
2024-07-23,"Toulouse Capitole","Seller_5","Tablet",367.88,1,42,"F","Cash",367.88
2023-04-28,"Nice Promenade","Seller_16","Tablet",951.34,1,29,NA,"Card",951.34
2024-03-18,"Toulouse Capitole","Seller_19","Earbuds",1497.36,2,32,"F","Card",2994.72
2024-01-01,"Nice Promenade","Seller_13","Laptop",561.5,3,22,"F","Card",1684.5
2023-04-11,"Nice Promenade","Seller_23","Smartphone",685.82,2,55,NA,"Cash",1371.64
2023-07-07,"Lyon Part-Dieu","Seller_15","Smartphone",151.44,1,34,"F","Card",151.44
2023-10-06,"Lyon Part-Dieu","Seller_14","Tablet",1002.78,1,42,"M","Card",1002.78
2023-06-01,"Paris Centre","Seller_18","Earbuds",185.49,1,28,"F","Card",185.49
2023-08-20,"Nice Promenade","Seller_8","Smartphone",803.06,1,16,"F","Card",803.06
2023-07-25,"Paris Centre","Seller_10","Smartphone",478.4,1,55,"F","Card",478.4
2024-02-06,"Lyon Part-Dieu","Seller_19","Tablet",999.44,1,46,"F","",999.44
2023-11-20,"Lyon Part-Dieu","Seller_13","Tablet",1412.6,2,41,"F","Cash",2825.2
2024-05-20,"Lyon Part-Dieu","Seller_11","Tablet",1347.08,1,37,"M","Card",1347.08
2024-09-25,"Nice Promenade","Seller_10","Tablet",1262.14,1,50,"F","Cash",1262.14
2024-09-27,"Marseille Vieux-Port","Seller_7","Earbuds",342.63,1,53,"M","Card",342.63
2023-04-29,"Lyon Part-Dieu","Seller_15","Tablet",NA,1,55,"F","Card",NA
2023-10-24,"Toulouse Capitole","Seller_2","Laptop",586.34,2,22,"M","Card",1172.68
2023-04-03,"Paris Centre","Seller_16","Laptop",619.73,1,40,"M","Card",619.73
2024-12-29,"Paris Centre","Seller_9","Tablet",97,1,22,"F","Card",97
2024-09-01,"Nice Promenade","Seller_1","Accessories",1379.99,2,23,"F","Check",2759.98
2024-08-17,"Toulouse Capitole","Seller_21","Laptop",328.09,1,50,"F","Check",328.09
2024-05-30,"Lyon Part-Dieu","Seller_12","Laptop",582.18,2,35,"F","Card",1164.36
2023-12-06,"Paris Centre","Seller_13","Smartphone",714.19,1,74,"M","Card",714.19
2023-07-11,"Nice Promenade","Seller_17","Tablet",804.06,1,16,"F","Card",804.06
2023-04-07,"Nice Promenade","Seller_25","Tablet",88.17,2,25,"F","Card",176.34
2023-11-15,"Toulouse Capitole","Seller_15","Accessories",690.61,1,21,"F","Cash",690.61
2023-10-17,"Nice Promenade","Seller_14","Smartphone",771.11,1,47,"M","Card",771.11
2024-06-10,"Marseille Vieux-Port","Seller_5","Laptop",295.79,1,16,"F","",295.79
2023-12-14,"Paris Centre","Seller_22","Earbuds",1189.81,3,54,"F","Card",3569.43
2023-01-02,"Toulouse Capitole","Seller_9","Laptop",691.02,1,52,"F","Check",691.02
2023-12-22,"Paris Centre","Seller_10","Smartphone",835.58,2,26,"M","Cash",1671.16
2024-01-18,"Marseille Vieux-Port","Seller_22","Earbuds",842.64,3,43,"M","",2527.92
2024-10-29,"Paris Centre","Seller_1","Smartphone",1055.01,1,46,"F","Cash",1055.01
2024-10-23,"Paris Centre","Seller_16","Laptop",1357.73,1,30,"M","Cash",1357.73
2023-10-14,"Nice Promenade","Seller_1","Earbuds",61.56,3,33,"M","",184.68
2023-11-05,"Nice Promenade","Seller_6","Smartphone",769.16,2,33,NA,"Card",1538.32
2023-02-28,"Nice Promenade","Seller_22","Tablet",1467.84,1,35,"M","Card",1467.84
2024-02-28,"Paris Centre","Seller_25","Earbuds",1450.39,1,54,"F","Card",1450.39
2024-01-27,"Lyon Part-Dieu","Seller_21","Laptop",1203.6,1,29,"F","Card",1203.6
2024-06-23,"Paris Centre","Seller_23","Laptop",399.74,1,32,"F","Card",399.74
2023-01-24,"Marseille Vieux-Port","Seller_4","Smartphone",1385,1,35,"M","Card",1385
2023-04-13,"Nice Promenade","Seller_4","Earbuds",580.35,1,33,"F","Card",580.35
2023-09-24,"Paris Centre","Seller_14","Laptop",89.02,3,43,"F","Card",267.06
2023-08-06,"Toulouse Capitole","Seller_20","Earbuds",1411.27,1,23,"M","Card",1411.27
2023-12-02,"Paris Centre","Seller_2","Smartphone",753.49,1,28,"F","Cash",753.49
2024-06-01,"Lyon Part-Dieu","Seller_20","Smartwatch",1394.96,2,48,"F","Card",2789.92
2024-09-29,"Toulouse Capitole","Seller_1","Smartphone",1047.09,1,27,"M","Card",1047.09
2023-10-26,"Lyon Part-Dieu","Seller_22","Smartwatch",1004.54,1,33,"F","Card",1004.54
2024-02-22,"Paris Centre","Seller_1","Tablet",885.48,1,50,"M","Check",885.48
2023-12-12,"Marseille Vieux-Port","Seller_4","Earbuds",291.89,2,48,"M","Card",583.78
2024-02-03,"Marseille Vieux-Port","Seller_3","Laptop",360.26,1,26,"F","Card",360.26
2023-08-06,"Toulouse Capitole","Seller_22","Laptop",370.39,2,40,"F","Cash",740.78
2023-12-13,"Marseille Vieux-Port","Seller_20","Smartphone",350.84,2,39,NA,"Card",701.68
2023-08-04,"Lyon Part-Dieu","Seller_17","Smartphone",641.56,2,27,"F","Card",1283.12
2024-08-06,"Nice Promenade","Seller_22","Tablet",1034.47,1,22,"F","Card",1034.47
2024-01-24,"Lyon Part-Dieu","Seller_21","Tablet",723.03,2,29,NA,"Cash",1446.06
2024-05-27,"Paris Centre","Seller_22","Earbuds",1349.07,1,35,"F","Card",1349.07
2024-06-25,"Nice Promenade","Seller_8","Smartphone",1490.21,1,39,"F","Card",1490.21
2024-01-17,"Paris Centre","Seller_2","Laptop",244.79,4,33,"M","Card",979.16
2023-01-24,"Lyon Part-Dieu","Seller_20","Smartphone",591.51,1,36,"M","Card",591.51
2023-09-11,"Lyon Part-Dieu","Seller_1","Smartphone",1299.44,3,16,NA,"",3898.32
2024-10-13,"Marseille Vieux-Port","Seller_15","Tablet",665.39,1,54,"F","Card",665.39
2024-09-03,"Nice Promenade","Seller_8","Smartphone",113.14,1,16,"M","Card",113.14
2023-06-11,"Paris Centre","Seller_19","Smartphone",56.72,1,33,"M","Card",56.72
2024-05-08,"Nice Promenade","Seller_14","Tablet",1454.08,1,27,"F","Card",1454.08
2024-05-10,"Paris Centre","Seller_15","Laptop",272.34,1,45,"F","Check",272.34
2024-12-09,"Lyon Part-Dieu","Seller_16","Laptop",1039.5,3,61,"F","Card",3118.5
2023-10-29,"Lyon Part-Dieu","Seller_2","Laptop",1425.95,1,24,"M","Card",1425.95
2023-10-15,"Toulouse Capitole","Seller_22","Accessories",97.5,1,29,"M","Check",97.5
2024-06-16,"Marseille Vieux-Port","Seller_10","Tablet",375.62,1,23,"F","Card",375.62
2023-10-23,"Lyon Part-Dieu","Seller_1","Tablet",70.73,1,34,"F","Card",70.73
2024-04-02,"Paris Centre","Seller_16","Tablet",1049.56,1,29,"F","",1049.56
2024-11-30,"Nice Promenade","Seller_14","Smartphone",649.19,1,16,"M","Card",649.19
2023-07-22,"Paris Centre","Seller_9","Smartphone",911.59,1,39,"M","Card",911.59
2024-01-29,"Paris Centre","Seller_20","Smartphone",1493.44,1,16,"F","Card",1493.44
2023-07-07,"Toulouse Capitole","Seller_23","Tablet",832.4,1,33,"M","",832.4
2024-09-02,"Lyon Part-Dieu","Seller_16","Laptop",149.42,2,40,"M","Card",298.84
2024-05-17,"Lyon Part-Dieu","Seller_19","Laptop",1091.36,1,42,NA,"Card",1091.36
2024-04-20,"Lyon Part-Dieu","Seller_6","Earbuds",1248.17,2,46,"M","Card",2496.34
2023-09-16,"Paris Centre","Seller_20","Tablet",1203.31,1,45,"F","Card",1203.31
2023-08-22,"Toulouse Capitole","Seller_6","Tablet",617.69,1,48,NA,"Card",617.69
2023-09-11,"Toulouse Capitole","Seller_25","Laptop",464.56,1,30,"F","Card",464.56
2024-01-07,"Marseille Vieux-Port","Seller_21","Smartwatch",1257.21,3,43,"M","Card",3771.63
2023-11-05,"Paris Centre","Seller_20","Smartphone",196.46,2,31,"M","Card",392.92
2024-03-22,"Nice Promenade","Seller_24","Smartphone",591.83,1,38,"M","Card",591.83
2024-01-12,"Nice Promenade","Seller_9","Smartphone",772.65,3,24,NA,"Card",2317.95
2024-10-01,"Marseille Vieux-Port","Seller_16","Smartwatch",509.92,1,31,"F","Cash",509.92
2024-08-06,"Nice Promenade","Seller_4","Laptop",680.42,1,39,"F","Card",680.42
2024-12-01,"Paris Centre","Seller_15","Smartphone",840.73,3,45,"M","Card",2522.19
2024-10-29,"Lyon Part-Dieu","Seller_13","Accessories",1289.47,1,26,"M","Cash",1289.47
2023-05-06,"Toulouse Capitole","Seller_25","Tablet",1405.15,2,36,"M","",2810.3
2024-04-18,"Lyon Part-Dieu","Seller_17","Smartphone",619.91,1,32,"F","Card",619.91
2023-08-08,"Toulouse Capitole","Seller_22","Smartphone",853.3,1,47,NA,"Card",853.3
2023-03-05,"Marseille Vieux-Port","Seller_14","Accessories",1224.35,1,54,"F","Cash",1224.35
2024-08-31,"Toulouse Capitole","Seller_14","Laptop",795.73,1,54,"M","Card",795.73
2024-10-14,"Paris Centre","Seller_11","Smartphone",710.96,2,22,"M","Cash",1421.92
2024-09-15,"Toulouse Capitole","Seller_22","Earbuds",1433.17,2,31,"F","Card",2866.34
2024-04-09,"Toulouse Capitole","Seller_2","Tablet",633.98,1,16,"F","Card",633.98
2023-12-30,"Nice Promenade","Seller_25","Laptop",980.66,1,20,"F","Cash",980.66
2023-05-20,"Nice Promenade","Seller_12","Smartphone",239.95,1,42,"F","Cash",239.95
2023-07-29,"Nice Promenade","Seller_1","Smartwatch",648.04,2,39,"M","Card",1296.08
2024-06-08,"Paris Centre","Seller_18","Earbuds",81.39,4,46,"F","Card",325.56
2023-04-24,"Paris Centre","Seller_25","Accessories",499.56,1,24,"M","Card",499.56
2024-01-22,"Nice Promenade","Seller_1","Tablet",971.09,1,21,"F","Card",971.09
2023-02-26,"Paris Centre","Seller_24","Smartphone",1451.71,2,29,"M","Card",2903.42
2024-02-12,"Paris Centre","Seller_14","Laptop",1001.8,1,62,"F","Check",1001.8
2024-03-21,"Toulouse Capitole","Seller_3","Smartphone",943.03,1,44,"M","Card",943.03
2023-11-29,"Nice Promenade","Seller_5","Smartwatch",1405.08,2,24,"F","Cash",2810.16
2024-01-17,"Marseille Vieux-Port","Seller_3","Earbuds",180.7,1,22,"F","Check",180.7
2023-02-03,"Lyon Part-Dieu","Seller_25","Laptop",727,1,41,"F","Card",727
2023-03-23,"Toulouse Capitole","Seller_11","Tablet",428.8,1,46,"F","Cash",428.8
2024-08-17,"Lyon Part-Dieu","Seller_17","Laptop",739.55,2,29,"F","Card",1479.1
2024-08-25,"Paris Centre","Seller_7","Smartphone",180.88,1,23,"F","",180.88
2024-12-01,"Paris Centre","Seller_3","Smartphone",1413.79,2,20,"M","Card",2827.58
2023-08-06,"Lyon Part-Dieu","Seller_22","Tablet",501.93,2,42,"F","Cash",1003.86
2023-06-07,"Toulouse Capitole","Seller_9","Tablet",1065.86,2,37,"M","Card",2131.72
2024-01-14,"Nice Promenade","Seller_21","Laptop",556.25,3,53,"M","Cash",1668.75
2023-10-10,"Marseille Vieux-Port","Seller_19","Laptop",487.87,3,16,"M","Card",1463.61
2024-04-05,"Nice Promenade","Seller_14","Earbuds",154.93,2,35,"F","Card",309.86
2024-08-03,"Toulouse Capitole","Seller_4","Laptop",884.42,3,36,"F","Card",2653.26
2024-01-19,"Marseille Vieux-Port","Seller_13","Accessories",523.08,2,37,"F","Card",1046.16
2024-08-07,"Marseille Vieux-Port","Seller_9","Earbuds",820.96,4,58,"M","Card",3283.84
2023-04-09,"Paris Centre","Seller_18","Smartwatch",1301.22,1,48,NA,"Card",1301.22
2024-09-16,"Lyon Part-Dieu","Seller_8","Laptop",1003.1,2,32,"F","Card",2006.2
2024-11-06,"Paris Centre","Seller_5","Smartphone",1163.86,1,29,"F","Card",1163.86
2023-07-14,"Paris Centre","Seller_4","Earbuds",561.55,1,16,"F","Card",561.55
2024-07-08,"Paris Centre","Seller_24","Tablet",998.83,1,24,"F","Card",998.83
2024-12-01,"Paris Centre","Seller_12","Laptop",559.33,2,29,"F","Card",1118.66
2024-03-20,"Toulouse Capitole","Seller_11","Smartwatch",537.78,2,29,"F","Card",1075.56
2024-05-31,"Nice Promenade","Seller_2","Earbuds",1137.19,3,37,"F","Card",3411.57
2023-09-26,"Marseille Vieux-Port","Seller_7","Earbuds",639.77,3,52,"M","Check",1919.31
2023-12-25,"Nice Promenade","Seller_6","Earbuds",447.28,1,49,NA,"Card",447.28
2024-09-21,"Lyon Part-Dieu","Seller_5","Tablet",1173.8,2,19,"M","Card",2347.6
2024-03-20,"Toulouse Capitole","Seller_7","Smartphone",571,1,44,"F","",571
2023-03-21,"Toulouse Capitole","Seller_19","Tablet",366.09,1,34,"M","Card",366.09
2023-09-26,"Marseille Vieux-Port","Seller_23","Tablet",198.03,1,44,"M","Cash",198.03
2024-08-13,"Marseille Vieux-Port","Seller_17","Laptop",580.77,1,26,"F","Card",580.77
2023-12-04,"Marseille Vieux-Port","Seller_24","Smartphone",185.7,1,16,"M","Cash",185.7
2024-09-30,"Marseille Vieux-Port","Seller_13","Tablet",261.75,2,37,"M","Card",523.5
2024-02-11,"Paris Centre","Seller_7","Smartphone",334.87,3,62,"F","Cash",1004.61
2023-08-02,"Lyon Part-Dieu","Seller_1","Smartphone",1122.17,2,28,"F","Card",2244.34
2024-08-07,"Paris Centre","Seller_10","Earbuds",650.81,1,43,"M","Card",650.81
2024-10-01,"Marseille Vieux-Port","Seller_5","Laptop",803.85,2,22,"F","Card",1607.7
2024-12-26,"Marseille Vieux-Port","Seller_16","Smartphone",287.18,1,42,"M","Card",287.18
2024-06-05,"Paris Centre","Seller_22","Laptop",895.44,1,41,"F","Card",895.44
2023-12-08,"Lyon Part-Dieu","Seller_20","Tablet",1417.55,2,43,"M","Card",2835.1
2024-10-29,"Lyon Part-Dieu","Seller_18","Smartphone",882.25,3,30,"M","Cash",2646.75
2023-03-17,"Toulouse Capitole","Seller_25","Smartphone",1343.46,2,23,"F","Cash",2686.92
2024-10-25,"Nice Promenade","Seller_20","Smartphone",704.33,1,16,"M","Cash",704.33
2024-02-27,"Nice Promenade","Seller_19","Smartwatch",389.16,2,43,"M","Card",778.32
2023-02-08,"Lyon Part-Dieu","Seller_8","Accessories",1095.63,1,35,"M","Card",1095.63
2024-11-24,"Paris Centre","Seller_10","Smartphone",714.36,2,16,"F","Card",1428.72
2023-09-22,"Paris Centre","Seller_3","Smartphone",634.84,1,45,"F","Card",634.84
2024-11-07,"Paris Centre","Seller_23","Earbuds",834.99,3,40,"F","Card",2504.97
2024-06-04,"Paris Centre","Seller_3","Smartphone",258.51,1,42,"M","Card",258.51
2023-04-10,"Toulouse Capitole","Seller_14","Laptop",494.23,1,31,"M","Card",494.23
2023-03-27,"Lyon Part-Dieu","Seller_9","Laptop",695.13,5,43,"M","Card",3475.65
2023-03-21,"Toulouse Capitole","Seller_23","Smartwatch",82.51,1,31,"M","Cash",82.51
2024-03-16,"Marseille Vieux-Port","Seller_11","Smartphone",534.29,3,36,NA,"Card",1602.87
2023-05-16,"Marseille Vieux-Port","Seller_2","Smartphone",73.58,1,22,"M","Card",73.58
2023-06-06,"Toulouse Capitole","Seller_6","Earbuds",1112.21,1,51,"F","Card",1112.21
2023-04-05,"Nice Promenade","Seller_25","Smartwatch",319.15,3,60,"M","Check",957.45
2024-08-22,"Lyon Part-Dieu","Seller_23","Smartphone",338.6,2,19,"F","Card",677.2
2024-10-08,"Marseille Vieux-Port","Seller_11","Laptop",1282.79,1,50,"F","Card",1282.79
2023-02-18,"Toulouse Capitole","Seller_14","Smartphone",1153.35,2,43,"M","Card",2306.7
2024-04-03,"Lyon Part-Dieu","Seller_5","Earbuds",237.2,2,42,"F","Card",474.4
2023-02-22,"Paris Centre","Seller_5","Laptop",1028.84,1,27,"M","Card",1028.84
2023-11-28,"Lyon Part-Dieu","Seller_8","Tablet",1200.92,1,16,"F","Card",1200.92
2024-08-20,"Marseille Vieux-Port","Seller_16","Laptop",1445.41,1,36,"F","Check",1445.41
2024-11-13,"Toulouse Capitole","Seller_3","Earbuds",865.93,1,29,"F","Check",865.93
2024-04-20,"Marseille Vieux-Port","Seller_23","Earbuds",1188.94,1,38,"F","Card",1188.94
2023-04-20,"Lyon Part-Dieu","Seller_17","Tablet",875.36,1,16,"M","",875.36
2023-03-21,"Nice Promenade","Seller_10","Accessories",1150,1,24,"F","Card",1150
2023-09-14,"Paris Centre","Seller_10","Tablet",1122.6,1,17,"M","Check",1122.6
2024-02-01,"Nice Promenade","Seller_23","Earbuds",492.7,2,42,"M","Card",985.4
2023-11-08,"Lyon Part-Dieu","Seller_5","Laptop",447.09,4,21,"M","Card",1788.36
2024-04-18,"Lyon Part-Dieu","Seller_14","Smartphone",239.57,1,47,"M","Card",239.57
2024-01-24,"Marseille Vieux-Port","Seller_1","Tablet",1017.2,3,42,"M","",3051.6
2024-12-27,"Marseille Vieux-Port","Seller_11","Smartphone",409.76,1,57,"F","Card",409.76
2024-11-09,"Nice Promenade","Seller_14","Earbuds",1283.21,1,44,"F","Card",1283.21
2024-04-08,"Marseille Vieux-Port","Seller_22","Smartphone",745.37,1,46,"F","Card",745.37
2023-11-15,"Marseille Vieux-Port","Seller_11","Smartphone",993.39,1,31,"F","Card",993.39
2024-05-08,"Marseille Vieux-Port","Seller_18","Laptop",1114.83,1,50,"F","Card",1114.83
2023-12-17,"Toulouse Capitole","Seller_13","Smartphone",740.8,2,35,"F","Card",1481.6
2024-07-08,"Nice Promenade","Seller_11","Laptop",534.06,3,46,"F","Card",1602.18
2023-04-11,"Toulouse Capitole","Seller_23","Tablet",1425.69,1,30,"F","Card",1425.69
2023-10-23,"Nice Promenade","Seller_23","Laptop",1472.96,1,33,"F","Card",1472.96
2024-12-06,"Lyon Part-Dieu","Seller_7","Earbuds",656.91,1,40,"M","Card",656.91
2024-11-24,"Nice Promenade","Seller_19","Laptop",317.46,1,16,"M","Card",317.46
2024-05-11,"Lyon Part-Dieu","Seller_14","Tablet",408.24,2,16,"M","Check",816.48
2023-01-20,"Nice Promenade","Seller_17","Laptop",516.22,2,26,"M","Card",1032.44
2023-10-19,"Lyon Part-Dieu","Seller_13","Smartphone",239.34,1,33,NA,"Card",239.34
2023-02-15,"Toulouse Capitole","Seller_19","Accessories",952.08,1,18,"M","Card",952.08
2023-06-02,"Lyon Part-Dieu","Seller_1","Smartphone",822.51,1,37,"M","Card",822.51
2024-12-06,"Nice Promenade","Seller_4","Tablet",1041.18,1,36,"F","",1041.18
2023-08-20,"Toulouse Capitole","Seller_1","Laptop",194.51,1,38,"F","Card",194.51
2024-09-14,"Toulouse Capitole","Seller_25","Accessories",93.79,2,35,"F","Card",187.58
2023-11-27,"Paris Centre","Seller_19","Earbuds",1043.76,1,45,"F","Check",1043.76
2023-01-08,"Lyon Part-Dieu","Seller_20","Earbuds",484.65,1,65,"F","Card",484.65
2024-08-06,"Paris Centre","Seller_17","Laptop",1223.14,2,47,"F","Card",2446.28
2024-08-26,"Marseille Vieux-Port","Seller_10","Tablet",1469.41,1,45,"M","Card",1469.41
2024-03-19,"Lyon Part-Dieu","Seller_23","Laptop",1445.19,1,35,"M","Card",1445.19
2024-08-15,"Marseille Vieux-Port","Seller_24","Smartwatch",959.82,1,47,"M","Card",959.82
2024-08-13,"Paris Centre","Seller_19","Smartphone",82.29,2,38,"F","Card",164.58
2024-07-27,"Nice Promenade","Seller_20","Tablet",1016.28,1,17,"F","Card",1016.28
2023-03-21,"Nice Promenade","Seller_3","Laptop",354.16,1,20,"M","Card",354.16
2024-07-14,"Nice Promenade","Seller_24","Tablet",459.26,2,16,"M","",918.52
2023-04-08,"Marseille Vieux-Port","Seller_9","Laptop",201.88,2,24,"M","Card",403.76
2024-11-12,"Toulouse Capitole","Seller_20","Tablet",431.72,1,35,"M","Cash",431.72
2023-06-30,"Marseille Vieux-Port","Seller_23","Smartphone",1308.54,1,31,"F","Card",1308.54
2024-03-08,"Lyon Part-Dieu","Seller_15","Earbuds",449.75,1,18,"F","Card",449.75
2023-10-21,"Paris Centre","Seller_3","Smartwatch",1177.79,1,33,"M","Cash",1177.79
2024-09-21,"Toulouse Capitole","Seller_10","Laptop",1211.37,1,48,NA,"Card",1211.37
2024-10-12,"Paris Centre","Seller_2","Smartphone",284.82,1,31,"F","Cash",284.82
2024-11-23,"Nice Promenade","Seller_2","Tablet",803.88,2,33,"M","Card",1607.76
2023-07-13,"Marseille Vieux-Port","Seller_3","Smartphone",1425.72,2,42,"F","Card",2851.44
2024-05-27,"Toulouse Capitole","Seller_8","Tablet",415.05,2,43,"M","Card",830.1
2023-03-30,"Marseille Vieux-Port","Seller_21","Laptop",942.87,2,19,"M","Card",1885.74
2023-07-04,"Nice Promenade","Seller_4","Smartwatch",916.75,2,51,"M","Card",1833.5
2024-11-01,"Paris Centre","Seller_4","Accessories",1088.48,1,32,NA,"Card",1088.48
2024-09-30,"Toulouse Capitole","Seller_25","Tablet",742.74,1,48,"F","Cash",742.74
2024-04-25,"Marseille Vieux-Port","Seller_17","Laptop",141.29,2,30,"F","Card",282.58
2024-06-19,"Nice Promenade","Seller_17","Smartphone",264.18,2,36,"F","Cash",528.36
2023-03-25,"Paris Centre","Seller_23","Accessories",1205.41,1,47,"M","Card",1205.41
2023-08-03,"Paris Centre","Seller_6","Laptop",996.99,1,40,"F","Card",996.99
2024-11-06,"Marseille Vieux-Port","Seller_16","Smartphone",129.89,1,28,"M","Card",129.89
2023-08-03,"Marseille Vieux-Port","Seller_8","Smartphone",789.42,2,31,"M","Card",1578.84
2024-10-03,"Lyon Part-Dieu","Seller_19","Earbuds",1365.86,2,16,"F","Card",2731.72
2023-01-18,"Nice Promenade","Seller_3","Earbuds",1495.34,2,34,"F","",2990.68
2024-11-16,"Nice Promenade","Seller_9","Smartphone",1203.87,4,44,"F","",4815.48
2023-04-26,"Lyon Part-Dieu","Seller_15","Laptop",753.51,3,44,"M","Card",2260.53
2023-02-24,"Paris Centre","Seller_4","Earbuds",995.29,1,36,"M","Card",995.29
2023-06-10,"Nice Promenade","Seller_22","Accessories",1407.55,1,46,"M","Card",1407.55
2023-05-01,"Toulouse Capitole","Seller_11","Tablet",279.1,1,18,"F","Card",279.1
2024-10-10,"Toulouse Capitole","Seller_6","Tablet",1047.82,2,27,"M","Cash",2095.64
2023-01-24,"Marseille Vieux-Port","Seller_11","Tablet",516.23,2,37,"M","Cash",1032.46
2024-04-07,"Paris Centre","Seller_13","Smartphone",722.96,2,36,"F","Card",1445.92
2024-11-09,"Nice Promenade","Seller_15","Laptop",1403.18,2,50,"M","Card",2806.36
2023-10-16,"Lyon Part-Dieu","Seller_1","Smartphone",817.1,1,44,"M","Card",817.1
2024-07-05,"Toulouse Capitole","Seller_16","Accessories",622.1,3,31,"F","Card",1866.3
2024-05-14,"Nice Promenade","Seller_1","Tablet",246.87,1,40,"M","Check",246.87
2024-11-03,"Marseille Vieux-Port","Seller_8","Tablet",759.7,1,21,"F","Card",759.7
2023-03-19,"Marseille Vieux-Port","Seller_24","Smartphone",1267.73,3,27,"F","Cash",3803.19
2024-05-14,"Nice Promenade","Seller_12","Laptop",1409.95,3,35,NA,"Card",4229.85
2023-07-06,"Lyon Part-Dieu","Seller_24","Laptop",663.24,1,30,"M","Cash",663.24
2024-02-22,"Nice Promenade","Seller_17","Smartphone",1428.44,1,50,NA,"Card",1428.44
2024-08-10,"Nice Promenade","Seller_11","Earbuds",1269.1,2,43,"M","Card",2538.2
2023-05-15,"Lyon Part-Dieu","Seller_4","Smartwatch",912.1,2,50,"F","Card",1824.2
2023-01-17,"Toulouse Capitole","Seller_9","Smartphone",800.6,2,29,"M","Card",1601.2
2024-08-13,"Nice Promenade","Seller_2","Smartphone",NA,2,32,"M","Cash",NA
2024-04-30,"Paris Centre","Seller_7","Earbuds",1475.75,1,50,"M","Card",1475.75
2024-11-17,"Toulouse Capitole","Seller_5","Laptop",1212.66,1,32,"M","Card",1212.66
2023-07-22,"Paris Centre","Seller_14","Earbuds",1491.22,1,45,"F","Card",1491.22
2024-03-03,"Lyon Part-Dieu","Seller_12","Smartphone",1420.64,2,16,NA,"Card",2841.28
2024-09-09,"Lyon Part-Dieu","Seller_22","Earbuds",163.16,1,18,"M","Card",163.16
2023-10-24,"Nice Promenade","Seller_3","Smartwatch",965.97,1,33,NA,"Card",965.97
2024-12-07,"Marseille Vieux-Port","Seller_21","Tablet",1339.89,2,39,NA,"Cash",2679.78
2024-01-23,"Lyon Part-Dieu","Seller_23","Smartphone",105.7,1,36,"M","Cash",105.7
2023-12-02,"Paris Centre","Seller_2","Earbuds",298.54,1,47,"F","Card",298.54
2024-03-29,"Marseille Vieux-Port","Seller_13","Tablet",316.58,1,45,"F","Card",316.58
2023-07-26,"Nice Promenade","Seller_14","Smartphone",143.05,1,16,"M","Card",143.05
2023-06-23,"Lyon Part-Dieu","Seller_4","Laptop",1226.78,2,23,"F","Cash",2453.56
2024-03-12,"Paris Centre","Seller_8","Laptop",1279.38,2,21,"F","Cash",2558.76
2024-06-16,"Marseille Vieux-Port","Seller_11","Laptop",661.05,2,46,"M","Card",1322.1
2024-12-21,"Marseille Vieux-Port","Seller_12","Smartphone",417.08,1,40,"F","Card",417.08
2024-04-08,"Nice Promenade","Seller_4","Smartphone",95.62,2,26,NA,"Cash",191.24
2023-12-20,"Toulouse Capitole","Seller_25","Laptop",1449.35,2,48,"F","Card",2898.7
2024-02-23,"Marseille Vieux-Port","Seller_12","Smartphone",536.5,1,21,"F","Card",536.5
2024-07-04,"Nice Promenade","Seller_8","Earbuds",665.09,2,47,"F","Card",1330.18
2023-10-06,"Toulouse Capitole","Seller_16","Laptop",1238.54,1,37,"F","Card",1238.54
2024-01-04,"Lyon Part-Dieu","Seller_2","Tablet",1450.49,3,17,"F","Check",4351.47
2023-12-07,"Toulouse Capitole","Seller_13","Smartphone",608.43,1,54,"F","Check",608.43
2023-01-08,"Paris Centre","Seller_24","Earbuds",411.44,1,37,"F","Cash",411.44
2023-12-15,"Nice Promenade","Seller_24","Tablet",642.2,2,36,"M","Card",1284.4
2024-11-09,"Nice Promenade","Seller_10","Tablet",1330.16,3,28,"F","Check",3990.48
2023-05-24,"Marseille Vieux-Port","Seller_13","Tablet",1374.91,1,30,NA,"Card",1374.91
2023-10-03,"Lyon Part-Dieu","Seller_6","Smartphone",928.19,1,33,"F","Card",928.19
2023-06-13,"Paris Centre","Seller_4","Laptop",440.5,1,17,"F","Card",440.5
2024-04-01,"Toulouse Capitole","Seller_12","Earbuds",52.47,1,34,"F","Cash",52.47
2023-02-03,"Lyon Part-Dieu","Seller_12","Laptop",253.69,2,22,"F","Card",507.38
2024-01-11,"Lyon Part-Dieu","Seller_19","Tablet",1054.65,1,45,"F","Card",1054.65
2023-05-13,"Toulouse Capitole","Seller_24","Tablet",1251.42,3,56,"M","Card",3754.26
2023-02-14,"Marseille Vieux-Port","Seller_5","Earbuds",580.47,2,35,"F","Card",1160.94
2024-06-01,"Lyon Part-Dieu","Seller_2","Smartphone",1198.99,2,41,"F","Card",2397.98
2023-07-22,"Toulouse Capitole","Seller_5","Smartphone",416.93,1,28,"F","Card",416.93
2024-06-02,"Marseille Vieux-Port","Seller_1","Tablet",1203.43,1,27,"F","Card",1203.43
2023-09-10,"Lyon Part-Dieu","Seller_7","Smartphone",761.21,1,41,"F","Card",761.21
2023-05-02,"Lyon Part-Dieu","Seller_3","Smartphone",331.75,2,22,"F","Cash",663.5
2024-02-09,"Nice Promenade","Seller_22","Laptop",359.43,1,53,"F","Card",359.43
2024-11-13,"Nice Promenade","Seller_18","Laptop",493.81,1,19,"M","Card",493.81
2024-03-13,"Lyon Part-Dieu","Seller_23","Earbuds",801.72,2,57,NA,"",1603.44
2023-03-04,"Marseille Vieux-Port","Seller_7","Laptop",547.74,1,41,"M","",547.74
2023-03-30,"Toulouse Capitole","Seller_23","Accessories",170.27,1,22,"F","Card",170.27
2024-07-19,"Paris Centre","Seller_10","Laptop",679.55,4,38,"F","Card",2718.2
2024-08-04,"Lyon Part-Dieu","Seller_5","Laptop",1184.58,4,41,"M","Card",4738.32
2023-01-13,"Paris Centre","Seller_24","Laptop",1435.51,1,32,"F","Card",1435.51
2023-07-20,"Lyon Part-Dieu","Seller_3","Smartphone",1003.99,1,30,"M","Card",1003.99
2023-01-14,"Paris Centre","Seller_17","Accessories",1049.19,2,35,"M","Card",2098.38
2024-02-05,"Toulouse Capitole","Seller_10","Tablet",881.46,1,45,"F","",881.46
2024-02-24,"Marseille Vieux-Port","Seller_10","Smartphone",211.01,2,30,"M","Card",422.02
2024-03-18,"Lyon Part-Dieu","Seller_10","Tablet",625.76,2,17,"F","Check",1251.52
2024-04-18,"Lyon Part-Dieu","Seller_10","Laptop",1152.9,1,22,"M","Card",1152.9
2024-09-17,"Lyon Part-Dieu","Seller_25","Laptop",722.23,1,31,"F","Card",722.23
2023-07-04,"Paris Centre","Seller_3","Laptop",806.57,1,54,"M","Cash",806.57
2023-08-26,"Nice Promenade","Seller_17","Smartphone",882.85,2,34,"F","Check",1765.7
2023-02-22,"Nice Promenade","Seller_15","Laptop",566.45,1,16,"M","Card",566.45
2024-12-19,"Marseille Vieux-Port","Seller_8","Laptop",1348.85,1,65,"F","Cash",1348.85
2024-11-13,"Paris Centre","Seller_20","Smartphone",1483.78,2,49,"M","Card",2967.56
2023-11-04,"Paris Centre","Seller_1","Accessories",395.24,1,37,"M","Card",395.24
2024-10-27,"Toulouse Capitole","Seller_22","Smartphone",1004,1,25,"F","Card",1004
2023-09-07,"Lyon Part-Dieu","Seller_18","Laptop",869.96,2,31,"F","Check",1739.92
2023-03-23,"Paris Centre","Seller_6","Accessories",58.73,1,39,"F","Card",58.73
2023-09-01,"Toulouse Capitole","Seller_8","Earbuds",1485.44,1,19,"M","Cash",1485.44
2024-04-13,"Paris Centre","Seller_4","Tablet",383.7,1,30,NA,"Card",383.7
2023-07-30,"Lyon Part-Dieu","Seller_19","Earbuds",542.48,1,22,"F","Check",542.48
2023-02-08,"Lyon Part-Dieu","Seller_19","Smartphone",588.43,2,28,NA,"Card",1176.86
2023-11-01,"Marseille Vieux-Port","Seller_19","Smartphone",169.9,1,31,"M","Check",169.9
2024-04-21,"Paris Centre","Seller_5","Tablet",1193.68,1,16,"F","Card",1193.68
2023-04-15,"Toulouse Capitole","Seller_4","Smartphone",488.36,4,48,"M","Card",1953.44
2024-02-16,"Marseille Vieux-Port","Seller_18","Tablet",466.93,1,23,"F","Card",466.93
2023-11-24,"Paris Centre","Seller_9","Earbuds",669.03,1,43,"M","Card",669.03
2023-06-22,"Lyon Part-Dieu","Seller_15","Laptop",427.21,4,33,"F","Card",1708.84
2024-02-02,"Toulouse Capitole","Seller_13","Smartphone",1187.53,3,24,"F","",3562.59
2024-05-18,"Marseille Vieux-Port","Seller_20","Tablet",735.62,1,30,"M","Check",735.62
2023-06-21,"Toulouse Capitole","Seller_9","Laptop",881.88,2,20,"M","",1763.76
2023-11-04,"Marseille Vieux-Port","Seller_23","Laptop",482.91,1,17,"M","Card",482.91
2024-07-04,"Lyon Part-Dieu","Seller_22","Laptop",410.9,3,39,"M","Card",1232.7
2023-05-25,"Toulouse Capitole","Seller_1","Tablet",1435.32,3,54,"M","Card",4305.96
2024-07-03,"Lyon Part-Dieu","Seller_22","Tablet",459.87,1,40,"M","Card",459.87
2024-01-06,"Paris Centre","Seller_16","Earbuds",772.91,1,39,NA,"Card",772.91
2023-02-12,"Toulouse Capitole","Seller_23","Accessories",1117.91,1,39,"M","Card",1117.91
2024-09-20,"Toulouse Capitole","Seller_16","Smartwatch",1387.52,2,57,NA,"Check",2775.04
2024-03-30,"Marseille Vieux-Port","Seller_4","Laptop",940.98,3,32,"M","Cash",2822.94
2024-01-07,"Lyon Part-Dieu","Seller_19","Tablet",653.18,4,27,"F","Card",2612.72
2023-12-15,"Marseille Vieux-Port","Seller_6","Tablet",117.96,2,62,"F","Check",235.92
2024-11-23,"Nice Promenade","Seller_22","Smartphone",472.37,1,33,NA,"Card",472.37
2023-01-08,"Paris Centre","Seller_19","Smartphone",1115.42,1,47,"M","Card",1115.42
2024-11-25,"Marseille Vieux-Port","Seller_21","Tablet",1482.49,1,58,"M","Cash",1482.49
2023-09-26,"Marseille Vieux-Port","Seller_19","Laptop",1121.31,1,26,"F","Check",1121.31
2023-07-18,"Marseille Vieux-Port","Seller_7","Tablet",1454.05,3,58,"M","Cash",4362.15
2024-09-14,"Toulouse Capitole","Seller_12","Tablet",176.46,2,16,"F","Cash",352.92
2023-06-21,"Lyon Part-Dieu","Seller_19","Earbuds",1054.76,2,37,"F","Cash",2109.52
2023-07-27,"Paris Centre","Seller_6","Laptop",667.43,3,31,"F","Card",2002.29
2023-04-15,"Paris Centre","Seller_4","Earbuds",1006.23,3,48,"F","Card",3018.69
2023-09-19,"Nice Promenade","Seller_20","Laptop",738.45,1,39,"F","Card",738.45
2023-01-21,"Paris Centre","Seller_25","Smartphone",445.7,1,33,"M","Card",445.7
2023-03-22,"Marseille Vieux-Port","Seller_5","Smartphone",374.71,2,26,"F","Card",749.42
2024-02-22,"Paris Centre","Seller_2","Smartphone",620.51,2,37,"F","Card",1241.02
2023-09-28,"Toulouse Capitole","Seller_22","Smartphone",722.95,1,43,"M","Card",722.95
2023-11-09,"Lyon Part-Dieu","Seller_13","Tablet",1277.96,1,38,"F","Cash",1277.96
2024-10-31,"Lyon Part-Dieu","Seller_25","Earbuds",547.2,1,29,"M","Card",547.2
2024-11-10,"Toulouse Capitole","Seller_2","Earbuds",878.81,1,50,"F","Card",878.81
2024-04-25,"Toulouse Capitole","Seller_8","Earbuds",104.5,1,51,NA,"Card",104.5
2023-10-23,"Toulouse Capitole","Seller_8","Earbuds",678.92,2,36,"F","Card",1357.84
2023-05-15,"Nice Promenade","Seller_19","Earbuds",704.28,2,24,"F","Card",1408.56
2023-02-06,"Lyon Part-Dieu","Seller_23","Laptop",625.52,1,34,"F","",625.52
2023-02-05,"Marseille Vieux-Port","Seller_8","Smartphone",429.52,1,61,"M","Card",429.52
2023-05-06,"Lyon Part-Dieu","Seller_11","Tablet",1147.79,5,28,"F","Card",5738.95
2024-05-02,"Lyon Part-Dieu","Seller_3","Smartphone",616.05,4,16,"F","Card",2464.2
2023-11-02,"Marseille Vieux-Port","Seller_20","Smartphone",861.77,3,28,"M","",2585.31
2023-05-26,"Nice Promenade","Seller_9","Smartphone",265.8,1,66,NA,"Card",265.8
2024-01-31,"Marseille Vieux-Port","Seller_20","Smartphone",710.16,3,31,"M","Card",2130.48
2023-12-06,"Toulouse Capitole","Seller_20","Laptop",407.92,3,37,"F","Cash",1223.76
2024-07-23,"Paris Centre","Seller_13","Smartwatch",1016.15,1,28,"F","Card",1016.15
2023-05-23,"Lyon Part-Dieu","Seller_23","Earbuds",1006.22,1,21,"M","Card",1006.22
2023-11-03,"Nice Promenade","Seller_5","Tablet",1292.09,1,48,"F","Cash",1292.09
2023-12-14,"Toulouse Capitole","Seller_16","Laptop",1472.6,2,27,"M","Card",2945.2
2024-05-21,"Toulouse Capitole","Seller_10","Smartphone",835.89,2,28,"M","Card",1671.78
2024-10-01,"Toulouse Capitole","Seller_5","Tablet",1456.53,2,33,"M","Card",2913.06
2023-09-30,"Paris Centre","Seller_19","Tablet",276.63,3,37,"F","Card",829.89
2024-11-13,"Marseille Vieux-Port","Seller_8","Laptop",1056.49,1,39,"M","Card",1056.49
2024-06-18,"Toulouse Capitole","Seller_3","Laptop",1355.86,2,28,"M","Card",2711.72
2023-08-05,"Toulouse Capitole","Seller_17","Earbuds",1462.31,3,39,"F","Cash",4386.93
2024-10-02,"Marseille Vieux-Port","Seller_1","Laptop",1426.43,2,37,"M","Card",2852.86
2023-10-08,"Paris Centre","Seller_4","Smartphone",1499.03,2,26,NA,"Card",2998.06
2024-07-25,"Lyon Part-Dieu","Seller_12","Smartphone",535.97,1,55,"M","Card",535.97
2024-02-25,"Lyon Part-Dieu","Seller_22","Laptop",1336.52,1,55,"F","Card",1336.52
2024-12-09,"Toulouse Capitole","Seller_13","Earbuds",1318.12,3,32,"M","Card",3954.36
2023-07-14,"Marseille Vieux-Port","Seller_25","Earbuds",1242.09,1,48,"F","Cash",1242.09
2023-01-23,"Toulouse Capitole","Seller_2","Laptop",1452.89,2,29,"M","Card",2905.78
2024-09-23,"Lyon Part-Dieu","Seller_14","Laptop",211.99,1,37,"M","Card",211.99
2024-03-28,"Nice Promenade","Seller_24","Tablet",1007.11,2,34,"M","Card",2014.22
2024-10-21,"Lyon Part-Dieu","Seller_25","Laptop",663.9,2,54,"M","Card",1327.8
2024-01-27,"Paris Centre","Seller_6","Laptop",746.18,3,52,"F","Card",2238.54
2024-03-11,"Lyon Part-Dieu","Seller_7","Accessories",953.18,1,48,"F","Card",953.18
2024-09-22,"Nice Promenade","Seller_21","Smartphone",242.62,1,46,"F","Card",242.62
2024-03-13,"Marseille Vieux-Port","Seller_14","Smartphone",1215.74,1,41,"M","Cash",1215.74
2024-05-04,"Toulouse Capitole","Seller_14","Smartphone",1274.89,1,44,"M","Cash",1274.89
2023-02-08,"Paris Centre","Seller_5","Laptop",545.32,1,36,"M","Check",545.32
2024-10-11,"Toulouse Capitole","Seller_2","Smartphone",655.81,2,42,"M","",1311.62
2024-09-13,"Lyon Part-Dieu","Seller_11","Tablet",771.99,3,31,"M","Card",2315.97
2024-02-20,"Marseille Vieux-Port","Seller_6","Tablet",208.63,1,36,"M","Card",208.63
2023-05-27,"Paris Centre","Seller_19","Earbuds",1317.47,3,34,"M","Check",3952.41
2023-04-25,"Lyon Part-Dieu","Seller_17","Smartphone",799.04,1,34,"F","Card",799.04
2024-11-04,"Lyon Part-Dieu","Seller_24","Smartphone",1380.96,1,35,"F","Card",1380.96
2023-08-09,"Paris Centre","Seller_10","Smartphone",659.95,3,29,"F","Card",1979.85
2023-09-17,"Paris Centre","Seller_6","Laptop",386.13,1,45,"M","Check",386.13
2024-12-31,"Marseille Vieux-Port","Seller_10","Laptop",1325.42,1,41,"M","Card",1325.42
2023-12-22,"Lyon Part-Dieu","Seller_6","Laptop",829.73,2,45,"F","Card",1659.46
2023-12-01,"Paris Centre","Seller_18","Laptop",953.9,2,23,"M","Cash",1907.8
2024-11-20,"Toulouse Capitole","Seller_6","Tablet",683.49,2,32,"M","Card",1366.98
2023-07-22,"Toulouse Capitole","Seller_25","Laptop",222.08,1,35,"M","Card",222.08
2023-12-31,"Nice Promenade","Seller_24","Laptop",1117.9,3,45,"M","Card",3353.7
2024-07-27,"Paris Centre","Seller_6","Smartphone",1394.91,1,26,"M","",1394.91
2024-02-13,"Marseille Vieux-Port","Seller_13","Laptop",534.53,3,42,"F","Card",1603.59
2024-03-16,"Lyon Part-Dieu","Seller_16","Tablet",249.5,1,34,"M","Card",249.5
2023-10-18,"Toulouse Capitole","Seller_20","Laptop",898.4,2,41,"M","Check",1796.8
2023-07-27,"Toulouse Capitole","Seller_16","Tablet",214.99,1,40,"F","Check",214.99
2023-02-22,"Paris Centre","Seller_4","Earbuds",1441.74,1,41,"M","Card",1441.74
2023-01-21,"Nice Promenade","Seller_4","Earbuds",210.04,2,43,"F","Card",420.08
2023-04-23,"Nice Promenade","Seller_23","Smartphone",51.02,1,33,"M","Check",51.02
2024-09-11,"Paris Centre","Seller_25","Smartphone",1037.09,2,46,"F","Check",2074.18
2024-07-23,"Toulouse Capitole","Seller_14","Tablet",112.68,1,22,"F","Card",112.68
2024-04-05,"Lyon Part-Dieu","Seller_11","Earbuds",586.58,2,68,"M","Card",1173.16
2024-12-12,"Marseille Vieux-Port","Seller_17","Laptop",463.09,2,27,NA,"",926.18
2023-07-15,"Nice Promenade","Seller_17","Laptop",1184.01,1,34,NA,"Card",1184.01
2023-08-20,"Nice Promenade","Seller_6","Laptop",160.35,3,47,"M","Card",481.05
2024-09-21,"Lyon Part-Dieu","Seller_11","Smartphone",559,1,45,"F","Card",559
2024-09-16,"Marseille Vieux-Port","Seller_8","Laptop",69.56,1,43,"F","Card",69.56
2023-01-14,"Paris Centre","Seller_16","Laptop",759.33,2,40,"M","Card",1518.66
2024-12-19,"Lyon Part-Dieu","Seller_12","Smartphone",1137.5,1,25,"M","Card",1137.5
2024-03-23,"Nice Promenade","Seller_13","Smartphone",1197.61,1,34,"F","Check",1197.61
2024-01-17,"Toulouse Capitole","Seller_5","Smartphone",274.65,1,16,"F","",274.65
2024-08-12,"Nice Promenade","Seller_19","Laptop",1179.03,1,45,"F","Card",1179.03
2024-07-27,"Paris Centre","Seller_15","Earbuds",1071.56,1,16,"F","Card",1071.56
2024-11-20,"Paris Centre","Seller_19","Earbuds",226.38,2,34,"F","Card",452.76
2024-05-26,"Marseille Vieux-Port","Seller_1","Tablet",967.87,1,31,"M","",967.87
2024-10-15,"Paris Centre","Seller_16","Tablet",394.1,1,33,"M","Card",394.1
2024-11-14,"Toulouse Capitole","Seller_21","Tablet",1322.61,2,19,"M","Card",2645.22
2023-12-22,"Paris Centre","Seller_18","Smartphone",1359.45,1,26,"F","Card",1359.45
2024-09-25,"Nice Promenade","Seller_25","Accessories",429.4,1,35,NA,"Card",429.4
2024-04-12,"Marseille Vieux-Port","Seller_5","Earbuds",776.17,1,37,"F","Card",776.17
2024-10-31,"Nice Promenade","Seller_13","Smartphone",1245.46,2,29,"F","Card",2490.92
2024-02-09,"Lyon Part-Dieu","Seller_11","Tablet",266.51,1,37,NA,"Card",266.51
2024-08-11,"Paris Centre","Seller_15","Smartphone",1295.09,1,29,NA,"Card",1295.09
2024-07-30,"Marseille Vieux-Port","Seller_12","Earbuds",1082.66,2,36,"M","Card",2165.32
2024-09-07,"Paris Centre","Seller_10","Laptop",1168.71,1,36,"M","Card",1168.71
2023-09-15,"Paris Centre","Seller_4","Tablet",1164.31,2,16,"M","Card",2328.62
2023-03-17,"Nice Promenade","Seller_8","Tablet",91.46,3,33,NA,"Card",274.38
2024-10-31,"Marseille Vieux-Port","Seller_11","Tablet",1259.9,5,49,"F","Cash",6299.5
2024-11-03,"Marseille Vieux-Port","Seller_10","Smartphone",1061.6,3,51,"F","Card",3184.8
2023-02-22,"Toulouse Capitole","Seller_11","Smartphone",1418.17,3,48,"M","Card",4254.51
2024-04-20,"Nice Promenade","Seller_24","Laptop",308.39,2,56,"F","Cash",616.78
2024-01-05,"Toulouse Capitole","Seller_20","Smartphone",157.35,1,45,NA,"Card",157.35
2024-04-16,"Marseille Vieux-Port","Seller_5","Laptop",1127.25,1,31,"F","Card",1127.25
2023-10-11,"Toulouse Capitole","Seller_20","Laptop",114.43,3,45,NA,"Card",343.29
2023-04-11,"Toulouse Capitole","Seller_22","Tablet",438.28,1,62,"M","Card",438.28
2023-05-09,"Lyon Part-Dieu","Seller_15","Tablet",147.27,2,51,"F","",294.54
2024-03-24,"Lyon Part-Dieu","Seller_25","Accessories",1290.94,1,43,"F","",1290.94
2024-08-29,"Toulouse Capitole","Seller_3","Laptop",970.76,2,45,"M","Card",1941.52
2023-08-19,"Paris Centre","Seller_12","Laptop",588.53,1,35,"F","Card",588.53
2024-02-09,"Nice Promenade","Seller_20","Smartphone",918.72,1,68,"M","Card",918.72
2023-03-21,"Nice Promenade","Seller_9","Laptop",1286.1,1,35,NA,"Card",1286.1
2023-02-26,"Lyon Part-Dieu","Seller_19","Laptop",839.85,1,42,"F","Card",839.85
2023-08-22,"Paris Centre","Seller_9","Laptop",1019.76,1,28,"F","Card",1019.76
2023-07-05,"Lyon Part-Dieu","Seller_6","Earbuds",1177.58,1,36,"M","Check",1177.58
2023-06-08,"Toulouse Capitole","Seller_23","Earbuds",870.72,1,46,"F","Card",870.72
2024-08-06,"Paris Centre","Seller_12","Laptop",206.29,3,41,NA,"Cash",618.87
2024-10-02,"Nice Promenade","Seller_24","Laptop",208.09,1,58,"F","Check",208.09
2024-12-27,"Nice Promenade","Seller_15","Tablet",76.93,1,45,"M","Card",76.93
2024-06-09,"Toulouse Capitole","Seller_6","Tablet",903.78,1,16,"F","Card",903.78
2024-07-06,"Marseille Vieux-Port","Seller_15","Smartphone",178.65,1,18,"M","Card",178.65
2024-05-29,"Nice Promenade","Seller_18","Smartphone",1063.04,4,45,"M","Card",4252.16
2023-03-18,"Paris Centre","Seller_17","Smartphone",247.86,1,48,"M","Card",247.86
2024-01-11,"Lyon Part-Dieu","Seller_3","Laptop",300.13,2,28,"F","Card",600.26
2024-02-12,"Paris Centre","Seller_15","Laptop",1307,1,40,"M","Card",1307
2023-11-18,"Lyon Part-Dieu","Seller_23","Tablet",58.54,2,62,"M","Card",117.08
2023-07-30,"Toulouse Capitole","Seller_5","Accessories",699.04,3,52,"M","Card",2097.12
2024-04-16,"Nice Promenade","Seller_16","Smartphone",1303.25,1,32,"M","Card",1303.25
2024-03-08,"Toulouse Capitole","Seller_10","Earbuds",176.69,1,51,"F","Cash",176.69
2023-10-24,"Lyon Part-Dieu","Seller_21","Accessories",422.68,1,22,NA,"Card",422.68
2024-06-17,"Paris Centre","Seller_15","Smartphone",1226.33,1,43,"M","Cash",1226.33
2023-10-27,"Lyon Part-Dieu","Seller_12","Laptop",377.86,2,16,"M","Cash",755.72
2024-04-02,"Paris Centre","Seller_18","Tablet",1148.58,1,50,"F","Card",1148.58
2024-11-26,"Nice Promenade","Seller_7","Smartphone",216.28,1,45,"M","Card",216.28
2023-09-10,"Nice Promenade","Seller_5","Smartphone",833.83,2,60,"M","Card",1667.66
2023-10-10,"Marseille Vieux-Port","Seller_8","Smartphone",1156.23,3,22,"F","Card",3468.69
2024-08-26,"Toulouse Capitole","Seller_19","Accessories",173.64,1,34,"M","Card",173.64
2023-04-20,"Nice Promenade","Seller_8","Laptop",1301.27,1,39,"M","Card",1301.27
2023-07-31,"Paris Centre","Seller_6","Tablet",1186.25,3,38,NA,"Card",3558.75
2024-09-14,"Toulouse Capitole","Seller_11","Laptop",235.33,3,35,"F","Card",705.99
2023-10-31,"Paris Centre","Seller_17","Smartphone",1283.67,1,16,"F","Card",1283.67
2024-02-09,"Nice Promenade","Seller_4","Earbuds",1057.43,1,27,"M","Card",1057.43
2024-08-07,"Marseille Vieux-Port","Seller_21","Tablet",1230.85,1,34,"M","Card",1230.85
2023-08-25,"Nice Promenade","Seller_8","Accessories",1466.51,5,47,"F","Card",7332.55
2024-09-13,"Toulouse Capitole","Seller_22","Tablet",1445.79,2,20,"M","",2891.58
2024-01-09,"Paris Centre","Seller_4","Smartphone",634.52,2,35,"F","Card",1269.04
2024-02-15,"Marseille Vieux-Port","Seller_13","Smartphone",839.19,1,45,"M","Cash",839.19
2023-09-02,"Lyon Part-Dieu","Seller_14","Smartphone",359.79,1,59,"F","Card",359.79
2024-02-13,"Marseille Vieux-Port","Seller_12","Smartphone",863.8,1,33,"F","Card",863.8
2024-07-26,"Marseille Vieux-Port","Seller_12","Smartphone",438.02,1,28,"M","Card",438.02
2024-03-30,"Nice Promenade","Seller_1","Smartphone",268.91,3,30,"M","Card",806.73
2024-05-18,"Marseille Vieux-Port","Seller_3","Laptop",459.75,2,25,"M","Cash",919.5
2024-03-07,"Nice Promenade","Seller_17","Laptop",758.13,1,24,NA,"Card",758.13
2023-04-25,"Toulouse Capitole","Seller_25","Tablet",1180.24,1,36,"F","Cash",1180.24
2024-04-20,"Toulouse Capitole","Seller_13","Smartphone",1353.73,1,23,"F","Cash",1353.73
2023-10-09,"Marseille Vieux-Port","Seller_9","Earbuds",730.82,1,31,"F","Card",730.82
2023-05-04,"Toulouse Capitole","Seller_3","Laptop",1374.34,2,40,"F","Card",2748.68
2024-01-25,"Lyon Part-Dieu","Seller_21","Laptop",748.71,1,17,"F","Card",748.71
2024-01-28,"Marseille Vieux-Port","Seller_2","Earbuds",579.9,2,32,"F","Check",1159.8
2023-05-27,"Marseille Vieux-Port","Seller_5","Smartphone",499.87,1,24,"F","Card",499.87
2024-09-06,"Paris Centre","Seller_24","Earbuds",324.21,3,20,"M","Card",972.63
2023-10-21,"Toulouse Capitole","Seller_19","Smartphone",915.93,1,48,"F","Card",915.93
2024-12-06,"Lyon Part-Dieu","Seller_11","Laptop",1164,2,30,"M","Card",2328
2024-03-22,"Paris Centre","Seller_11","Earbuds",1448.5,2,20,"F","Card",2897
2023-03-20,"Toulouse Capitole","Seller_4","Laptop",252.77,2,34,NA,"Card",505.54
2024-06-19,"Lyon Part-Dieu","Seller_13","Accessories",85.55,1,34,"F","Cash",85.55
2023-10-02,"Toulouse Capitole","Seller_9","Smartphone",612.03,2,19,"M","Card",1224.06
2023-11-03,"Paris Centre","Seller_9","Laptop",1130.71,1,52,"M","Cash",1130.71
2024-06-16,"Lyon Part-Dieu","Seller_23","Smartphone",445.31,2,19,"M","Card",890.62
2024-08-25,"Lyon Part-Dieu","Seller_22","Laptop",926.63,1,41,"F","Card",926.63
2023-02-17,"Nice Promenade","Seller_3","Laptop",1174.01,2,46,"M","Card",2348.02
2023-10-20,"Nice Promenade","Seller_9","Smartphone",438.34,1,36,"F","Card",438.34
2023-04-16,"Toulouse Capitole","Seller_9","Laptop",150.39,1,16,"M","Card",150.39
2023-04-10,"Marseille Vieux-Port","Seller_6","Laptop",921.51,1,29,"M","Card",921.51
2023-06-30,"Toulouse Capitole","Seller_18","Laptop",367.78,2,16,"F","Card",735.56
2024-12-03,"Marseille Vieux-Port","Seller_15","Smartphone",1150.27,1,29,"M","Card",1150.27
2023-11-17,"Lyon Part-Dieu","Seller_15","Smartphone",1496.74,1,41,"M","Card",1496.74
2023-12-28,"Nice Promenade","Seller_12","Laptop",996.5,2,16,"F","Check",1993
2024-01-30,"Paris Centre","Seller_9","Smartphone",1229.17,1,34,"F","Card",1229.17
2024-12-21,"Marseille Vieux-Port","Seller_23","Laptop",1366.04,1,47,"F","Cash",1366.04
2024-08-05,"Lyon Part-Dieu","Seller_9","Tablet",1030.32,1,27,"F","",1030.32
2023-10-06,"Lyon Part-Dieu","Seller_9","Tablet",1434.83,1,25,"F","",1434.83
2024-10-13,"Marseille Vieux-Port","Seller_9","Earbuds",1063.21,1,34,"F","Check",1063.21
2024-12-27,"Paris Centre","Seller_22","Tablet",743.76,2,44,"M","Card",1487.52
2024-02-22,"Toulouse Capitole","Seller_8","Earbuds",1138.27,1,56,"F","Cash",1138.27
2024-12-24,"Nice Promenade","Seller_4","Tablet",725.68,4,44,"F","Card",2902.72
2024-08-29,"Toulouse Capitole","Seller_9","Smartphone",128.6,2,22,"M","Card",257.2
2023-01-11,"Paris Centre","Seller_18","Tablet",620.2,1,33,"M","Card",620.2
2023-10-18,"Nice Promenade","Seller_16","Earbuds",766.07,2,48,"M","Check",1532.14
2023-04-18,"Lyon Part-Dieu","Seller_24","Laptop",793.65,1,41,"F","Check",793.65
2023-11-28,"Marseille Vieux-Port","Seller_2","Laptop",1286.17,2,20,"F","Check",2572.34
2023-07-28,"Marseille Vieux-Port","Seller_19","Tablet",1185.01,1,40,"M","Check",1185.01
2023-08-24,"Lyon Part-Dieu","Seller_23","Smartphone",795.8,4,33,"F","Card",3183.2
2023-07-16,"Paris Centre","Seller_17","Smartphone",1300.18,2,48,"M","Card",2600.36
2024-03-21,"Marseille Vieux-Port","Seller_8","Tablet",590.24,1,26,"F","Card",590.24
2024-12-12,"Nice Promenade","Seller_11","Tablet",361.13,3,30,"F","Card",1083.39
2023-08-13,"Paris Centre","Seller_22","Tablet",1311.85,2,45,"F","Card",2623.7
2024-11-01,"Toulouse Capitole","Seller_23","Tablet",777.79,1,49,"F","Cash",777.79
2023-12-03,"Paris Centre","Seller_14","Earbuds",670.8,1,48,"M","Card",670.8
2023-04-22,"Nice Promenade","Seller_10","Smartphone",545.57,3,33,"M","Card",1636.71
2024-05-31,"Marseille Vieux-Port","Seller_7","Smartphone",1392.26,1,34,"F","",1392.26
2024-06-06,"Paris Centre","Seller_15","Smartwatch",512.82,1,37,"M","Card",512.82
2024-11-06,"Toulouse Capitole","Seller_14","Laptop",1455.4,1,18,"M","Card",1455.4
2024-11-10,"Toulouse Capitole","Seller_22","Earbuds",1182.89,2,38,"F","Card",2365.78
2023-01-06,"Paris Centre","Seller_20","Earbuds",1439.75,1,40,"F","Cash",1439.75
2024-01-17,"Toulouse Capitole","Seller_6","Laptop",1387.27,1,34,"F","Card",1387.27
2024-02-10,"Toulouse Capitole","Seller_15","Laptop",1340.3,1,28,"F","Card",1340.3
2024-10-04,"Toulouse Capitole","Seller_9","Smartphone",1196.12,1,26,"M","Card",1196.12
2023-04-12,"Nice Promenade","Seller_25","Smartwatch",494.55,2,24,"M","Card",989.1
2023-06-13,"Toulouse Capitole","Seller_21","Earbuds",1096.09,2,40,"M","Card",2192.18
2023-05-30,"Toulouse Capitole","Seller_6","Tablet",519.18,2,36,"M","Cash",1038.36
2023-09-22,"Nice Promenade","Seller_20","Smartphone",128.12,3,22,"F","Card",384.36
2024-11-26,"Paris Centre","Seller_23","Smartphone",333.74,3,36,"F","Check",1001.22
2023-01-05,"Paris Centre","Seller_1","Tablet",812.8,1,16,"F","Card",812.8
2023-02-03,"Toulouse Capitole","Seller_23","Earbuds",577.84,1,32,NA,"Card",577.84
2023-06-11,"Toulouse Capitole","Seller_16","Laptop",119.37,1,52,"F","Card",119.37
2024-01-20,"Lyon Part-Dieu","Seller_9","Tablet",802.65,3,52,"M","Card",2407.95
2023-10-21,"Toulouse Capitole","Seller_14","Earbuds",885.41,1,42,"F","Card",885.41
2023-10-02,"Marseille Vieux-Port","Seller_16","Laptop",NA,3,38,"M","",NA
2023-09-20,"Paris Centre","Seller_14","Laptop",212.61,1,26,"M","Card",212.61
2023-11-14,"Lyon Part-Dieu","Seller_16","Earbuds",796.49,1,32,"F","Card",796.49
2024-01-04,"Paris Centre","Seller_3","Laptop",1304.52,2,44,NA,"Card",2609.04
2024-01-18,"Marseille Vieux-Port","Seller_22","Laptop",855.34,4,66,"F","Card",3421.36
2024-10-09,"Paris Centre","Seller_16","Tablet",965.18,1,28,"M","Card",965.18
2024-04-12,"Nice Promenade","Seller_24","Smartphone",237.26,1,56,"M","Card",237.26
2023-10-25,"Lyon Part-Dieu","Seller_13","Smartphone",1033.11,2,37,"F","Card",2066.22
2023-07-29,"Toulouse Capitole","Seller_12","Smartwatch",1077.83,1,16,"M","Card",1077.83
2024-09-14,"Nice Promenade","Seller_21","Earbuds",62.6,1,52,"F","Card",62.6
2024-07-31,"Toulouse Capitole","Seller_24","Tablet",1128.47,1,34,"M","Card",1128.47
2024-11-08,"Lyon Part-Dieu","Seller_24","Smartwatch",212.05,2,17,"F","",424.1
2023-10-05,"Nice Promenade","Seller_14","Laptop",488.01,1,29,"M","",488.01
2023-08-31,"Lyon Part-Dieu","Seller_20","Smartphone",881.6,1,39,"M","Card",881.6
2023-05-15,"Paris Centre","Seller_2","Laptop",1204.34,2,38,"M","Card",2408.68
2024-05-08,"Toulouse Capitole","Seller_12","Smartphone",847.43,1,48,"F","Cash",847.43
2023-11-17,"Lyon Part-Dieu","Seller_19","Smartphone",1195.23,1,52,"M","Card",1195.23
2023-07-02,"Lyon Part-Dieu","Seller_13","Smartphone",135.67,1,38,"M","Card",135.67
2024-01-28,"Lyon Part-Dieu","Seller_8","Smartwatch",425.85,1,40,"F","Card",425.85
2024-06-10,"Marseille Vieux-Port","Seller_11","Smartphone",1110.46,1,37,"M","Card",1110.46
2024-09-05,"Marseille Vieux-Port","Seller_13","Laptop",1225.13,3,24,"F","Card",3675.39
2024-12-31,"Marseille Vieux-Port","Seller_21","Tablet",1181.58,1,45,"F","Card",1181.58
2023-04-05,"Marseille Vieux-Port","Seller_19","Smartphone",136.37,1,53,"M","Card",136.37
2023-02-14,"Lyon Part-Dieu","Seller_16","Earbuds",532.28,1,28,"F","Card",532.28
2024-08-17,"Marseille Vieux-Port","Seller_24","Smartphone",964.45,1,43,"F","Check",964.45
2024-08-20,"Marseille Vieux-Port","Seller_17","Smartphone",1375.1,2,27,"F","Card",2750.2
2023-05-31,"Marseille Vieux-Port","Seller_22","Laptop",684.99,4,35,"F","Card",2739.96
2024-12-30,"Nice Promenade","Seller_7","Tablet",1205.02,2,51,"M","Card",2410.04
2023-12-22,"Lyon Part-Dieu","Seller_12","Laptop",1151.16,1,28,"F","Card",1151.16
2023-12-26,"Toulouse Capitole","Seller_1","Smartwatch",251.64,1,26,"F","Card",251.64
2023-11-16,"Toulouse Capitole","Seller_10","Tablet",772.62,1,16,"F","Card",772.62
2023-03-14,"Paris Centre","Seller_3","Smartphone",614.58,2,47,"F","Card",1229.16
2023-01-29,"Toulouse Capitole","Seller_15","Laptop",995.38,2,29,"M","Card",1990.76
2024-11-14,"Nice Promenade","Seller_11","Earbuds",823.61,2,23,"F","Card",1647.22
2023-09-01,"Lyon Part-Dieu","Seller_17","Laptop",668.68,1,31,"M","Card",668.68
2023-09-22,"Toulouse Capitole","Seller_20","Smartwatch",853.24,1,64,"F","Card",853.24
2023-09-15,"Marseille Vieux-Port","Seller_6","Smartphone",233.09,1,19,"F","Card",233.09
2023-10-19,"Toulouse Capitole","Seller_22","Smartphone",475.95,1,25,"M","Card",475.95
2023-11-01,"Nice Promenade","Seller_24","Smartphone",1118.91,1,18,"M","Card",1118.91
2024-05-15,"Toulouse Capitole","Seller_17","Smartphone",196.67,2,35,"F","Card",393.34
2023-02-23,"Marseille Vieux-Port","Seller_1","Tablet",500.45,2,40,"M","Check",1000.9
2024-07-22,"Marseille Vieux-Port","Seller_20","Laptop",663.91,3,42,"F","Card",1991.73
2024-05-01,"Marseille Vieux-Port","Seller_21","Smartphone",1271.89,1,32,"M","Card",1271.89
2023-05-31,"Toulouse Capitole","Seller_23","Earbuds",1246.49,4,57,"M","Check",4985.96
2024-10-24,"Marseille Vieux-Port","Seller_16","Earbuds",1445.02,3,37,"M","Card",4335.06
2023-09-11,"Paris Centre","Seller_17","Tablet",668.93,1,52,NA,"Card",668.93
2023-11-01,"Nice Promenade","Seller_11","Laptop",391.04,1,29,"M","Check",391.04
2024-02-01,"Nice Promenade","Seller_9","Earbuds",1228.75,1,38,"F","Card",1228.75
2024-06-11,"Nice Promenade","Seller_23","Tablet",573.85,1,25,NA,"Card",573.85
2024-03-14,"Marseille Vieux-Port","Seller_11","Smartphone",584.03,2,37,"M","Card",1168.06
2023-04-30,"Paris Centre","Seller_2","Earbuds",799.27,1,48,"F","Cash",799.27
2024-03-26,"Lyon Part-Dieu","Seller_24","Accessories",376.06,1,46,"M","Card",376.06
2023-02-03,"Marseille Vieux-Port","Seller_9","Laptop",1203.52,2,26,"M","Card",2407.04
2023-11-30,"Lyon Part-Dieu","Seller_1","Smartphone",1086.16,1,37,"F","Check",1086.16
2024-12-23,"Toulouse Capitole","Seller_5","Tablet",967.88,2,21,"F","Card",1935.76
2023-03-02,"Lyon Part-Dieu","Seller_1","Earbuds",591.91,1,34,"M","Card",591.91
2024-09-02,"Marseille Vieux-Port","Seller_7","Laptop",1288.03,2,48,"M","Card",2576.06
2023-10-18,"Toulouse Capitole","Seller_14","Tablet",1245.11,1,24,"M","Cash",1245.11
2024-03-28,"Lyon Part-Dieu","Seller_10","Earbuds",417.4,1,36,"M","Card",417.4
2023-01-01,"Paris Centre","Seller_3","Smartphone",651.31,1,54,"F","Card",651.31
2023-10-30,"Marseille Vieux-Port","Seller_20","Laptop",656.16,1,32,"F","Cash",656.16
2024-07-13,"Paris Centre","Seller_3","Earbuds",1450.98,1,47,"M","Card",1450.98
2023-09-19,"Toulouse Capitole","Seller_12","Smartphone",813.84,1,16,"F","Card",813.84
2023-11-20,"Marseille Vieux-Port","Seller_4","Laptop",1196.47,2,45,"F","Card",2392.94
2023-01-25,"Paris Centre","Seller_8","Earbuds",963.48,1,16,"F","Card",963.48
2024-10-17,"Lyon Part-Dieu","Seller_21","Laptop",912.75,3,22,"M","Card",2738.25
2023-01-14,"Nice Promenade","Seller_15","Earbuds",79.33,1,43,NA,"Card",79.33
2023-10-26,"Marseille Vieux-Port","Seller_24","Tablet",936.28,2,40,NA,"Cash",1872.56
2023-06-07,"Toulouse Capitole","Seller_14","Laptop",1127.77,1,16,NA,"Card",1127.77
2024-05-26,"Nice Promenade","Seller_13","Smartphone",867.05,2,42,"M","Card",1734.1
2023-12-23,"Toulouse Capitole","Seller_24","Smartphone",495.54,3,57,"M","",1486.62
2024-03-12,"Paris Centre","Seller_3","Accessories",203.58,1,21,"F","Card",203.58
2023-02-27,"Nice Promenade","Seller_16","Laptop",804.3,2,67,"M","Card",1608.6
2023-05-21,"Paris Centre","Seller_24","Laptop",1089.06,1,28,"M","Card",1089.06
2023-08-27,"Toulouse Capitole","Seller_17","Laptop",513.14,1,21,"F","Card",513.14
2024-12-22,"Lyon Part-Dieu","Seller_21","Tablet",336.6,1,32,"M","Card",336.6
2023-06-16,"Nice Promenade","Seller_10","Tablet",392.19,4,16,"M","Card",1568.76
2023-03-09,"Nice Promenade","Seller_16","Tablet",70.58,1,55,"F","Card",70.58
2023-06-12,"Toulouse Capitole","Seller_8","Smartphone",1387.11,2,21,"F","Cash",2774.22
2023-02-25,"Nice Promenade","Seller_19","Laptop",331.75,1,30,"M","Card",331.75
2024-07-09,"Nice Promenade","Seller_19","Smartphone",176.95,2,36,"F","Check",353.9
2024-12-15,"Paris Centre","Seller_22","Laptop",1483.58,4,35,"M","Check",5934.32
2024-06-22,"Lyon Part-Dieu","Seller_2","Smartphone",797.79,1,38,"F","Cash",797.79
2024-05-22,"Toulouse Capitole","Seller_20","Tablet",235.09,4,38,"M","Card",940.36
2024-07-15,"Marseille Vieux-Port","Seller_7","Earbuds",936.39,1,29,"F","Card",936.39
2024-07-18,"Paris Centre","Seller_7","Earbuds",783.35,1,46,NA,"Check",783.35
2023-12-07,"Toulouse Capitole","Seller_13","Earbuds",864.56,1,23,"M","",864.56
2023-02-16,"Nice Promenade","Seller_21","Smartphone",158.43,3,44,"M","Card",475.29
2023-01-25,"Lyon Part-Dieu","Seller_15","Laptop",1246.5,3,40,NA,"Card",3739.5
2024-11-19,"Nice Promenade","Seller_22","Laptop",830.86,3,39,"M","Cash",2492.58
2023-01-05,"Toulouse Capitole","Seller_17","Smartphone",1470.88,1,40,"M","Cash",1470.88
2024-07-16,"Marseille Vieux-Port","Seller_8","Laptop",849.32,1,47,"F","Card",849.32
2024-01-16,"Nice Promenade","Seller_2","Smartphone",1399.8,1,16,NA,"Card",1399.8
2024-04-10,"Nice Promenade","Seller_17","Laptop",634.33,1,54,"M","Card",634.33
2024-11-05,"Nice Promenade","Seller_21","Earbuds",753.56,1,34,"M","",753.56
2024-07-27,"Toulouse Capitole","Seller_6","Smartphone",1382.35,1,19,"M","Card",1382.35
2023-06-29,"Marseille Vieux-Port","Seller_13","Laptop",1111.57,1,35,"F","Card",1111.57
2023-01-21,"Lyon Part-Dieu","Seller_11","Laptop",NA,1,42,NA,"Card",NA
2024-05-10,"Marseille Vieux-Port","Seller_10","Smartphone",505.5,1,37,"M","Card",505.5
2024-05-03,"Nice Promenade","Seller_24","Accessories",616.36,3,26,"F","",1849.08
2024-12-21,"Marseille Vieux-Port","Seller_16","Smartphone",547.72,1,32,"F","Cash",547.72
2023-10-20,"Paris Centre","Seller_5","Earbuds",1447.34,1,22,"M","Card",1447.34
2024-05-01,"Marseille Vieux-Port","Seller_23","Smartphone",763.3,1,49,"F","Card",763.3
2023-12-26,"Paris Centre","Seller_10","Smartphone",1464.46,2,35,"F","Cash",2928.92
2023-09-07,"Toulouse Capitole","Seller_3","Smartwatch",772.87,2,50,"F","Cash",1545.74
2023-08-13,"Toulouse Capitole","Seller_13","Smartphone",1411.12,1,31,"F","Card",1411.12
2023-11-06,"Nice Promenade","Seller_14","Laptop",1443.76,1,23,"M","Card",1443.76
2024-08-18,"Nice Promenade","Seller_8","Tablet",895.5,1,40,NA,"Card",895.5
2023-05-08,"Lyon Part-Dieu","Seller_20","Smartphone",1058.13,1,37,"F","Card",1058.13
2023-10-17,"Nice Promenade","Seller_14","Laptop",1002.85,3,31,"M","Check",3008.55
2023-03-14,"Toulouse Capitole","Seller_15","Accessories",1136.89,4,34,"M","Cash",4547.56
2024-09-14,"Marseille Vieux-Port","Seller_3","Earbuds",1226.17,2,50,"F","Card",2452.34
2023-03-05,"Paris Centre","Seller_7","Tablet",999.93,3,45,NA,"Check",2999.79
2024-02-25,"Marseille Vieux-Port","Seller_2","Earbuds",868.22,1,49,"M","Cash",868.22
2024-06-21,"Lyon Part-Dieu","Seller_1","Smartphone",1335.94,1,33,"F","Check",1335.94
2024-01-21,"Toulouse Capitole","Seller_24","Smartwatch",115.42,1,35,"F","Card",115.42
2023-06-26,"Lyon Part-Dieu","Seller_18","Earbuds",822.86,1,53,NA,"Card",822.86
2024-02-15,"Lyon Part-Dieu","Seller_24","Earbuds",143.27,2,30,"M","Cash",286.54
2024-04-20,"Nice Promenade","Seller_4","Laptop",631.53,1,32,"F","Card",631.53
2023-09-06,"Lyon Part-Dieu","Seller_24","Earbuds",1477.73,1,41,"F","Card",1477.73
2024-08-14,"Nice Promenade","Seller_22","Smartwatch",450.73,1,43,"M","Cash",450.73
2024-12-03,"Marseille Vieux-Port","Seller_4","Earbuds",589.64,1,18,"F","Card",589.64
2023-05-27,"Nice Promenade","Seller_24","Tablet",163.4,2,43,"F","Card",326.8
2023-10-29,"Toulouse Capitole","Seller_8","Laptop",406.2,1,44,"F","Cash",406.2
2023-02-20,"Toulouse Capitole","Seller_2","Earbuds",1424.36,2,49,"M","Card",2848.72
2024-03-16,"Marseille Vieux-Port","Seller_12","Laptop",614.34,1,47,"F","Check",614.34
2023-09-13,"Nice Promenade","Seller_15","Tablet",921.81,3,16,"M","Card",2765.43
2023-10-10,"Lyon Part-Dieu","Seller_3","Earbuds",996.81,3,39,"M","Card",2990.43
2023-10-26,"Toulouse Capitole","Seller_12","Smartphone",915.61,1,37,"M","Card",915.61
2023-03-27,"Nice Promenade","Seller_9","Laptop",987.6,3,28,NA,"Card",2962.8
2023-06-21,"Marseille Vieux-Port","Seller_4","Laptop",445.48,1,33,"M","Cash",445.48
2023-01-17,"Paris Centre","Seller_13","Laptop",471.83,5,37,"F","Card",2359.15
2024-10-13,"Toulouse Capitole","Seller_15","Smartphone",635.92,2,40,"F","Cash",1271.84
2024-03-11,"Lyon Part-Dieu","Seller_3","Smartphone",935.18,4,28,"F","Card",3740.72
2023-11-30,"Nice Promenade","Seller_4","Laptop",1242.84,2,26,"F","Cash",2485.68
2024-08-31,"Nice Promenade","Seller_23","Earbuds",1177.68,2,27,"M","Card",2355.36
2023-04-05,"Nice Promenade","Seller_4","Earbuds",1147.97,1,16,NA,"Check",1147.97
2023-06-29,"Paris Centre","Seller_12","Earbuds",622.67,2,37,"M","Card",1245.34
2024-07-24,"Toulouse Capitole","Seller_1","Laptop",877.84,2,47,"M","",1755.68
2023-02-02,"Toulouse Capitole","Seller_21","Earbuds",1273.94,2,33,"M","Cash",2547.88
2023-09-16,"Nice Promenade","Seller_15","Tablet",1425.73,1,33,"F","Cash",1425.73
2023-05-12,"Lyon Part-Dieu","Seller_15","Smartphone",435.18,2,56,"F","Card",870.36
2024-08-01,"Nice Promenade","Seller_11","Laptop",NA,1,65,"F","Card",NA
2023-08-15,"Paris Centre","Seller_3","Tablet",776.44,1,67,"F","Card",776.44
2023-11-26,"Paris Centre","Seller_8","Smartwatch",1341.85,2,37,"F","Card",2683.7
2024-08-15,"Toulouse Capitole","Seller_17","Earbuds",759.76,1,70,"M","Cash",759.76
2023-06-09,"Marseille Vieux-Port","Seller_12","Smartphone",1141.41,1,33,"M","Card",1141.41
2023-03-16,"Toulouse Capitole","Seller_22","Laptop",197.17,3,37,NA,"Card",591.51
2024-06-09,"Nice Promenade","Seller_7","Accessories",888.5,1,16,"F","Card",888.5
2024-01-22,"Paris Centre","Seller_14","Earbuds",877.04,2,29,NA,"Card",1754.08
2024-01-14,"Paris Centre","Seller_17","Accessories",904.55,1,57,"M","Card",904.55
2023-01-29,"Paris Centre","Seller_21","Smartphone",478.94,1,43,"F","Card",478.94
2024-10-31,"Nice Promenade","Seller_7","Laptop",1180.93,1,78,"M","Card",1180.93
2024-05-31,"Marseille Vieux-Port","Seller_21","Smartphone",614.19,1,28,"M","Card",614.19
2023-05-24,"Marseille Vieux-Port","Seller_23","Laptop",992.8,1,43,"M","Check",992.8
2024-03-26,"Marseille Vieux-Port","Seller_7","Smartphone",239.37,1,43,"F","Card",239.37
2023-11-06,"Toulouse Capitole","Seller_25","Smartwatch",867.56,2,46,"F","Card",1735.12
2024-12-24,"Marseille Vieux-Port","Seller_8","Accessories",155.07,2,38,"F","Card",310.14
2023-09-09,"Toulouse Capitole","Seller_2","Laptop",388.16,1,45,"F","Card",388.16
2024-02-18,"Nice Promenade","Seller_8","Smartphone",535.97,2,57,"F","Card",1071.94
2024-11-20,"Marseille Vieux-Port","Seller_3","Laptop",857.75,1,22,"F","Cash",857.75
2024-07-18,"Lyon Part-Dieu","Seller_9","Laptop",512.17,2,32,"F","Check",1024.34
2023-11-11,"Nice Promenade","Seller_15","Tablet",1236.96,2,28,"M","Cash",2473.92
2024-02-28,"Toulouse Capitole","Seller_11","Earbuds",1367.08,3,49,"M","Check",4101.24
2024-12-24,"Marseille Vieux-Port","Seller_8","Smartphone",147.98,4,47,"M","Card",591.92
2024-08-18,"Lyon Part-Dieu","Seller_20","Laptop",682.8,2,33,"M","Card",1365.6
2024-09-07,"Paris Centre","Seller_3","Smartphone",1485.98,1,35,"F","Card",1485.98
2024-08-25,"Toulouse Capitole","Seller_2","Smartphone",758.03,1,48,"M","Card",758.03
2024-02-14,"Toulouse Capitole","Seller_20","Smartphone",800.15,1,44,"F","Card",800.15
2024-02-05,"Marseille Vieux-Port","Seller_15","Laptop",391.07,1,35,"M","Card",391.07
2024-06-30,"Marseille Vieux-Port","Seller_17","Laptop",1463.87,4,32,"M","Card",5855.48
2023-02-23,"Lyon Part-Dieu","Seller_23","Laptop",388.64,2,23,"F","Card",777.28
2023-06-22,"Toulouse Capitole","Seller_15","Smartphone",996.1,1,30,"M","Card",996.1
2023-03-23,"Toulouse Capitole","Seller_19","Smartphone",950.27,1,37,"F","Check",950.27
2023-07-04,"Marseille Vieux-Port","Seller_8","Tablet",878.93,3,16,"F","Card",2636.79
2024-11-16,"Nice Promenade","Seller_9","Smartphone",405.11,1,16,"M","Check",405.11
2023-08-24,"Marseille Vieux-Port","Seller_11","Laptop",1498.11,2,24,NA,"Cash",2996.22
2023-01-12,"Marseille Vieux-Port","Seller_24","Smartphone",1386.22,2,20,"F","Cash",2772.44
2023-05-14,"Nice Promenade","Seller_15","Smartphone",1063.69,1,55,"M","Card",1063.69
2024-09-27,"Lyon Part-Dieu","Seller_25","Smartphone",1450.49,2,51,"F","Card",2900.98
2024-06-22,"Marseille Vieux-Port","Seller_11","Earbuds",486.47,1,44,NA,"Card",486.47
2023-03-07,"Nice Promenade","Seller_6","Laptop",891.12,1,45,"M","",891.12
2023-04-20,"Toulouse Capitole","Seller_19","Laptop",416.42,3,16,"F","Card",1249.26
2024-04-27,"Nice Promenade","Seller_2","Earbuds",531.23,1,41,"F","Card",531.23
2023-06-08,"Lyon Part-Dieu","Seller_8","Smartphone",201.95,1,57,"M","",201.95
2024-05-05,"Toulouse Capitole","Seller_1","Earbuds",1480.61,2,27,"M","Card",2961.22
2024-02-25,"Lyon Part-Dieu","Seller_24","Tablet",119.96,3,44,"M","Card",359.88
2024-07-28,"Paris Centre","Seller_10","Smartphone",1373.61,2,31,"M","Card",2747.22
2023-06-10,"Marseille Vieux-Port","Seller_21","Laptop",698.18,2,22,"F","",1396.36
2023-08-01,"Nice Promenade","Seller_18","Smartphone",1384.47,1,48,"F","Card",1384.47
2023-02-03,"Toulouse Capitole","Seller_7","Smartwatch",1025.13,2,16,"F","Card",2050.26
2023-05-15,"Marseille Vieux-Port","Seller_15","Earbuds",496.37,2,50,"M","Cash",992.74
2024-09-22,"Lyon Part-Dieu","Seller_13","Smartwatch",349.72,1,61,"F","Card",349.72
2023-11-23,"Nice Promenade","Seller_5","Smartphone",1228.7,1,33,"M","Check",1228.7
2023-12-28,"Lyon Part-Dieu","Seller_19","Laptop",937.89,1,36,NA,"Check",937.89
2024-04-01,"Toulouse Capitole","Seller_3","Smartwatch",911.03,3,65,"F","Check",2733.09
2024-07-29,"Toulouse Capitole","Seller_2","Smartphone",1307.72,1,22,"M","Card",1307.72
2023-01-23,"Paris Centre","Seller_13","Laptop",521.72,1,29,"M","Card",521.72
2024-02-09,"Toulouse Capitole","Seller_14","Tablet",129.64,2,16,"M","Check",259.28
2024-05-04,"Nice Promenade","Seller_7","Earbuds",1459.16,2,19,"F","Card",2918.32
2023-07-04,"Marseille Vieux-Port","Seller_3","Laptop",991.57,1,43,"F","Card",991.57
2024-03-14,"Lyon Part-Dieu","Seller_4","Smartphone",1016.68,1,24,"M","Cash",1016.68
2024-12-04,"Marseille Vieux-Port","Seller_5","Tablet",1131.15,2,55,"F","Card",2262.3
2023-10-02,"Marseille Vieux-Port","Seller_23","Smartphone",380.38,1,31,"M","Check",380.38
2024-08-03,"Toulouse Capitole","Seller_14","Earbuds",213.52,1,33,"M","Card",213.52
2023-06-01,"Toulouse Capitole","Seller_10","Laptop",653.97,2,27,"F","Card",1307.94
2023-06-15,"Lyon Part-Dieu","Seller_23","Smartphone",359.38,2,37,"F","Card",718.76
2023-01-17,"Nice Promenade","Seller_9","Tablet",1196.23,1,53,"F","Card",1196.23
2024-03-29,"Marseille Vieux-Port","Seller_3","Earbuds",493.19,1,35,"M","Card",493.19
2023-06-22,"Lyon Part-Dieu","Seller_8","Earbuds",1178.1,4,50,"F","Card",4712.4
2024-01-03,"Toulouse Capitole","Seller_23","Tablet",768.97,2,28,"F","Card",1537.94
2023-08-06,"Paris Centre","Seller_3","Tablet",204.6,1,59,"M","Card",204.6
2023-11-02,"Nice Promenade","Seller_16","Tablet",1047.37,1,33,"F","Card",1047.37
2023-09-01,"Nice Promenade","Seller_12","Earbuds",1260.34,1,39,"M","Cash",1260.34
2023-02-18,"Paris Centre","Seller_17","Laptop",307.22,1,41,"F","Card",307.22
2023-08-26,"Paris Centre","Seller_25","Smartphone",1438.93,2,35,"F","",2877.86
2024-09-24,"Marseille Vieux-Port","Seller_8","Tablet",943.74,1,21,NA,"Card",943.74
2024-10-27,"Nice Promenade","Seller_8","Laptop",1483.4,1,29,"F","Card",1483.4
2023-04-30,"Marseille Vieux-Port","Seller_23","Smartphone",367.63,2,45,"M","Card",735.26
2023-07-09,"Toulouse Capitole","Seller_24","Smartphone",280.15,1,16,"M","Card",280.15
2024-04-15,"Lyon Part-Dieu","Seller_6","Laptop",904.45,2,42,"F","",1808.9
2024-05-27,"Lyon Part-Dieu","Seller_3","Smartwatch",705.39,3,61,"F","",2116.17
2024-08-26,"Marseille Vieux-Port","Seller_16","Accessories",620.63,1,37,"M","Card",620.63
2024-10-04,"Lyon Part-Dieu","Seller_21","Tablet",1284.95,3,49,NA,"Cash",3854.85
2024-04-14,"Paris Centre","Seller_24","Laptop",498.24,4,19,"F","Card",1992.96
2023-05-03,"Toulouse Capitole","Seller_18","Tablet",1317.61,1,21,"M","",1317.61
2023-12-16,"Lyon Part-Dieu","Seller_8","Tablet",1140.46,1,46,"M","",1140.46
2023-03-19,"Nice Promenade","Seller_22","Smartphone",428.47,1,43,"F","Card",428.47
2023-10-21,"Paris Centre","Seller_9","Tablet",70.53,2,34,"F","Card",141.06
2023-08-08,"Nice Promenade","Seller_10","Earbuds",1200.97,2,53,"M","Card",2401.94
2023-11-19,"Paris Centre","Seller_12","Tablet",1172.8,1,24,"F","Card",1172.8
2023-08-04,"Nice Promenade","Seller_14","Smartphone",1072.38,1,45,"M","Card",1072.38
2024-05-21,"Lyon Part-Dieu","Seller_12","Tablet",358.58,3,44,"M","Card",1075.74
2023-07-25,"Paris Centre","Seller_7","Tablet",823.72,2,22,"F","Cash",1647.44
2024-04-06,"Marseille Vieux-Port","Seller_25","Smartwatch",549.6,2,36,"M","Cash",1099.2
2024-08-07,"Toulouse Capitole","Seller_20","Smartphone",209.1,1,29,"F","Card",209.1
2023-01-13,"Toulouse Capitole","Seller_25","Earbuds",185.99,1,27,"M","Cash",185.99
2023-08-11,"Toulouse Capitole","Seller_11","Laptop",1480.31,2,46,"F","Cash",2960.62
2024-12-29,"Marseille Vieux-Port","Seller_7","Accessories",535.39,1,60,"M","",535.39
2023-05-25,"Lyon Part-Dieu","Seller_22","Tablet",334.18,1,30,"M","Card",334.18
2024-01-14,"Lyon Part-Dieu","Seller_11","Smartwatch",1443.72,2,32,"F","Card",2887.44
2024-11-06,"Paris Centre","Seller_23","Smartphone",966.39,2,38,"F","Card",1932.78
2024-08-17,"Toulouse Capitole","Seller_13","Smartphone",1196.52,1,37,"M","Cash",1196.52
2023-01-19,"Lyon Part-Dieu","Seller_10","Earbuds",146.74,1,41,"F","Cash",146.74
2023-12-26,"Marseille Vieux-Port","Seller_1","Earbuds",1269.38,3,46,"F","Card",3808.14
2024-03-12,"Lyon Part-Dieu","Seller_22","Earbuds",346.07,1,43,"F","Card",346.07
2024-09-06,"Toulouse Capitole","Seller_25","Laptop",916.86,1,39,"M","Cash",916.86
2023-05-12,"Paris Centre","Seller_11","Earbuds",607.34,1,55,"F","Card",607.34
2024-11-27,"Lyon Part-Dieu","Seller_13","Laptop",1353.57,1,33,"F","Card",1353.57
2024-05-24,"Nice Promenade","Seller_10","Laptop",1311.42,1,47,NA,"Card",1311.42
2023-02-16,"Nice Promenade","Seller_7","Tablet",97.21,1,52,"M","Card",97.21
2024-12-18,"Toulouse Capitole","Seller_15","Smartphone",780.82,1,38,NA,"Cash",780.82
2023-10-05,"Lyon Part-Dieu","Seller_5","Smartphone",995.06,1,29,"M","Cash",995.06
2023-12-23,"Toulouse Capitole","Seller_25","Earbuds",892.43,1,29,NA,"Card",892.43
2024-05-31,"Lyon Part-Dieu","Seller_1","Tablet",1357.97,4,30,"F","Card",5431.88
2023-09-29,"Marseille Vieux-Port","Seller_20","Laptop",689.46,1,31,"F","Card",689.46
2024-09-16,"Nice Promenade","Seller_14","Smartphone",598.71,2,25,"F","Cash",1197.42
2024-12-21,"Nice Promenade","Seller_12","Smartphone",648.41,1,20,"M","Check",648.41
2024-01-19,"Marseille Vieux-Port","Seller_7","Tablet",258.22,1,55,"F","Card",258.22
2023-10-01,"Lyon Part-Dieu","Seller_22","Laptop",477.76,2,24,"M","Card",955.52
2023-11-01,"Marseille Vieux-Port","Seller_21","Accessories",1489.96,1,34,"F","Cash",1489.96
2023-10-13,"Marseille Vieux-Port","Seller_1","Smartwatch",1237.09,2,49,"F","",2474.18
2024-01-10,"Marseille Vieux-Port","Seller_10","Earbuds",1067.64,1,44,"F","Card",1067.64
2023-07-09,"Paris Centre","Seller_22","Smartphone",948.08,1,25,"M","Card",948.08
2023-11-11,"Nice Promenade","Seller_4","Smartphone",1338.71,3,25,"M","Cash",4016.13
2023-04-23,"Marseille Vieux-Port","Seller_19","Smartphone",680.45,1,54,"M","Card",680.45
2024-07-13,"Marseille Vieux-Port","Seller_19","Smartphone",808,1,28,"M","Card",808
2023-04-13,"Lyon Part-Dieu","Seller_1","Smartwatch",755.06,3,21,"F","Card",2265.18
2023-11-04,"Paris Centre","Seller_23","Accessories",1123.76,1,44,"F","Card",1123.76
2024-01-03,"Lyon Part-Dieu","Seller_24","Tablet",860.77,1,22,"M","Card",860.77
2023-07-26,"Marseille Vieux-Port","Seller_2","Accessories",905.65,1,37,"M","Card",905.65
2024-07-27,"Marseille Vieux-Port","Seller_23","Earbuds",666.71,3,35,"M","Card",2000.13
2023-07-25,"Lyon Part-Dieu","Seller_9","Smartphone",1247.81,1,30,"M","Card",1247.81
2024-03-14,"Nice Promenade","Seller_5","Laptop",1308.29,2,30,"F","Cash",2616.58
2023-06-08,"Marseille Vieux-Port","Seller_13","Accessories",1172.31,1,18,"M","Card",1172.31
2024-09-30,"Lyon Part-Dieu","Seller_25","Smartwatch",218.34,1,33,"F","Card",218.34
2023-10-20,"Lyon Part-Dieu","Seller_19","Smartphone",534.4,1,16,"M","",534.4
2023-07-03,"Toulouse Capitole","Seller_2","Smartphone",278.41,1,29,"F","Card",278.41
2024-04-30,"Marseille Vieux-Port","Seller_21","Earbuds",378.32,1,21,"M","Card",378.32
2023-04-09,"Lyon Part-Dieu","Seller_1","Laptop",1076.31,1,54,"M","Card",1076.31
2023-01-31,"Toulouse Capitole","Seller_1","Smartphone",242.96,1,43,NA,"Card",242.96
2023-07-16,"Toulouse Capitole","Seller_2","Accessories",1107.69,1,33,"M","Card",1107.69
2024-09-05,"Nice Promenade","Seller_23","Earbuds",1307.57,1,35,"F","Card",1307.57
2023-09-19,"Lyon Part-Dieu","Seller_3","Smartphone",422.66,1,45,"F","Card",422.66
2024-01-22,"Nice Promenade","Seller_18","Smartphone",791.64,2,35,"M","Card",1583.28
2024-11-23,"Paris Centre","Seller_7","Laptop",1440.42,1,35,"M","Card",1440.42
2023-09-01,"Toulouse Capitole","Seller_9","Laptop",423.85,1,29,"M","Card",423.85
2023-10-26,"Marseille Vieux-Port","Seller_11","Tablet",941.77,1,48,NA,"Card",941.77
2024-09-09,"Lyon Part-Dieu","Seller_21","Laptop",867.86,1,39,"M","Card",867.86
2024-02-12,"Nice Promenade","Seller_12","Smartphone",499.23,3,18,"F","Card",1497.69
2023-02-16,"Paris Centre","Seller_19","Tablet",1310.24,1,24,"M","Card",1310.24
2023-12-21,"Paris Centre","Seller_22","Laptop",1030.33,1,51,"M","Card",1030.33
2023-12-14,"Marseille Vieux-Port","Seller_5","Earbuds",823.39,1,40,"M","Check",823.39
2024-10-06,"Nice Promenade","Seller_24","Laptop",909.89,1,20,"M","Card",909.89
2024-08-18,"Lyon Part-Dieu","Seller_11","Tablet",69.04,1,25,"M","Card",69.04
2024-04-01,"Marseille Vieux-Port","Seller_16","Tablet",98.74,1,16,"F","Card",98.74
2023-08-03,"Nice Promenade","Seller_20","Earbuds",311.99,3,39,"F","Card",935.97
2024-10-13,"Toulouse Capitole","Seller_21","Tablet",1209.31,2,60,"M","Card",2418.62
2023-08-14,"Paris Centre","Seller_8","Laptop",1101.29,1,46,"F","Cash",1101.29
2024-05-02,"Marseille Vieux-Port","Seller_24","Earbuds",445.18,1,30,"M","Card",445.18
2024-07-18,"Toulouse Capitole","Seller_20","Earbuds",1172.17,1,32,"M","Card",1172.17
2023-01-11,"Paris Centre","Seller_23","Smartphone",981.65,2,26,"M","Card",1963.3
2023-02-10,"Marseille Vieux-Port","Seller_20","Smartphone",1370.13,1,39,"F","Card",1370.13
2024-01-16,"Lyon Part-Dieu","Seller_17","Smartwatch",1198.73,2,32,"M","Card",2397.46
2024-02-09,"Marseille Vieux-Port","Seller_17","Smartphone",1446.96,1,50,"M","",1446.96
2024-07-08,"Toulouse Capitole","Seller_8","Smartphone",1344.78,1,16,NA,"Card",1344.78
2023-04-04,"Paris Centre","Seller_3","Smartphone",1438.63,1,33,"F","Cash",1438.63
2024-08-21,"Lyon Part-Dieu","Seller_3","Earbuds",1020.62,1,50,"F","Card",1020.62
2023-04-19,"Paris Centre","Seller_20","Accessories",357.65,1,38,"M","Cash",357.65
2024-11-11,"Paris Centre","Seller_19","Smartwatch",332.76,2,16,"F","Card",665.52
2023-04-29,"Nice Promenade","Seller_1","Smartphone",111.78,1,43,"M","Card",111.78
2023-04-07,"Lyon Part-Dieu","Seller_7","Smartphone",1289.01,2,40,NA,"Card",2578.02
2024-12-18,"Nice Promenade","Seller_8","Laptop",449.37,1,35,"M","Card",449.37
2024-04-09,"Marseille Vieux-Port","Seller_15","Smartphone",1141.68,1,37,"F","Cash",1141.68
2024-08-28,"Marseille Vieux-Port","Seller_2","Laptop",1321.86,1,54,"F","Card",1321.86
2024-01-24,"Nice Promenade","Seller_23","Smartphone",302.01,1,40,"M","Cash",302.01
2024-08-05,"Toulouse Capitole","Seller_15","Laptop",519.36,3,36,"M","Check",1558.08
2023-02-26,"Toulouse Capitole","Seller_19","Laptop",1170.41,1,55,NA,"Check",1170.41
2024-08-10,"Nice Promenade","Seller_25","Smartphone",1488.11,1,41,"F","Card",1488.11
2024-09-25,"Lyon Part-Dieu","Seller_18","Earbuds",495.04,1,23,"F","Card",495.04
2024-08-17,"Lyon Part-Dieu","Seller_2","Tablet",1307.29,2,25,"M","Card",2614.58
2024-09-04,"Nice Promenade","Seller_19","Accessories",861.62,4,34,NA,"Cash",3446.48
2023-11-30,"Lyon Part-Dieu","Seller_22","Laptop",1282.56,1,53,"F","Card",1282.56
2024-09-02,"Toulouse Capitole","Seller_20","Tablet",1164.76,2,37,"F","Card",2329.52
2023-07-08,"Nice Promenade","Seller_25","Laptop",1147,1,35,"M","Card",1147
2023-10-25,"Lyon Part-Dieu","Seller_16","Laptop",885.37,2,36,"F","Card",1770.74
2023-01-19,"Lyon Part-Dieu","Seller_14","Laptop",341.15,1,48,"M","Card",341.15
2024-01-09,"Toulouse Capitole","Seller_14","Laptop",1272.32,2,26,"M","Check",2544.64
2023-01-22,"Nice Promenade","Seller_7","Tablet",1285.73,1,31,"M","Check",1285.73
2024-03-03,"Lyon Part-Dieu","Seller_15","Tablet",1480.71,1,44,"F","Card",1480.71
2024-12-26,"Nice Promenade","Seller_6","Earbuds",780.11,2,16,"F","Card",1560.22
2024-01-28,"Paris Centre","Seller_22","Tablet",1194.33,4,30,"M","Card",4777.32
2024-02-10,"Nice Promenade","Seller_14","Tablet",752.16,1,22,"F","Card",752.16
2024-11-15,"Lyon Part-Dieu","Seller_12","Tablet",1158.51,1,36,NA,"Check",1158.51
2024-09-05,"Paris Centre","Seller_9","Tablet",480.24,1,29,"F","Card",480.24
2023-10-01,"Paris Centre","Seller_1","Tablet",476.22,4,22,"F","Check",1904.88
2024-04-04,"Toulouse Capitole","Seller_18","Laptop",930.77,1,45,"M","Card",930.77
2023-06-13,"Nice Promenade","Seller_2","Laptop",254.38,3,60,"M","Cash",763.14
2024-05-30,"Nice Promenade","Seller_1","Smartphone",534.24,1,56,"F","Card",534.24
2024-12-17,"Nice Promenade","Seller_16","Smartphone",1088.75,1,34,"F","Cash",1088.75
2024-01-04,"Lyon Part-Dieu","Seller_19","Laptop",276.08,1,62,"M","Card",276.08
2023-02-24,"Paris Centre","Seller_15","Earbuds",834.5,1,46,"M","Check",834.5
2023-08-24,"Lyon Part-Dieu","Seller_24","Tablet",724.47,1,36,"F","Card",724.47
2024-10-07,"Nice Promenade","Seller_17","Laptop",712.9,3,32,"M","Card",2138.7
2024-03-31,"Paris Centre","Seller_14","Tablet",149.62,2,47,"F","Card",299.24
2023-12-23,"Paris Centre","Seller_6","Laptop",920.01,1,59,"F","",920.01
2024-05-29,"Nice Promenade","Seller_5","Smartwatch",1284.68,3,25,"F","",3854.04
2023-10-01,"Nice Promenade","Seller_17","Smartwatch",1315.79,1,51,"M","Card",1315.79
2024-04-21,"Nice Promenade","Seller_13","Tablet",247.22,2,33,"M","Card",494.44
2024-12-09,"Paris Centre","Seller_17","Earbuds",1065.5,1,38,"M","Card",1065.5
2023-08-06,"Paris Centre","Seller_12","Tablet",581.31,1,23,"F","Card",581.31
2023-02-14,"Lyon Part-Dieu","Seller_13","Tablet",409.2,1,55,"M","Card",409.2
2024-01-25,"Paris Centre","Seller_20","Smartphone",495.83,1,50,"M","Card",495.83
2023-08-15,"Nice Promenade","Seller_9","Tablet",1214.74,1,39,"M","Card",1214.74
2024-04-10,"Paris Centre","Seller_15","Smartphone",111.19,2,30,"M","Card",222.38
2023-01-20,"Lyon Part-Dieu","Seller_22","Smartwatch",785.68,1,27,"F","Cash",785.68
2023-02-22,"Lyon Part-Dieu","Seller_10","Laptop",1292.56,2,36,NA,"Card",2585.12
2024-09-05,"Nice Promenade","Seller_16","Laptop",361.57,1,48,"F","Card",361.57
2023-06-23,"Paris Centre","Seller_2","Laptop",843.14,1,57,"M","Card",843.14
2023-02-10,"Toulouse Capitole","Seller_7","Smartphone",138.41,2,29,"F","Cash",276.82
2023-03-19,"Paris Centre","Seller_24","Smartphone",668.93,1,47,"M","Card",668.93
2024-02-25,"Toulouse Capitole","Seller_20","Laptop",556.46,1,44,"M","Card",556.46
2024-10-25,"Lyon Part-Dieu","Seller_22","Smartwatch",1004.35,2,35,"F","Card",2008.7
2023-12-06,"Paris Centre","Seller_2","Smartphone",728.45,2,34,"M","Cash",1456.9
2024-08-23,"Lyon Part-Dieu","Seller_3","Smartphone",167.57,1,21,"F","Card",167.57
2024-07-18,"Marseille Vieux-Port","Seller_25","Tablet",1168.32,2,21,"M","",2336.64
2023-01-11,"Paris Centre","Seller_14","Smartphone",1230.09,3,40,"F","Cash",3690.27
2023-07-11,"Marseille Vieux-Port","Seller_18","Earbuds",725.26,2,37,"F","Card",1450.52
2023-08-05,"Toulouse Capitole","Seller_18","Smartphone",1195.34,2,21,"M","Card",2390.68
2023-01-30,"Paris Centre","Seller_17","Smartphone",791.22,1,24,"M","Card",791.22
2024-08-23,"Paris Centre","Seller_7","Smartphone",1284.97,1,35,"F","Card",1284.97
2023-05-20,"Nice Promenade","Seller_19","Smartphone",66.46,1,39,"F","Card",66.46
2023-10-07,"Lyon Part-Dieu","Seller_22","Smartphone",645.97,1,40,"M","Card",645.97
2023-06-04,"Paris Centre","Seller_7","Smartphone",1131.33,3,31,"M","Check",3393.99
2023-09-15,"Lyon Part-Dieu","Seller_21","Tablet",813.06,4,31,"M","Card",3252.24
2024-12-15,"Nice Promenade","Seller_25","Smartphone",1158.06,1,27,NA,"Check",1158.06
2023-04-17,"Paris Centre","Seller_15","Smartphone",661.2,1,25,"F","Card",661.2
2023-03-06,"Lyon Part-Dieu","Seller_7","Tablet",788.5,1,56,"M","Card",788.5
2024-12-20,"Paris Centre","Seller_14","Laptop",658.52,1,24,NA,"Card",658.52
2024-12-14,"Lyon Part-Dieu","Seller_4","Earbuds",159.54,1,32,"F","Check",159.54
2023-12-27,"Paris Centre","Seller_17","Tablet",195.46,1,16,"F","",195.46
2023-07-16,"Marseille Vieux-Port","Seller_1","Earbuds",650.95,1,30,"F","Card",650.95
2024-02-01,"Nice Promenade","Seller_18","Laptop",870.79,1,45,"F","Card",870.79
2024-12-28,"Marseille Vieux-Port","Seller_5","Smartphone",1280.02,2,26,"F","Card",2560.04
2024-11-04,"Toulouse Capitole","Seller_14","Smartphone",684.17,1,16,"F","Check",684.17
2023-04-21,"Nice Promenade","Seller_24","Earbuds",212.39,1,17,"M","Card",212.39
2024-03-10,"Nice Promenade","Seller_24","Smartphone",181.03,2,39,"M","Check",362.06
2023-12-06,"Marseille Vieux-Port","Seller_4","Smartwatch",1435.48,1,30,"M","Check",1435.48
2024-06-17,"Toulouse Capitole","Seller_24","Laptop",1060.59,2,35,"F","Card",2121.18
2023-12-06,"Nice Promenade","Seller_14","Earbuds",1066.72,1,32,"M","Card",1066.72
2024-11-06,"Paris Centre","Seller_13","Tablet",1168.96,1,41,"F","Card",1168.96
2024-05-05,"Nice Promenade","Seller_23","Laptop",776.31,2,49,"F","Cash",1552.62
2023-07-11,"Lyon Part-Dieu","Seller_17","Earbuds",644.27,1,36,"M","Card",644.27
2023-11-23,"Nice Promenade","Seller_18","Smartwatch",722.23,2,43,"M","Card",1444.46
2023-03-20,"Lyon Part-Dieu","Seller_11","Smartphone",492.08,1,16,"F","Card",492.08
2024-12-11,"Toulouse Capitole","Seller_11","Smartphone",591.79,1,44,"M","Card",591.79
2024-07-23,"Nice Promenade","Seller_7","Earbuds",1439.53,1,17,"M","Cash",1439.53
2024-06-10,"Toulouse Capitole","Seller_15","Laptop",1490.03,1,39,"M","Card",1490.03
2024-08-22,"Lyon Part-Dieu","Seller_6","Smartphone",258.8,1,51,"M","Card",258.8
2024-09-20,"Toulouse Capitole","Seller_20","Tablet",825.94,1,32,"M","Card",825.94
2024-10-16,"Marseille Vieux-Port","Seller_15","Laptop",1013.15,3,71,"M","Check",3039.45
2024-02-17,"Marseille Vieux-Port","Seller_3","Smartwatch",161.58,3,38,"F","Cash",484.74
2024-05-15,"Marseille Vieux-Port","Seller_2","Smartphone",534.5,1,49,"M","Card",534.5
2023-10-19,"Marseille Vieux-Port","Seller_16","Laptop",457.95,1,25,NA,"",457.95
2023-12-04,"Nice Promenade","Seller_2","Smartphone",547.87,1,49,"F","Cash",547.87
2024-09-05,"Marseille Vieux-Port","Seller_13","Laptop",868.44,1,48,"F","Cash",868.44
2023-12-06,"Toulouse Capitole","Seller_18","Smartphone",963.67,2,50,"F","Card",1927.34
2023-03-23,"Nice Promenade","Seller_15","Smartwatch",1138.05,4,23,"F","Card",4552.2
2024-08-22,"Lyon Part-Dieu","Seller_25","Earbuds",401.45,1,54,NA,"Card",401.45
2024-08-26,"Marseille Vieux-Port","Seller_20","Smartwatch",515.6,1,17,"F","Card",515.6
2024-03-17,"Paris Centre","Seller_5","Laptop",515.06,1,29,"M","Card",515.06
2023-07-25,"Nice Promenade","Seller_4","Smartphone",118,1,54,NA,"Cash",118
2023-11-27,"Lyon Part-Dieu","Seller_21","Smartphone",1355.26,1,56,"F","Cash",1355.26
2024-10-08,"Paris Centre","Seller_25","Laptop",712.88,2,43,"M","Card",1425.76
2023-07-06,"Paris Centre","Seller_23","Smartphone",92.74,1,40,"F","Card",92.74
2024-11-06,"Marseille Vieux-Port","Seller_6","Smartphone",494.99,2,51,"M","Card",989.98
2023-06-09,"Marseille Vieux-Port","Seller_8","Laptop",828.19,1,28,"F","Card",828.19
2023-12-11,"Marseille Vieux-Port","Seller_17","Laptop",906.2,2,40,"F","Card",1812.4
2024-04-04,"Nice Promenade","Seller_3","Laptop",148.21,1,16,NA,"Card",148.21
2023-01-19,"Nice Promenade","Seller_6","Tablet",1066.07,1,31,"M","Card",1066.07
2024-12-02,"Toulouse Capitole","Seller_21","Tablet",1175.82,1,27,"F","Card",1175.82
2023-02-18,"Paris Centre","Seller_22","Smartphone",1228.63,1,25,"F","Cash",1228.63
2024-08-03,"Nice Promenade","Seller_14","Smartwatch",910.5,1,49,"M","Card",910.5
2023-11-10,"Nice Promenade","Seller_2","Smartphone",454.18,3,45,"F","Check",1362.54
2024-02-07,"Marseille Vieux-Port","Seller_7","Smartphone",1254.41,1,33,"M","Card",1254.41
2024-12-10,"Nice Promenade","Seller_19","Smartphone",1413.36,2,47,"M","Cash",2826.72
2024-10-15,"Marseille Vieux-Port","Seller_13","Tablet",1356.9,2,45,NA,"Cash",2713.8
2024-05-08,"Paris Centre","Seller_3","Smartphone",841.54,1,27,NA,"Card",841.54
2023-12-28,"Paris Centre","Seller_11","Tablet",555.54,4,68,"F","Card",2222.16
2024-11-21,"Paris Centre","Seller_14","Laptop",1464.49,1,38,"M","Card",1464.49
2024-04-16,"Nice Promenade","Seller_15","Smartphone",941.67,4,46,"F","Card",3766.68
2023-06-17,"Paris Centre","Seller_5","Smartphone",220.3,1,37,NA,"Card",220.3
2024-02-25,"Nice Promenade","Seller_5","Tablet",1399.8,1,30,"M","Card",1399.8
2023-08-30,"Marseille Vieux-Port","Seller_6","Smartphone",830.95,1,40,"M","",830.95
2024-12-05,"Lyon Part-Dieu","Seller_14","Earbuds",1346.14,2,30,"M","Card",2692.28
2024-08-07,"Toulouse Capitole","Seller_1","Accessories",1447.23,4,33,"F","Cash",5788.92
2023-01-01,"Nice Promenade","Seller_14","Accessories",844.56,1,47,"M","Cash",844.56
2023-01-05,"Paris Centre","Seller_9","Smartphone",541.54,1,40,"F","Card",541.54
2023-11-05,"Marseille Vieux-Port","Seller_20","Smartphone",302.5,1,33,"F","Card",302.5
2024-01-14,"Marseille Vieux-Port","Seller_25","Tablet",939.53,1,43,"F","Card",939.53
2024-03-03,"Marseille Vieux-Port","Seller_16","Laptop",608.75,1,16,"M","Card",608.75
2023-06-22,"Nice Promenade","Seller_1","Smartphone",1102.56,1,16,"F","Check",1102.56
2023-02-24,"Toulouse Capitole","Seller_5","Earbuds",980.41,2,55,"F","Card",1960.82
2024-02-02,"Lyon Part-Dieu","Seller_5","Earbuds",172.67,2,34,"M","Card",345.34
2024-08-25,"Toulouse Capitole","Seller_10","Laptop",662.28,2,25,"F","Cash",1324.56
2023-01-05,"Paris Centre","Seller_12","Laptop",258.96,2,33,"F","Card",517.92
2023-09-28,"Toulouse Capitole","Seller_6","Laptop",882.53,2,26,"M","Cash",1765.06
2024-11-05,"Toulouse Capitole","Seller_15","Accessories",459.82,1,27,"M","Card",459.82
2023-01-23,"Paris Centre","Seller_6","Smartphone",226.12,1,17,"F","Card",226.12
2024-03-26,"Lyon Part-Dieu","Seller_3","Earbuds",1068.05,1,25,"M","Card",1068.05
2024-10-09,"Paris Centre","Seller_9","Earbuds",1302.97,1,45,NA,"Check",1302.97
2023-12-01,"Toulouse Capitole","Seller_1","Smartphone",692.44,1,18,"M","Card",692.44
2024-10-03,"Nice Promenade","Seller_9","Laptop",806.47,2,34,"M","Card",1612.94
2024-11-04,"Toulouse Capitole","Seller_14","Smartphone",747.44,1,33,"M","Cash",747.44
2023-04-04,"Nice Promenade","Seller_1","Laptop",207.22,1,46,"F","Check",207.22
2023-12-04,"Marseille Vieux-Port","Seller_6","Smartphone",884.28,1,22,"F","Cash",884.28
2024-10-17,"Paris Centre","Seller_9","Smartphone",1202.4,1,42,"M","Check",1202.4
2024-02-07,"Nice Promenade","Seller_6","Tablet",677.52,4,35,"F","Check",2710.08
2023-08-05,"Paris Centre","Seller_3","Laptop",666.63,2,33,"F","Card",1333.26
2024-02-17,"Toulouse Capitole","Seller_23","Smartphone",1154.91,1,37,"M","Card",1154.91
2023-11-07,"Marseille Vieux-Port","Seller_16","Earbuds",335.79,1,44,"F","Card",335.79
2023-08-19,"Nice Promenade","Seller_25","Smartphone",849.46,4,57,"M","Card",3397.84
2024-06-02,"Marseille Vieux-Port","Seller_12","Tablet",113.6,1,38,"F","Card",113.6
2024-01-21,"Lyon Part-Dieu","Seller_5","Smartphone",796.25,2,50,"F","Card",1592.5
2024-01-12,"Paris Centre","Seller_19","Accessories",381.15,2,41,"F","Cash",762.3
2023-12-24,"Lyon Part-Dieu","Seller_21","Earbuds",516.92,1,42,"F","Card",516.92
2023-11-14,"Nice Promenade","Seller_3","Smartphone",485.66,2,29,"F","Card",971.32
2024-03-14,"Marseille Vieux-Port","Seller_15","Laptop",945.99,1,26,"F","Card",945.99
2023-04-13,"Paris Centre","Seller_16","Tablet",452.35,1,34,NA,"Cash",452.35
2024-12-28,"Paris Centre","Seller_16","Smartphone",468.45,1,18,"M","Check",468.45
2024-07-26,"Nice Promenade","Seller_20","Tablet",1472.72,1,38,"F","Card",1472.72
2024-08-05,"Nice Promenade","Seller_1","Laptop",198.05,1,28,"M","Card",198.05
2024-12-22,"Lyon Part-Dieu","Seller_12","Tablet",1329.64,1,45,"F","Cash",1329.64
2023-02-04,"Toulouse Capitole","Seller_21","Accessories",275.8,1,24,NA,"Card",275.8
2023-01-24,"Paris Centre","Seller_22","Earbuds",150.37,1,37,"F","Card",150.37
2023-06-13,"Nice Promenade","Seller_16","Smartphone",411.5,2,55,"F","Card",823
2023-09-04,"Paris Centre","Seller_5","Smartphone",628.36,1,24,NA,"Card",628.36
2024-01-09,"Marseille Vieux-Port","Seller_4","Smartphone",1277.02,1,32,NA,"Check",1277.02
2023-11-19,"Marseille Vieux-Port","Seller_1","Laptop",717.34,2,36,NA,"Card",1434.68
2023-07-28,"Nice Promenade","Seller_18","Tablet",861.49,2,16,"M","Cash",1722.98
2023-04-15,"Toulouse Capitole","Seller_6","Smartphone",1377.29,2,16,"F","Card",2754.58
2024-07-24,"Lyon Part-Dieu","Seller_12","Laptop",148.57,1,71,"F","Card",148.57
2023-06-11,"Paris Centre","Seller_7","Earbuds",1380.75,1,52,"M","Cash",1380.75
2023-08-03,"Toulouse Capitole","Seller_4","Tablet",443.26,1,33,"F","Card",443.26
2024-04-26,"Lyon Part-Dieu","Seller_13","Smartphone",981,1,29,"M","Card",981
2024-08-19,"Toulouse Capitole","Seller_13","Laptop",549.97,1,39,"M","Card",549.97
2023-09-03,"Marseille Vieux-Port","Seller_8","Smartphone",285.99,1,16,"M","Check",285.99
2024-04-15,"Toulouse Capitole","Seller_5","Laptop",677.61,1,43,"M","Card",677.61
2024-10-28,"Nice Promenade","Seller_5","Accessories",928.7,2,58,"M","Card",1857.4
2023-11-21,"Toulouse Capitole","Seller_4","Smartphone",839.09,4,46,"F","Card",3356.36
2024-11-14,"Marseille Vieux-Port","Seller_21","Tablet",137.32,1,31,"M","Card",137.32
2023-05-24,"Paris Centre","Seller_15","Laptop",1440.25,1,33,"F","Cash",1440.25
2023-06-28,"Paris Centre","Seller_13","Smartwatch",NA,3,41,NA,"Check",NA
2023-09-01,"Nice Promenade","Seller_3","Earbuds",1395.64,5,36,"F","Card",6978.2
2023-07-25,"Lyon Part-Dieu","Seller_2","Smartphone",1050.2,3,28,"M","Card",3150.6
2023-08-23,"Nice Promenade","Seller_22","Smartphone",1179.64,1,19,"F","Check",1179.64
2023-01-17,"Paris Centre","Seller_12","Smartphone",891.01,3,24,NA,"Cash",2673.03
2024-04-15,"Lyon Part-Dieu","Seller_8","Smartphone",1337.02,3,40,"M","Card",4011.06
2024-04-28,"Toulouse Capitole","Seller_16","Laptop",319.79,1,36,"M","Check",319.79
2023-11-24,"Paris Centre","Seller_11","Laptop",70.77,2,28,"M","Card",141.54
2024-01-27,"Marseille Vieux-Port","Seller_14","Accessories",1081.02,2,35,"M","Card",2162.04
2024-03-19,"Paris Centre","Seller_6","Earbuds",155.82,1,33,NA,"Cash",155.82
2024-06-15,"Toulouse Capitole","Seller_11","Tablet",948.48,2,40,"M","Card",1896.96
2024-12-09,"Lyon Part-Dieu","Seller_23","Smartwatch",425.64,2,29,"M","Card",851.28
2024-08-01,"Paris Centre","Seller_24","Earbuds",1489.57,1,27,NA,"Cash",1489.57
2023-06-13,"Lyon Part-Dieu","Seller_5","Tablet",760.66,1,32,"F","Card",760.66
2023-11-05,"Paris Centre","Seller_21","Earbuds",147.16,1,41,"M","Card",147.16
2024-11-11,"Marseille Vieux-Port","Seller_21","Smartphone",940.37,3,68,NA,"Card",2821.11
2024-11-10,"Toulouse Capitole","Seller_22","Smartphone",791.65,2,53,"M","Cash",1583.3
2023-01-02,"Paris Centre","Seller_19","Earbuds",1253.61,1,37,"F","Card",1253.61
2024-12-14,"Nice Promenade","Seller_5","Tablet",1337.95,1,45,"M","Card",1337.95
2023-12-13,"Marseille Vieux-Port","Seller_25","Laptop",242.76,1,22,"M","Card",242.76
2024-03-27,"Nice Promenade","Seller_22","Tablet",521.06,1,31,"F","Card",521.06
2024-09-19,"Marseille Vieux-Port","Seller_6","Tablet",1465.48,2,29,"M","Check",2930.96
2023-06-14,"Marseille Vieux-Port","Seller_14","Smartphone",1469.49,4,23,"F","Card",5877.96
2023-04-13,"Toulouse Capitole","Seller_1","Smartphone",234.31,1,45,"M","Card",234.31
2023-10-19,"Marseille Vieux-Port","Seller_22","Laptop",402.34,1,36,NA,"Cash",402.34
2024-04-25,"Nice Promenade","Seller_9","Laptop",326.32,1,42,"M","Card",326.32
2024-08-17,"Marseille Vieux-Port","Seller_11","Smartphone",738.84,2,28,"F","Card",1477.68
2023-04-18,"Marseille Vieux-Port","Seller_9","Smartphone",1370.4,1,36,"M","Cash",1370.4
2024-03-25,"Nice Promenade","Seller_12","Tablet",890.48,1,60,"F","Card",890.48
2024-05-07,"Toulouse Capitole","Seller_21","Laptop",125.93,1,23,"F","Card",125.93
2023-09-26,"Toulouse Capitole","Seller_20","Smartphone",561.99,1,33,"M","",561.99
2023-12-06,"Paris Centre","Seller_2","Laptop",1119.7,3,36,"M","Card",3359.1
2023-05-16,"Nice Promenade","Seller_11","Accessories",1189.24,2,41,"F","Card",2378.48
2023-09-15,"Toulouse Capitole","Seller_1","Tablet",835.48,1,46,"M","Card",835.48
2023-01-31,"Paris Centre","Seller_14","Smartphone",108.65,2,31,"M","Card",217.3
2023-05-07,"Lyon Part-Dieu","Seller_11","Smartwatch",746.69,3,23,NA,"Check",2240.07
2024-01-12,"Marseille Vieux-Port","Seller_16","Earbuds",463.98,2,39,"F","Cash",927.96
2024-07-04,"Marseille Vieux-Port","Seller_23","Laptop",367.02,3,36,"M","Card",1101.06
2023-11-17,"Toulouse Capitole","Seller_19","Laptop",948.51,2,34,NA,"Card",1897.02
2024-08-04,"Lyon Part-Dieu","Seller_1","Laptop",850.49,1,51,"F","Cash",850.49
2024-09-11,"Marseille Vieux-Port","Seller_16","Laptop",90.02,1,16,"M","Card",90.02
2023-07-19,"Marseille Vieux-Port","Seller_11","Smartphone",1323.33,2,61,"F","Card",2646.66
2024-01-12,"Lyon Part-Dieu","Seller_25","Laptop",1364.98,2,16,"M","Card",2729.96
2024-10-22,"Lyon Part-Dieu","Seller_10","Smartphone",744.81,2,23,"M","Card",1489.62
2024-07-02,"Marseille Vieux-Port","Seller_6","Smartphone",717.81,2,21,"F","Card",1435.62
2024-07-06,"Nice Promenade","Seller_9","Earbuds",97.18,1,45,"F","Card",97.18
2023-12-04,"Marseille Vieux-Port","Seller_13","Smartphone",759.24,1,44,"M","Card",759.24
2024-05-13,"Toulouse Capitole","Seller_14","Smartphone",387.08,2,42,"F","Card",774.16
2024-07-09,"Nice Promenade","Seller_16","Laptop",746.32,1,41,"M","Card",746.32
2023-08-25,"Paris Centre","Seller_8","Earbuds",1497.05,3,52,"F","Card",4491.15
2024-06-05,"Paris Centre","Seller_15","Laptop",1484.8,1,35,"F","Card",1484.8
2024-08-28,"Paris Centre","Seller_6","Smartwatch",895.21,2,51,"F","Check",1790.42
2024-01-12,"Marseille Vieux-Port","Seller_22","Laptop",1043.43,3,38,"F","Card",3130.29
2024-01-07,"Marseille Vieux-Port","Seller_4","Laptop",827.42,1,28,"F","Card",827.42
2024-09-26,"Nice Promenade","Seller_18","Laptop",631.16,1,46,"F","Card",631.16
2024-12-19,"Toulouse Capitole","Seller_24","Tablet",1257.26,1,17,"F","Card",1257.26
2024-12-09,"Lyon Part-Dieu","Seller_15","Laptop",1146.98,1,24,"M","Card",1146.98
2024-02-16,"Paris Centre","Seller_4","Laptop",1172.08,1,32,"F","Card",1172.08
2023-06-14,"Lyon Part-Dieu","Seller_22","Tablet",1286.25,1,35,"M","Card",1286.25
2023-02-24,"Toulouse Capitole","Seller_13","Tablet",811.55,1,24,"F","Card",811.55
2023-05-22,"Toulouse Capitole","Seller_9","Laptop",1144.44,1,37,"F","Card",1144.44
2023-11-06,"Toulouse Capitole","Seller_10","Earbuds",1078.38,1,23,"F","Card",1078.38
2024-12-24,"Lyon Part-Dieu","Seller_17","Accessories",1274.02,2,32,"F","Card",2548.04
2023-11-13,"Nice Promenade","Seller_21","Tablet",836.46,1,58,"F","Card",836.46
2023-01-14,"Toulouse Capitole","Seller_25","Smartphone",237.32,1,41,"F","Card",237.32
2024-02-06,"Toulouse Capitole","Seller_17","Smartphone",490.6,2,56,"M","Card",981.2
2024-03-21,"Toulouse Capitole","Seller_10","Tablet",1499.53,4,35,"M","Card",5998.12
2024-05-26,"Toulouse Capitole","Seller_21","Tablet",1380.89,1,35,NA,"Cash",1380.89
2023-12-28,"Lyon Part-Dieu","Seller_10","Smartphone",1436.35,1,63,"F","Check",1436.35
2023-12-15,"Lyon Part-Dieu","Seller_24","Earbuds",542.71,1,30,"F","",542.71
2024-01-19,"Toulouse Capitole","Seller_24","Tablet",539.38,2,47,"M","Card",1078.76
2024-12-18,"Nice Promenade","Seller_9","Laptop",183.16,2,27,"M","Card",366.32
2024-03-29,"Nice Promenade","Seller_25","Laptop",901.06,1,28,"F","Card",901.06
2024-08-05,"Lyon Part-Dieu","Seller_23","Tablet",633.84,1,22,NA,"Card",633.84
2023-12-17,"Paris Centre","Seller_6","Smartphone",1093.7,1,32,"M","Card",1093.7
2024-06-13,"Lyon Part-Dieu","Seller_10","Smartphone",81.78,1,55,NA,"Card",81.78
2024-08-26,"Lyon Part-Dieu","Seller_10","Accessories",693.56,1,23,"F","Cash",693.56
2023-06-06,"Marseille Vieux-Port","Seller_1","Smartphone",428.01,1,35,"F","Check",428.01
2024-07-11,"Lyon Part-Dieu","Seller_9","Laptop",1178.41,2,30,"F","Card",2356.82
2024-09-02,"Marseille Vieux-Port","Seller_20","Smartphone",116.44,3,16,"M","Card",349.32
2023-02-23,"Lyon Part-Dieu","Seller_11","Earbuds",1420.81,2,28,"F","Card",2841.62
2024-10-02,"Marseille Vieux-Port","Seller_9","Earbuds",729.48,1,39,NA,"Card",729.48
2024-02-11,"Toulouse Capitole","Seller_12","Smartwatch",57,1,30,"M","",57
2024-04-18,"Lyon Part-Dieu","Seller_21","Tablet",779.14,1,42,"M","Card",779.14
2024-02-08,"Nice Promenade","Seller_12","Smartphone",938.27,2,42,"M","Card",1876.54
2024-08-28,"Lyon Part-Dieu","Seller_23","Tablet",1312.15,1,46,"F","Card",1312.15
2024-09-28,"Lyon Part-Dieu","Seller_18","Tablet",714.26,1,27,"M","Card",714.26
2023-01-16,"Toulouse Capitole","Seller_8","Smartphone",1376.53,3,16,"M","Cash",4129.59
2024-01-19,"Paris Centre","Seller_12","Earbuds",327.38,1,41,"F","Cash",327.38
2024-10-02,"Toulouse Capitole","Seller_10","Smartphone",426.99,1,31,"F","Card",426.99
2023-04-10,"Marseille Vieux-Port","Seller_9","Smartphone",1034,1,40,"F","Card",1034
2023-04-29,"Lyon Part-Dieu","Seller_10","Smartphone",1213.8,1,32,"M","Card",1213.8
2023-08-04,"Paris Centre","Seller_7","Earbuds",483.05,1,39,"M","Card",483.05
2024-08-13,"Nice Promenade","Seller_14","Smartphone",1418.92,1,39,"M","Card",1418.92
2024-07-27,"Nice Promenade","Seller_2","Smartphone",893.2,2,17,"M","Card",1786.4
2024-01-10,"Nice Promenade","Seller_18","Earbuds",928.95,1,39,"F","Card",928.95
2023-09-19,"Paris Centre","Seller_23","Earbuds",295.52,3,27,"F","Cash",886.56
2023-06-05,"Lyon Part-Dieu","Seller_22","Smartphone",303.88,1,16,"M","Card",303.88
2023-12-22,"Paris Centre","Seller_7","Laptop",1339.7,2,21,"M","Cash",2679.4
2023-02-24,"Lyon Part-Dieu","Seller_13","Smartphone",1018.28,4,36,"M","Card",4073.12
2023-10-03,"Lyon Part-Dieu","Seller_12","Laptop",825.45,1,20,"M","Cash",825.45
2023-12-07,"Paris Centre","Seller_11","Laptop",131.57,1,28,"F","Card",131.57
2024-11-05,"Lyon Part-Dieu","Seller_20","Smartphone",1257.49,1,26,"M","Check",1257.49
2023-01-18,"Nice Promenade","Seller_21","Laptop",1288.72,1,47,"F","Card",1288.72
2023-01-02,"Marseille Vieux-Port","Seller_18","Accessories",754.17,2,40,"M","Card",1508.34
2023-02-23,"Lyon Part-Dieu","Seller_9","Smartphone",1488.86,1,44,"F","",1488.86
2024-07-16,"Toulouse Capitole","Seller_11","Tablet",225.29,1,18,"M","Card",225.29
2024-03-24,"Paris Centre","Seller_3","Laptop",882.86,1,28,"M","Card",882.86
2023-07-10,"Nice Promenade","Seller_12","Smartphone",1382.47,1,38,"F","Cash",1382.47
2024-09-09,"Marseille Vieux-Port","Seller_25","Smartphone",983.38,2,41,"F","Cash",1966.76
2023-07-03,"Paris Centre","Seller_19","Tablet",107.6,2,49,"F","Check",215.2
2023-05-08,"Toulouse Capitole","Seller_9","Tablet",808.42,1,23,"F","Card",808.42
2023-03-15,"Paris Centre","Seller_6","Tablet",558.94,3,16,NA,"Cash",1676.82
2023-07-15,"Nice Promenade","Seller_13","Smartphone",480.6,1,59,"F","Card",480.6
2023-04-09,"Nice Promenade","Seller_21","Tablet",98.39,1,46,"M","Card",98.39
2024-04-06,"Toulouse Capitole","Seller_9","Earbuds",1402.17,1,44,"M","Card",1402.17
2024-01-03,"Toulouse Capitole","Seller_17","Smartphone",1487.8,2,54,NA,"Card",2975.6
2024-08-06,"Nice Promenade","Seller_5","Smartphone",902.78,2,31,"M","Card",1805.56
2023-05-13,"Nice Promenade","Seller_6","Tablet",746.92,2,31,"M","Card",1493.84
2023-09-12,"Toulouse Capitole","Seller_6","Tablet",513.07,1,33,"M","Cash",513.07
2024-08-15,"Nice Promenade","Seller_12","Laptop",1060.54,1,45,"F","Card",1060.54
2023-08-15,"Paris Centre","Seller_19","Smartphone",401.38,4,43,"F","Check",1605.52
2023-07-15,"Toulouse Capitole","Seller_12","Laptop",1449.03,2,44,"F","Check",2898.06
2024-06-18,"Nice Promenade","Seller_13","Tablet",1357.93,2,38,"F","",2715.86
2024-08-12,"Marseille Vieux-Port","Seller_9","Laptop",925.7,2,30,"F","Card",1851.4
2024-09-24,"Marseille Vieux-Port","Seller_24","Smartphone",377.54,1,26,"M","Card",377.54
2023-04-23,"Marseille Vieux-Port","Seller_3","Smartphone",958.05,4,46,"M","Card",3832.2
2023-06-06,"Toulouse Capitole","Seller_1","Tablet",644.01,2,37,"F","Card",1288.02
2023-05-20,"Marseille Vieux-Port","Seller_21","Earbuds",267.77,3,23,"M","Card",803.31
2023-06-15,"Nice Promenade","Seller_11","Smartphone",103.11,1,36,"M","Card",103.11
2024-06-17,"Nice Promenade","Seller_24","Laptop",297.92,2,43,"F","Card",595.84
2023-06-15,"Toulouse Capitole","Seller_6","Smartwatch",1234.18,1,39,"M","Card",1234.18
2023-08-08,"Nice Promenade","Seller_12","Smartphone",537.54,1,18,"F","Cash",537.54
2024-01-26,"Lyon Part-Dieu","Seller_11","Laptop",215.9,1,23,"F","Card",215.9
2024-01-16,"Paris Centre","Seller_15","Smartphone",521.83,2,52,"M","Card",1043.66
2023-05-26,"Paris Centre","Seller_3","Earbuds",668.95,1,17,"F","Card",668.95
2023-12-03,"Nice Promenade","Seller_2","Smartphone",993.28,1,25,"F","Card",993.28
2023-05-03,"Marseille Vieux-Port","Seller_8","Tablet",196.89,3,31,NA,"Card",590.67
2023-05-25,"Paris Centre","Seller_8","Laptop",753.21,1,39,"M","Check",753.21
2023-09-14,"Lyon Part-Dieu","Seller_22","Tablet",856.27,1,36,"M","Card",856.27
2024-04-19,"Paris Centre","Seller_23","Smartphone",152.53,1,25,"F","Card",152.53
2023-05-25,"Lyon Part-Dieu","Seller_4","Smartphone",1151.49,1,46,"M","Check",1151.49
2024-08-11,"Toulouse Capitole","Seller_18","Tablet",766.74,1,34,"M","Card",766.74
2023-05-19,"Paris Centre","Seller_10","Earbuds",1238.35,1,33,NA,"Cash",1238.35
2023-03-02,"Toulouse Capitole","Seller_11","Tablet",910.43,1,38,"F","Card",910.43
2023-10-12,"Paris Centre","Seller_16","Earbuds",1240.36,1,35,"M","Card",1240.36
2023-03-24,"Marseille Vieux-Port","Seller_16","Smartphone",376.67,2,28,"F","Check",753.34
2023-12-15,"Toulouse Capitole","Seller_20","Laptop",887.12,1,24,"F","Card",887.12
2024-06-07,"Paris Centre","Seller_21","Laptop",239.76,1,50,"F","Card",239.76
2024-08-13,"Paris Centre","Seller_22","Accessories",977.02,2,47,"M","Card",1954.04
2023-03-08,"Nice Promenade","Seller_2","Tablet",165.76,2,41,"F","Card",331.52
2024-05-02,"Nice Promenade","Seller_12","Tablet",75.56,1,19,"M","",75.56
2024-04-14,"Nice Promenade","Seller_21","Laptop",299.63,1,35,"F","Card",299.63
2023-05-04,"Toulouse Capitole","Seller_1","Smartphone",1339.54,2,26,"M","Card",2679.08
2024-08-13,"Toulouse Capitole","Seller_7","Smartphone",105.08,1,53,"M","Check",105.08
2023-11-30,"Toulouse Capitole","Seller_5","Smartphone",542.27,4,34,"M","Card",2169.08
2023-06-07,"Nice Promenade","Seller_12","Earbuds",314.38,2,27,"F","",628.76
2024-09-21,"Nice Promenade","Seller_6","Smartphone",683.08,1,16,"F","Check",683.08
2023-11-24,"Toulouse Capitole","Seller_21","Laptop",1383.55,1,41,"F","Card",1383.55
2024-06-06,"Marseille Vieux-Port","Seller_1","Laptop",110.85,1,41,NA,"Card",110.85
2023-09-17,"Lyon Part-Dieu","Seller_6","Smartwatch",804.89,3,16,"M","Card",2414.67
2024-03-03,"Paris Centre","Seller_23","Laptop",1456.25,1,39,"M","Card",1456.25
2023-03-10,"Lyon Part-Dieu","Seller_19","Earbuds",139.51,3,40,"M","Card",418.53
2023-12-09,"Nice Promenade","Seller_17","Laptop",506.46,3,34,"F","Card",1519.38
2024-06-18,"Lyon Part-Dieu","Seller_8","Laptop",634.7,2,23,"F","Card",1269.4
2024-09-10,"Nice Promenade","Seller_18","Laptop",1264.98,2,22,"F","",2529.96
2023-03-26,"Marseille Vieux-Port","Seller_10","Smartphone",1264.56,4,44,"F","Card",5058.24
2024-06-06,"Toulouse Capitole","Seller_4","Earbuds",178.52,1,37,"M","Card",178.52
2024-08-02,"Nice Promenade","Seller_19","Smartphone",979.29,1,32,"F","Cash",979.29
2023-04-17,"Nice Promenade","Seller_10","Laptop",297.86,2,42,"M","Card",595.72
2024-06-06,"Lyon Part-Dieu","Seller_5","Laptop",1033.77,1,18,"M","",1033.77
2024-06-29,"Marseille Vieux-Port","Seller_24","Smartphone",1291.16,1,27,"F","Cash",1291.16
2024-11-19,"Nice Promenade","Seller_3","Smartwatch",730.83,2,41,"F","Card",1461.66
2024-06-05,"Paris Centre","Seller_20","Laptop",1125.16,1,29,"M","Card",1125.16
2023-05-27,"Paris Centre","Seller_17","Tablet",760.63,1,47,"F","Card",760.63
2024-08-20,"Toulouse Capitole","Seller_13","Laptop",1035.12,1,40,"F","Card",1035.12
2023-01-27,"Lyon Part-Dieu","Seller_20","Laptop",170.56,1,16,"F","",170.56
2024-11-24,"Lyon Part-Dieu","Seller_16","Laptop",441.82,2,55,"M","Cash",883.64
2023-03-19,"Toulouse Capitole","Seller_1","Smartphone",761.62,1,32,"M","Cash",761.62
2024-11-30,"Marseille Vieux-Port","Seller_5","Laptop",80.56,1,37,NA,"Card",80.56
2024-07-06,"Nice Promenade","Seller_15","Tablet",869.54,1,16,"F","Card",869.54
2023-08-30,"Toulouse Capitole","Seller_4","Smartphone",180.89,1,16,"M","Cash",180.89
2023-09-13,"Paris Centre","Seller_12","Laptop",1127.14,1,45,"F","Card",1127.14
2024-01-31,"Marseille Vieux-Port","Seller_24","Smartwatch",1419.12,1,50,"M","",1419.12
2024-04-16,"Marseille Vieux-Port","Seller_2","Smartphone",1022.24,5,51,"F","Check",5111.2
2023-11-02,"Nice Promenade","Seller_19","Tablet",822.29,1,29,"M","Card",822.29
2024-04-19,"Paris Centre","Seller_15","Tablet",470.63,1,37,"F","Cash",470.63
2024-02-28,"Toulouse Capitole","Seller_25","Earbuds",1361.37,1,61,"M","Card",1361.37
2024-06-28,"Paris Centre","Seller_11","Smartphone",1246.29,1,36,"F","Card",1246.29
2023-07-27,"Paris Centre","Seller_21","Tablet",490.66,2,41,"M","Card",981.32
2023-01-14,"Marseille Vieux-Port","Seller_3","Tablet",735.47,4,33,"M","Card",2941.88
2023-10-08,"Marseille Vieux-Port","Seller_6","Smartphone",394.78,1,28,NA,"Card",394.78
2024-12-27,"Nice Promenade","Seller_2","Tablet",516.65,2,30,"F","Card",1033.3
2024-06-09,"Paris Centre","Seller_20","Smartphone",1439.13,1,16,"F","Card",1439.13
2024-07-29,"Marseille Vieux-Port","Seller_24","Laptop",1345.49,2,34,"F","Card",2690.98
2023-01-02,"Nice Promenade","Seller_14","Tablet",1020.89,2,37,"M","Card",2041.78
2024-03-11,"Marseille Vieux-Port","Seller_11","Laptop",790.64,1,21,"M","Card",790.64
2023-09-20,"Nice Promenade","Seller_12","Accessories",626.72,1,40,"M","Card",626.72
2024-12-30,"Marseille Vieux-Port","Seller_2","Smartphone",132.93,1,42,"M","Card",132.93
2023-05-06,"Toulouse Capitole","Seller_11","Smartphone",948.23,1,54,NA,"Cash",948.23
2023-02-01,"Paris Centre","Seller_3","Earbuds",922.41,4,44,"M","Card",3689.64
2024-11-14,"Paris Centre","Seller_7","Smartwatch",905.19,2,47,"M","Card",1810.38
2023-03-20,"Toulouse Capitole","Seller_14","Smartwatch",940.11,1,50,"M","Check",940.11
2024-11-26,"Nice Promenade","Seller_14","Laptop",498.65,1,35,NA,"Card",498.65
2024-05-28,"Lyon Part-Dieu","Seller_6","Tablet",779.22,4,37,"M","Card",3116.88
2023-01-17,"Marseille Vieux-Port","Seller_19","Laptop",578.06,1,45,"M","Check",578.06
2023-08-19,"Marseille Vieux-Port","Seller_12","Smartphone",271.37,1,53,"M","",271.37
2023-03-23,"Lyon Part-Dieu","Seller_20","Smartphone",777.79,1,44,"M","Card",777.79
2024-04-26,"Toulouse Capitole","Seller_4","Earbuds",1275.17,1,57,"F","Check",1275.17
2024-04-10,"Paris Centre","Seller_12","Tablet",991.46,3,48,"M","Card",2974.38
2023-12-28,"Paris Centre","Seller_4","Smartphone",644.41,3,28,"F","Card",1933.23
2024-05-11,"Lyon Part-Dieu","Seller_7","Laptop",579.97,1,34,"M","",579.97
2024-08-27,"Nice Promenade","Seller_21","Earbuds",318.44,2,54,"F","Card",636.88
2023-06-17,"Toulouse Capitole","Seller_13","Earbuds",957.68,1,34,"F","Cash",957.68
2023-03-15,"Marseille Vieux-Port","Seller_17","Smartphone",1127.29,1,34,"F","Card",1127.29
2023-01-25,"Nice Promenade","Seller_5","Laptop",1058.93,1,24,"M","Card",1058.93
2024-08-22,"Marseille Vieux-Port","Seller_15","Smartphone",549.7,2,17,"F","Card",1099.4
2023-09-17,"Toulouse Capitole","Seller_25","Earbuds",266.42,2,58,"M","Card",532.84
2023-10-07,"Paris Centre","Seller_20","Accessories",1457.29,1,29,"F","Card",1457.29
2024-04-06,"Nice Promenade","Seller_14","Laptop",458.65,1,16,"M","Cash",458.65
2023-10-29,"Paris Centre","Seller_9","Tablet",579.75,2,40,"M","Check",1159.5
2024-01-01,"Nice Promenade","Seller_25","Smartphone",414.93,2,52,"M","Card",829.86
2023-01-02,"Lyon Part-Dieu","Seller_23","Smartphone",1299.92,1,56,"M","Card",1299.92
2023-12-25,"Lyon Part-Dieu","Seller_11","Earbuds",771.46,1,29,"F","Card",771.46
2024-10-13,"Toulouse Capitole","Seller_12","Earbuds",948.72,1,37,"M","Card",948.72
2023-04-10,"Lyon Part-Dieu","Seller_24","Laptop",1165.08,2,17,"M","Cash",2330.16
2024-09-21,"Toulouse Capitole","Seller_12","Smartphone",1318.04,1,42,"F","Card",1318.04
2024-11-24,"Marseille Vieux-Port","Seller_3","Smartphone",511,1,19,"F","Check",511
2023-06-07,"Marseille Vieux-Port","Seller_18","Smartphone",623.59,2,31,"F","Card",1247.18
2023-02-22,"Lyon Part-Dieu","Seller_1","Tablet",1141.07,1,51,"F","Card",1141.07
2024-03-22,"Toulouse Capitole","Seller_1","Accessories",1314.01,1,28,"F","Cash",1314.01
2024-07-19,"Marseille Vieux-Port","Seller_18","Laptop",566.09,1,44,"F","Card",566.09
2023-07-27,"Marseille Vieux-Port","Seller_23","Smartphone",989.05,4,33,"M","Card",3956.2
2024-08-29,"Nice Promenade","Seller_18","Smartphone",202.53,2,39,"F","Card",405.06
2024-11-26,"Nice Promenade","Seller_16","Smartwatch",124.74,1,28,"M","Check",124.74
2023-03-06,"Toulouse Capitole","Seller_4","Tablet",542.79,1,27,NA,"Card",542.79
2024-01-07,"Paris Centre","Seller_4","Laptop",994.79,1,36,"F","Card",994.79
2023-07-03,"Paris Centre","Seller_10","Tablet",857.67,2,35,"F","Card",1715.34
2024-07-01,"Paris Centre","Seller_7","Laptop",158.15,1,34,"F","Card",158.15
2023-03-17,"Toulouse Capitole","Seller_7","Accessories",1444.54,1,39,"M","Card",1444.54
2024-01-28,"Nice Promenade","Seller_4","Earbuds",794.1,3,26,"M","",2382.3
2024-09-08,"Nice Promenade","Seller_3","Tablet",279.77,4,40,"M","Card",1119.08
2024-05-09,"Nice Promenade","Seller_9","Tablet",293.34,3,33,NA,"Card",880.02
2023-09-16,"Nice Promenade","Seller_10","Smartphone",329.83,1,40,"M","Check",329.83
2024-03-30,"Nice Promenade","Seller_9","Tablet",208.44,2,37,"M","Card",416.88
2024-01-21,"Toulouse Capitole","Seller_19","Laptop",1235.8,1,30,"F","Card",1235.8
2024-09-01,"Marseille Vieux-Port","Seller_25","Tablet",1342.93,4,29,"F","Check",5371.72
2023-01-01,"Lyon Part-Dieu","Seller_11","Accessories",268.14,1,30,"F","Card",268.14
2023-01-12,"Paris Centre","Seller_15","Smartphone",810.18,1,47,"F","Card",810.18
2024-10-25,"Toulouse Capitole","Seller_15","Smartphone",681.9,1,33,"F","Card",681.9
2023-09-12,"Lyon Part-Dieu","Seller_13","Smartphone",281.03,1,33,NA,"Card",281.03
2023-11-27,"Paris Centre","Seller_10","Laptop",513.75,1,31,"F","Card",513.75
2024-01-21,"Toulouse Capitole","Seller_1","Smartwatch",1154.22,1,21,"M","Card",1154.22
2024-12-10,"Lyon Part-Dieu","Seller_23","Earbuds",1258.57,2,47,"F","Check",2517.14
2023-07-02,"Toulouse Capitole","Seller_6","Tablet",641.28,1,27,"F","Card",641.28
2023-05-14,"Paris Centre","Seller_10","Laptop",1276.51,5,46,"M","",6382.55
2024-03-17,"Nice Promenade","Seller_16","Smartphone",991.86,1,30,"M","Cash",991.86
2023-08-21,"Toulouse Capitole","Seller_13","Smartphone",1301.57,2,35,"M","Check",2603.14
2024-11-17,"Marseille Vieux-Port","Seller_2","Earbuds",984.94,1,27,"F","Cash",984.94
2024-09-14,"Lyon Part-Dieu","Seller_1","Smartwatch",880.74,1,44,"M","Check",880.74
2023-11-14,"Nice Promenade","Seller_10","Smartphone",194.49,4,37,"F","Card",777.96
2023-11-28,"Paris Centre","Seller_22","Accessories",564.16,2,32,"M","Cash",1128.32
2023-05-05,"Toulouse Capitole","Seller_6","Smartphone",980.54,1,47,"M","Card",980.54
2024-06-02,"Marseille Vieux-Port","Seller_25","Earbuds",1221.98,1,40,NA,"Cash",1221.98
2024-09-01,"Toulouse Capitole","Seller_14","Earbuds",1026.51,3,26,"F","Card",3079.53
2024-04-15,"Nice Promenade","Seller_5","Tablet",1439.63,1,44,NA,"Card",1439.63
2023-01-02,"Nice Promenade","Seller_16","Tablet",72.34,1,22,"F","Card",72.34
2023-07-07,"Nice Promenade","Seller_9","Smartphone",582.22,2,22,"M","Cash",1164.44
2024-09-06,"Paris Centre","Seller_20","Smartphone",444.65,1,28,"F","Card",444.65
2024-05-14,"Toulouse Capitole","Seller_25","Tablet",764.69,1,44,"M","Card",764.69
2024-10-25,"Toulouse Capitole","Seller_15","Tablet",607.14,3,44,"F","Card",1821.42
2024-12-25,"Nice Promenade","Seller_12","Smartphone",1063.45,1,19,"F","Check",1063.45
2024-08-21,"Toulouse Capitole","Seller_25","Smartwatch",1453.28,1,42,"M","Card",1453.28
2023-06-05,"Toulouse Capitole","Seller_20","Tablet",984.65,1,27,"M","Card",984.65
2024-02-20,"Marseille Vieux-Port","Seller_19","Laptop",1178.59,2,29,"F","Cash",2357.18
2024-07-12,"Marseille Vieux-Port","Seller_11","Smartphone",164.14,1,33,"M","Cash",164.14
2023-12-29,"Nice Promenade","Seller_7","Tablet",639.6,1,51,"F","Check",639.6
2023-04-18,"Marseille Vieux-Port","Seller_6","Smartphone",1023.23,1,54,"M","Card",1023.23
2024-05-29,"Toulouse Capitole","Seller_19","Smartphone",829.06,1,31,"F","Card",829.06
2023-10-25,"Nice Promenade","Seller_17","Tablet",691.63,1,38,"F","Check",691.63
2024-02-24,"Lyon Part-Dieu","Seller_14","Smartphone",755.59,1,21,"M","Card",755.59
2023-04-13,"Lyon Part-Dieu","Seller_21","Accessories",606.02,1,48,"F","Cash",606.02
2024-05-13,"Marseille Vieux-Port","Seller_5","Earbuds",364.32,2,27,"F","Card",728.64
2024-11-11,"Paris Centre","Seller_16","Smartphone",1044.31,2,25,"M","Card",2088.62
2023-12-02,"Paris Centre","Seller_3","Smartwatch",156.34,1,53,"F","Card",156.34
2024-04-02,"Paris Centre","Seller_14","Smartwatch",264.26,3,40,"M","Card",792.78
2023-06-29,"Nice Promenade","Seller_15","Smartphone",1405.24,1,20,"M","Card",1405.24
2023-12-31,"Paris Centre","Seller_17","Smartphone",1008,1,19,NA,"Cash",1008
2023-02-25,"Nice Promenade","Seller_6","Smartphone",1018.39,1,49,"M","Check",1018.39
2023-01-16,"Marseille Vieux-Port","Seller_9","Laptop",155.11,1,45,"F","Card",155.11
2023-03-01,"Toulouse Capitole","Seller_8","Tablet",273.24,3,35,"M","Card",819.72
2023-06-29,"Paris Centre","Seller_2","Earbuds",861.62,1,41,"F","Card",861.62
2024-02-05,"Marseille Vieux-Port","Seller_5","Laptop",683.76,2,34,"M","Check",1367.52
2024-08-17,"Lyon Part-Dieu","Seller_23","Smartphone",490.07,1,16,"M","Card",490.07
2024-01-02,"Nice Promenade","Seller_2","Laptop",863.71,2,26,"F","Card",1727.42
2023-05-25,"Toulouse Capitole","Seller_11","Smartphone",858.3,1,23,"M","Card",858.3
2023-11-15,"Toulouse Capitole","Seller_7","Laptop",1234.1,1,31,"F","",1234.1
2023-05-12,"Marseille Vieux-Port","Seller_14","Smartwatch",553.47,1,27,"F","Card",553.47
2023-03-24,"Paris Centre","Seller_7","Laptop",284.22,3,56,"F","Card",852.66
2023-02-04,"Lyon Part-Dieu","Seller_22","Tablet",1114.05,3,50,"F","Card",3342.15
2024-09-03,"Toulouse Capitole","Seller_13","Accessories",910.39,1,48,"M","Card",910.39
2023-05-06,"Lyon Part-Dieu","Seller_2","Accessories",913.57,1,21,NA,"Card",913.57
2024-06-22,"Nice Promenade","Seller_11","Smartphone",378.67,1,51,"M","Cash",378.67
2023-08-05,"Lyon Part-Dieu","Seller_23","Laptop",1053.84,1,45,"M","Card",1053.84
2024-11-11,"Lyon Part-Dieu","Seller_23","Smartphone",660.27,1,43,"M","",660.27
2023-04-03,"Marseille Vieux-Port","Seller_13","Earbuds",1096.81,1,25,"M","Cash",1096.81
2023-03-16,"Lyon Part-Dieu","Seller_7","Tablet",832.98,2,34,"F","Card",1665.96
2024-10-19,"Marseille Vieux-Port","Seller_1","Laptop",1025.56,1,46,"F","Card",1025.56
2023-10-12,"Lyon Part-Dieu","Seller_7","Accessories",1023.71,4,16,NA,"Card",4094.84
2023-01-09,"Toulouse Capitole","Seller_1","Smartwatch",754.93,1,19,"M","Card",754.93
2024-01-18,"Marseille Vieux-Port","Seller_21","Smartphone",274.07,1,28,"F","Card",274.07
2024-10-15,"Marseille Vieux-Port","Seller_20","Tablet",837.99,1,16,"F","Card",837.99
2023-04-22,"Lyon Part-Dieu","Seller_17","Accessories",885.32,1,16,"M","Card",885.32
2023-11-07,"Toulouse Capitole","Seller_2","Smartphone",133.8,2,40,"M","Card",267.6
2023-08-03,"Paris Centre","Seller_11","Earbuds",1383.72,4,22,"F","Check",5534.88
2024-03-25,"Lyon Part-Dieu","Seller_19","Smartphone",1091.86,1,35,"F","",1091.86
2023-02-28,"Marseille Vieux-Port","Seller_18","Tablet",1183.62,1,49,"M","Card",1183.62
2023-03-29,"Nice Promenade","Seller_22","Smartphone",1435.7,3,41,"M","Card",4307.1
2023-12-31,"Toulouse Capitole","Seller_20","Smartwatch",477.63,1,34,"F","Card",477.63
2023-03-07,"Marseille Vieux-Port","Seller_16","Smartphone",1142.56,1,31,"F","Card",1142.56
2023-09-09,"Nice Promenade","Seller_13","Accessories",800.43,1,36,"F","",800.43
2023-03-20,"Lyon Part-Dieu","Seller_1","Accessories",1351.02,2,41,"F","Card",2702.04
2024-02-28,"Toulouse Capitole","Seller_15","Tablet",512.79,1,44,"F","Check",512.79
2023-03-17,"Marseille Vieux-Port","Seller_8","Tablet",987.86,2,45,"F","Card",1975.72
2023-08-03,"Lyon Part-Dieu","Seller_8","Laptop",114.53,1,20,"M","Check",114.53
2024-11-13,"Toulouse Capitole","Seller_10","Earbuds",1363.05,2,29,NA,"Card",2726.1
2024-06-30,"Marseille Vieux-Port","Seller_10","Tablet",1320.26,2,66,NA,"Card",2640.52
2024-12-27,"Toulouse Capitole","Seller_19","Smartphone",834.01,4,28,"M","Card",3336.04
2024-05-18,"Nice Promenade","Seller_23","Earbuds",582.68,2,25,"M","Card",1165.36
2023-10-08,"Lyon Part-Dieu","Seller_7","Earbuds",119.87,1,26,NA,"Card",119.87
2024-12-21,"Nice Promenade","Seller_13","Laptop",1236.92,1,37,"F","Card",1236.92
2023-06-21,"Lyon Part-Dieu","Seller_7","Accessories",1241.25,1,38,"F","Card",1241.25
2024-05-13,"Paris Centre","Seller_23","Earbuds",1085.04,1,19,"F","Cash",1085.04
2024-09-02,"Marseille Vieux-Port","Seller_22","Earbuds",1293.34,1,34,"F","Card",1293.34
2024-11-16,"Paris Centre","Seller_15","Laptop",128.8,2,44,"M","Cash",257.6
2023-05-28,"Paris Centre","Seller_8","Smartphone",333.97,1,43,"M","Card",333.97
2023-12-25,"Lyon Part-Dieu","Seller_3","Accessories",981.27,1,44,"M","Cash",981.27
2023-01-05,"Nice Promenade","Seller_6","Accessories",1282.59,3,62,"M","Check",3847.77
2023-12-30,"Lyon Part-Dieu","Seller_8","Smartphone",1200.4,1,55,"M","Card",1200.4
2024-12-17,"Paris Centre","Seller_17","Earbuds",613.78,1,32,"M","Card",613.78
2023-03-16,"Lyon Part-Dieu","Seller_20","Tablet",534.29,1,42,"F","Card",534.29
2024-12-03,"Lyon Part-Dieu","Seller_17","Smartphone",186.88,1,45,"F","Card",186.88
2023-07-28,"Toulouse Capitole","Seller_11","Smartphone",466.04,2,42,"F","Card",932.08
2023-07-17,"Lyon Part-Dieu","Seller_13","Laptop",557.98,1,45,"M","Card",557.98
2024-01-22,"Toulouse Capitole","Seller_7","Tablet",486.3,1,36,"M","",486.3
2024-08-05,"Marseille Vieux-Port","Seller_23","Tablet",NA,2,30,"F","Card",NA
2023-06-18,"Nice Promenade","Seller_25","Earbuds",951.64,2,44,"F","Cash",1903.28
2024-04-08,"Marseille Vieux-Port","Seller_2","Tablet",1426.47,2,43,NA,"Cash",2852.94
2024-06-23,"Toulouse Capitole","Seller_7","Earbuds",1424.99,4,32,"M","",5699.96
2024-09-17,"Lyon Part-Dieu","Seller_14","Laptop",790.64,1,32,"F","Check",790.64
2024-07-16,"Toulouse Capitole","Seller_13","Earbuds",1418.01,2,24,"F","",2836.02
2024-05-12,"Toulouse Capitole","Seller_10","Accessories",317.85,1,32,"M","Card",317.85
2024-02-24,"Nice Promenade","Seller_14","Tablet",990.28,2,45,"F","Card",1980.56
2023-05-16,"Toulouse Capitole","Seller_21","Tablet",876.11,3,28,"F","Cash",2628.33
2023-02-02,"Nice Promenade","Seller_22","Laptop",1093.83,1,35,"M","Card",1093.83
2024-12-23,"Nice Promenade","Seller_19","Laptop",1479.65,1,41,"F","Card",1479.65
2024-12-13,"Toulouse Capitole","Seller_22","Smartwatch",355.92,1,28,"M","Card",355.92
2023-03-16,"Lyon Part-Dieu","Seller_17","Smartphone",1306.47,1,40,"M","Cash",1306.47
2024-05-20,"Lyon Part-Dieu","Seller_14","Smartphone",1266.75,2,38,"M","Card",2533.5
2024-06-06,"Lyon Part-Dieu","Seller_19","Accessories",528.1,2,19,"F","Card",1056.2
2024-11-19,"Paris Centre","Seller_25","Smartphone",550.42,1,26,"M","Card",550.42
2023-02-22,"Lyon Part-Dieu","Seller_17","Tablet",1436.19,1,46,"F","Card",1436.19
2023-02-25,"Nice Promenade","Seller_19","Smartwatch",1157.8,1,46,"F","Card",1157.8
2023-12-14,"Toulouse Capitole","Seller_13","Laptop",1302.34,1,50,"F","Card",1302.34
2023-10-24,"Nice Promenade","Seller_15","Accessories",829.21,2,38,"M","Card",1658.42
2023-02-02,"Toulouse Capitole","Seller_10","Laptop",362.06,1,35,"M","Card",362.06
2024-10-10,"Marseille Vieux-Port","Seller_7","Earbuds",120.68,2,34,"M","Cash",241.36
2023-12-28,"Toulouse Capitole","Seller_4","Smartphone",926.09,4,37,"F","Card",3704.36
2024-05-06,"Toulouse Capitole","Seller_23","Laptop",841.85,1,28,"M","Card",841.85
2023-07-13,"Toulouse Capitole","Seller_23","Smartphone",1396.2,1,35,"F","Card",1396.2
2023-12-03,"Marseille Vieux-Port","Seller_20","Laptop",534.14,1,37,"F","Card",534.14
2023-12-23,"Lyon Part-Dieu","Seller_3","Tablet",258.89,2,40,"M","Check",517.78
2023-02-27,"Nice Promenade","Seller_14","Earbuds",1222.88,1,41,"M","Card",1222.88
2024-09-21,"Lyon Part-Dieu","Seller_1","Tablet",774.83,1,50,"F","Card",774.83
2023-09-22,"Lyon Part-Dieu","Seller_8","Accessories",459.57,1,22,"F","Card",459.57
2024-11-11,"Toulouse Capitole","Seller_19","Tablet",225.71,2,27,"F","Card",451.42
2023-02-15,"Marseille Vieux-Port","Seller_11","Tablet",265.85,1,23,"F","Cash",265.85
2023-09-15,"Lyon Part-Dieu","Seller_6","Accessories",501.07,1,32,"M","Card",501.07
2023-06-25,"Toulouse Capitole","Seller_3","Laptop",585.84,1,37,"F","Card",585.84
2023-11-19,"Toulouse Capitole","Seller_9","Laptop",996.76,1,19,"F","Card",996.76
2024-09-20,"Marseille Vieux-Port","Seller_1","Laptop",569.34,1,21,"M","Card",569.34
2023-10-05,"Nice Promenade","Seller_12","Laptop",563.37,1,52,"F","Card",563.37
2023-11-25,"Lyon Part-Dieu","Seller_15","Smartphone",103.83,2,35,"M","Card",207.66
2024-04-06,"Paris Centre","Seller_4","Laptop",1300.96,1,29,"M","Card",1300.96
2024-03-02,"Nice Promenade","Seller_17","Earbuds",728.23,3,26,"M","Card",2184.69
2024-10-30,"Lyon Part-Dieu","Seller_13","Earbuds",834.54,1,18,"F","Card",834.54
2023-05-07,"Nice Promenade","Seller_24","Laptop",290.33,1,18,"F","Cash",290.33
2023-05-04,"Paris Centre","Seller_2","Accessories",1485.92,1,46,"M","Card",1485.92
2024-08-10,"Toulouse Capitole","Seller_17","Tablet",64.62,2,53,"M","Card",129.24
2023-01-31,"Lyon Part-Dieu","Seller_18","Earbuds",133.86,1,28,"F","Card",133.86
2024-06-24,"Paris Centre","Seller_24","Laptop",891.09,1,21,"F","Card",891.09
2024-04-12,"Lyon Part-Dieu","Seller_9","Laptop",84.04,1,28,"F","Card",84.04
2024-08-18,"Lyon Part-Dieu","Seller_14","Earbuds",974.23,1,24,NA,"Card",974.23
2024-03-16,"Paris Centre","Seller_8","Earbuds",1024.63,1,24,"F","Card",1024.63
2024-07-21,"Paris Centre","Seller_9","Smartphone",340.9,1,31,"F","Card",340.9
2024-05-21,"Toulouse Capitole","Seller_18","Laptop",276.1,2,51,"F","Card",552.2
2023-07-06,"Toulouse Capitole","Seller_4","Smartphone",770.6,1,27,"F","Card",770.6
2024-01-21,"Nice Promenade","Seller_14","Smartphone",217.83,1,44,"M","Card",217.83
2024-06-05,"Lyon Part-Dieu","Seller_25","Tablet",1206.26,2,51,"M","Card",2412.52
2023-03-10,"Toulouse Capitole","Seller_23","Earbuds",467.88,3,37,"F","Card",1403.64
2024-11-26,"Toulouse Capitole","Seller_18","Smartwatch",789.6,3,52,NA,"Card",2368.8
2023-02-22,"Nice Promenade","Seller_9","Earbuds",696.16,1,30,"M","Cash",696.16
2023-04-30,"Marseille Vieux-Port","Seller_11","Tablet",143.56,2,30,NA,"Cash",287.12
2023-09-22,"Marseille Vieux-Port","Seller_1","Tablet",301.13,1,68,"F","Card",301.13
2023-01-26,"Nice Promenade","Seller_1","Tablet",740.04,1,31,"F","Card",740.04
2023-12-11,"Marseille Vieux-Port","Seller_10","Smartphone",1456.62,1,37,"M","Card",1456.62
2023-04-09,"Toulouse Capitole","Seller_25","Smartphone",1091.55,1,34,"M","Card",1091.55
2024-09-05,"Lyon Part-Dieu","Seller_6","Smartphone",830.66,1,25,"M","",830.66
2023-07-03,"Marseille Vieux-Port","Seller_23","Tablet",53.84,1,32,"M","",53.84
2023-12-21,"Paris Centre","Seller_12","Accessories",464.68,1,30,"F","Card",464.68
2023-11-12,"Nice Promenade","Seller_11","Laptop",856.77,2,25,"M","Card",1713.54
2023-02-12,"Marseille Vieux-Port","Seller_18","Earbuds",427.87,1,18,"F","Card",427.87
2024-01-01,"Lyon Part-Dieu","Seller_21","Laptop",643.28,1,31,"F","Card",643.28
2024-07-19,"Toulouse Capitole","Seller_25","Tablet",905.99,1,39,"F","Cash",905.99
2023-03-07,"Nice Promenade","Seller_6","Smartphone",444.1,2,38,"F","Cash",888.2
2023-04-15,"Toulouse Capitole","Seller_18","Smartphone",1397.96,1,24,"F","Card",1397.96
2024-04-17,"Marseille Vieux-Port","Seller_20","Laptop",808.7,1,18,"F","Card",808.7
2024-09-28,"Paris Centre","Seller_1","Smartphone",1092.38,1,41,"M","Card",1092.38
2023-05-05,"Lyon Part-Dieu","Seller_14","Tablet",1035.29,2,33,"M","Card",2070.58
2024-07-15,"Toulouse Capitole","Seller_13","Smartwatch",641.18,4,45,"M","Card",2564.72
2023-06-12,"Paris Centre","Seller_16","Tablet",329.13,2,46,"M","Card",658.26
2023-03-06,"Lyon Part-Dieu","Seller_2","Smartphone",56.04,3,31,NA,"Card",168.12
2024-05-27,"Nice Promenade","Seller_2","Tablet",1290.36,1,46,"F","Cash",1290.36
2024-10-05,"Toulouse Capitole","Seller_1","Tablet",579.53,2,58,"F","Card",1159.06
2023-10-23,"Toulouse Capitole","Seller_3","Smartphone",741.47,4,55,NA,"Cash",2965.88
2024-10-16,"Paris Centre","Seller_1","Smartwatch",1110.01,1,67,NA,"Check",1110.01
2024-02-07,"Marseille Vieux-Port","Seller_12","Laptop",412.04,2,46,"F","Cash",824.08
2024-05-01,"Paris Centre","Seller_16","Laptop",641.53,2,22,"F","Cash",1283.06
2023-05-28,"Toulouse Capitole","Seller_7","Laptop",106.59,3,46,"F","Cash",319.77
2023-12-16,"Lyon Part-Dieu","Seller_5","Smartphone",231.73,4,33,"F","Cash",926.92
2024-02-15,"Paris Centre","Seller_19","Smartphone",1484.36,1,22,NA,"Card",1484.36
2023-03-06,"Paris Centre","Seller_10","Earbuds",769.17,2,33,"M","Card",1538.34
2023-07-09,"Lyon Part-Dieu","Seller_2","Smartphone",NA,2,56,"M","Card",NA
2024-07-25,"Paris Centre","Seller_9","Earbuds",334.32,1,32,"M","Card",334.32
2024-05-22,"Marseille Vieux-Port","Seller_10","Laptop",1384.05,1,33,NA,"Cash",1384.05
2024-06-18,"Marseille Vieux-Port","Seller_2","Smartphone",1194.11,3,51,"M","",3582.33
2023-05-10,"Paris Centre","Seller_3","Laptop",455.31,1,38,"F","Card",455.31
2023-12-03,"Marseille Vieux-Port","Seller_8","Smartwatch",1241.09,1,32,"M","Card",1241.09
2024-07-10,"Nice Promenade","Seller_25","Smartphone",197.88,1,36,"M","Check",197.88
2023-05-29,"Lyon Part-Dieu","Seller_16","Smartphone",476.84,2,50,NA,"Card",953.68
2024-05-25,"Nice Promenade","Seller_16","Tablet",1165.26,1,42,"F","Card",1165.26
2023-10-27,"Toulouse Capitole","Seller_14","Smartphone",1140.18,4,34,"M","Cash",4560.72
2023-07-30,"Paris Centre","Seller_8","Tablet",1126.84,1,29,NA,"Card",1126.84
2023-10-02,"Nice Promenade","Seller_24","Smartphone",1333.8,4,27,"F","Card",5335.2
2024-11-27,"Marseille Vieux-Port","Seller_13","Laptop",1157.38,1,16,"F","Check",1157.38
2023-04-16,"Paris Centre","Seller_14","Laptop",1064.98,4,40,"F","Card",4259.92
2023-03-23,"Paris Centre","Seller_8","Smartphone",962.29,1,47,"M","Card",962.29
2024-01-01,"Toulouse Capitole","Seller_7","Laptop",226.1,1,22,"F","Card",226.1
2023-05-07,"Toulouse Capitole","Seller_9","Tablet",1451.33,2,46,"F","Card",2902.66
2023-06-26,"Marseille Vieux-Port","Seller_1","Laptop",671.96,1,33,"F","Card",671.96
2023-11-24,"Marseille Vieux-Port","Seller_2","Laptop",563.07,1,37,"M","Card",563.07
2024-09-30,"Paris Centre","Seller_14","Earbuds",526.19,1,30,"F","Card",526.19
2024-10-20,"Toulouse Capitole","Seller_13","Smartphone",653.32,1,58,"F","Card",653.32
2023-08-30,"Lyon Part-Dieu","Seller_11","Tablet",662.15,1,42,"M","Card",662.15
2023-04-30,"Paris Centre","Seller_22","Smartphone",111.4,3,20,"M","Cash",334.2
2024-11-08,"Nice Promenade","Seller_2","Smartphone",1396.54,2,45,"F","Card",2793.08
2024-09-12,"Marseille Vieux-Port","Seller_3","Laptop",562.66,2,37,NA,"Cash",1125.32
2024-09-11,"Nice Promenade","Seller_10","Smartphone",451.17,2,43,"M","Card",902.34
2024-02-03,"Marseille Vieux-Port","Seller_1","Laptop",548.89,3,50,"F","Card",1646.67
2024-08-28,"Nice Promenade","Seller_10","Earbuds",1126.3,1,48,"M","Card",1126.3
2024-06-12,"Lyon Part-Dieu","Seller_21","Tablet",449.83,3,46,"M","Card",1349.49
2024-10-14,"Marseille Vieux-Port","Seller_21","Smartphone",1093.24,2,34,"M","Card",2186.48
2023-08-21,"Marseille Vieux-Port","Seller_2","Laptop",1444.35,1,36,"M","Check",1444.35
2024-08-31,"Nice Promenade","Seller_13","Tablet",711.22,2,48,"M","Card",1422.44
2023-04-05,"Marseille Vieux-Port","Seller_8","Laptop",611.36,1,23,"M","Check",611.36
2023-07-08,"Lyon Part-Dieu","Seller_1","Smartwatch",126.4,3,16,NA,"Cash",379.2
2024-09-28,"Nice Promenade","Seller_14","Earbuds",781.55,2,24,NA,"Cash",1563.1
2023-03-13,"Marseille Vieux-Port","Seller_18","Laptop",828.92,1,21,"M","Card",828.92
2023-06-22,"Toulouse Capitole","Seller_2","Tablet",1252.87,2,42,"M","Check",2505.74
2024-08-05,"Lyon Part-Dieu","Seller_21","Accessories",706.9,1,33,NA,"Card",706.9
2023-06-08,"Toulouse Capitole","Seller_23","Tablet",850,1,16,"M","Card",850
2023-09-28,"Marseille Vieux-Port","Seller_19","Laptop",327.35,2,20,"F","Card",654.7
2024-12-04,"Nice Promenade","Seller_22","Smartwatch",1400.57,1,48,"F","Card",1400.57
2024-08-27,"Paris Centre","Seller_18","Laptop",874.38,1,32,"F","Cash",874.38
2023-02-09,"Toulouse Capitole","Seller_7","Smartphone",715.32,1,53,"M","Card",715.32
2024-03-23,"Paris Centre","Seller_3","Accessories",1232.39,2,44,"M","Cash",2464.78
2023-09-22,"Toulouse Capitole","Seller_18","Smartphone",370.5,1,16,"M","Card",370.5
2024-04-13,"Lyon Part-Dieu","Seller_13","Laptop",370.44,1,26,"F","Cash",370.44
2024-06-30,"Toulouse Capitole","Seller_3","Earbuds",1433.71,3,36,"M","Card",4301.13
2023-01-27,"Paris Centre","Seller_4","Laptop",1104.84,2,30,"M","Check",2209.68
2023-11-03,"Nice Promenade","Seller_16","Accessories",1278.22,3,24,"F","Card",3834.66
2024-03-27,"Nice Promenade","Seller_8","Smartphone",389.44,1,40,"F","Card",389.44
2024-02-04,"Toulouse Capitole","Seller_6","Earbuds",380.01,1,32,"M","Card",380.01
2024-07-27,"Paris Centre","Seller_5","Smartwatch",249.87,2,33,NA,"Card",499.74
2024-11-17,"Nice Promenade","Seller_13","Earbuds",893.63,2,32,"F","Cash",1787.26
2023-07-25,"Lyon Part-Dieu","Seller_8","Tablet",675.79,3,47,"M","Card",2027.37
2023-05-18,"Lyon Part-Dieu","Seller_5","Smartwatch",1118.69,1,40,"F","Card",1118.69
2024-05-25,"Lyon Part-Dieu","Seller_25","Accessories",1118.67,1,41,"M","Check",1118.67
2023-03-20,"Toulouse Capitole","Seller_17","Smartphone",365.68,2,42,"M","Card",731.36
2023-06-13,"Nice Promenade","Seller_23","Tablet",1485.91,1,46,"M","Card",1485.91
2023-07-30,"Lyon Part-Dieu","Seller_10","Tablet",953.63,3,39,"F","Card",2860.89
2024-07-30,"Paris Centre","Seller_21","Smartwatch",473.36,1,48,"F","Cash",473.36
2023-11-06,"Nice Promenade","Seller_20","Smartphone",1386.65,2,37,"M","Card",2773.3
2024-05-04,"Paris Centre","Seller_10","Smartphone",1086.07,1,50,"F","Card",1086.07
2024-08-14,"Nice Promenade","Seller_17","Smartphone",1435.24,3,27,"F","Card",4305.72
2024-08-19,"Nice Promenade","Seller_21","Earbuds",1144.26,1,24,"M","Card",1144.26
2023-09-06,"Toulouse Capitole","Seller_15","Smartphone",1269.86,1,37,"F","Card",1269.86
2024-05-20,"Lyon Part-Dieu","Seller_9","Tablet",1064.16,4,32,"F","Check",4256.64
2023-04-04,"Toulouse Capitole","Seller_2","Smartphone",1259.6,1,46,NA,"Card",1259.6
2024-09-01,"Nice Promenade","Seller_9","Laptop",938.54,1,41,"M","Cash",938.54
2024-09-08,"Paris Centre","Seller_20","Tablet",1146.92,1,38,"M","Card",1146.92
2023-02-21,"Marseille Vieux-Port","Seller_14","Tablet",1118.99,1,34,"F","Card",1118.99
2023-09-16,"Paris Centre","Seller_17","Earbuds",1137.45,1,47,"M","Card",1137.45
2024-08-18,"Marseille Vieux-Port","Seller_13","Earbuds",396.45,3,25,"F","Check",1189.35
2024-04-09,"Lyon Part-Dieu","Seller_18","Smartphone",823.95,2,25,"F","Card",1647.9
2024-05-10,"Nice Promenade","Seller_19","Smartphone",125.84,1,37,"M","Card",125.84
2023-09-26,"Lyon Part-Dieu","Seller_25","Smartphone",911.24,3,26,"M","Card",2733.72
2024-06-24,"Marseille Vieux-Port","Seller_7","Smartphone",140.65,1,16,"F","Check",140.65
2024-12-22,"Paris Centre","Seller_12","Laptop",313.22,1,34,"M","",313.22
2024-06-22,"Nice Promenade","Seller_21","Smartphone",717.23,1,23,"M","Check",717.23
2024-07-23,"Lyon Part-Dieu","Seller_23","Earbuds",1494.22,2,57,"F","Card",2988.44
2024-08-29,"Marseille Vieux-Port","Seller_17","Laptop",588.34,1,18,"M","Cash",588.34
2024-09-08,"Paris Centre","Seller_21","Earbuds",1351.3,1,44,NA,"",1351.3
2023-10-16,"Marseille Vieux-Port","Seller_2","Tablet",1389.11,1,40,"M","Cash",1389.11
2023-10-19,"Toulouse Capitole","Seller_18","Earbuds",1069.49,2,44,NA,"Check",2138.98
2024-08-16,"Nice Promenade","Seller_25","Laptop",434.2,4,24,"F","Cash",1736.8
2024-10-10,"Lyon Part-Dieu","Seller_13","Smartwatch",192.92,2,37,"F","Card",385.84
2024-01-31,"Paris Centre","Seller_22","Smartwatch",817.01,1,19,"M","Card",817.01
2023-09-28,"Lyon Part-Dieu","Seller_1","Laptop",93.38,1,30,"M","Card",93.38
2024-12-09,"Nice Promenade","Seller_16","Accessories",1160.71,3,36,"M","Card",3482.13
2024-05-23,"Paris Centre","Seller_13","Laptop",791.73,2,40,NA,"Cash",1583.46
2023-01-17,"Lyon Part-Dieu","Seller_21","Tablet",258.73,1,46,"M","Card",258.73
2024-08-01,"Nice Promenade","Seller_24","Smartphone",970.89,2,40,"F","Card",1941.78
2023-04-06,"Lyon Part-Dieu","Seller_6","Tablet",464.48,1,16,"M","Card",464.48
2024-12-30,"Paris Centre","Seller_11","Earbuds",725.99,2,47,"M","Card",1451.98
2024-05-31,"Marseille Vieux-Port","Seller_9","Earbuds",300.87,1,30,"F","Card",300.87
2023-12-07,"Lyon Part-Dieu","Seller_14","Laptop",1424.66,3,25,"F","Card",4273.98
2023-05-18,"Nice Promenade","Seller_21","Smartphone",1491.02,1,34,"M","Card",1491.02
2023-10-12,"Nice Promenade","Seller_14","Smartphone",1121.63,3,23,"F","Check",3364.89
2023-11-14,"Nice Promenade","Seller_25","Tablet",306.36,1,51,"M","Check",306.36
2023-04-24,"Toulouse Capitole","Seller_18","Earbuds",470.9,1,43,"M","Card",470.9
2024-05-29,"Nice Promenade","Seller_21","Laptop",1322.42,2,29,"F","Check",2644.84
2023-02-11,"Lyon Part-Dieu","Seller_24","Smartphone",1339.58,2,68,"F","Card",2679.16
2023-04-14,"Toulouse Capitole","Seller_18","Smartwatch",1262.77,2,39,"F","Card",2525.54
2024-06-15,"Toulouse Capitole","Seller_13","Laptop",437.68,1,33,"M","Card",437.68
2023-12-13,"Marseille Vieux-Port","Seller_3","Tablet",343.11,3,47,"F","Card",1029.33
2023-07-29,"Paris Centre","Seller_12","Laptop",1285.42,1,35,"F","Card",1285.42
2024-10-01,"Toulouse Capitole","Seller_4","Earbuds",1378.83,1,44,"F","Card",1378.83
2024-08-11,"Marseille Vieux-Port","Seller_25","Tablet",1405.14,1,36,"M","Card",1405.14
2024-07-08,"Lyon Part-Dieu","Seller_10","Tablet",189,1,39,"F","Check",189
2024-04-09,"Nice Promenade","Seller_1","Smartphone",584.51,2,44,"M","Card",1169.02
2023-04-05,"Nice Promenade","Seller_18","Smartwatch",1418.99,3,31,"F","Card",4256.97
2023-05-03,"Marseille Vieux-Port","Seller_24","Smartphone",787.88,1,40,"F","Check",787.88
2024-10-11,"Nice Promenade","Seller_7","Smartphone",655.49,1,59,"F","Check",655.49
2023-04-30,"Nice Promenade","Seller_13","Laptop",458.45,2,40,"F","Card",916.9
2023-11-22,"Nice Promenade","Seller_23","Earbuds",291.33,1,16,"F","Card",291.33
2024-04-08,"Nice Promenade","Seller_9","Accessories",834.34,1,40,"F","Card",834.34
2024-03-14,"Paris Centre","Seller_13","Tablet",488.18,1,44,"M","Card",488.18
2024-06-18,"Paris Centre","Seller_12","Smartphone",89.03,1,38,"M","Card",89.03
2023-12-07,"Nice Promenade","Seller_19","Smartwatch",660.81,4,44,"F","Card",2643.24
2024-01-11,"Nice Promenade","Seller_25","Smartphone",636.05,3,44,"M","Check",1908.15
2023-03-27,"Marseille Vieux-Port","Seller_15","Tablet",1012.12,2,40,"F","Card",2024.24
2024-05-28,"Nice Promenade","Seller_9","Tablet",833.08,1,41,"M","Cash",833.08
2023-05-26,"Nice Promenade","Seller_3","Laptop",1191.56,1,36,"F","Check",1191.56
2023-04-01,"Paris Centre","Seller_3","Smartphone",782.52,5,16,"F","Card",3912.6
2024-09-11,"Nice Promenade","Seller_18","Tablet",563.15,1,31,"F","Card",563.15
2024-05-27,"Marseille Vieux-Port","Seller_9","Laptop",1148.54,2,16,"F","Card",2297.08
2023-01-03,"Paris Centre","Seller_3","Laptop",722.4,1,31,"M","Card",722.4
2023-03-24,"Paris Centre","Seller_12","Earbuds",110.48,1,41,"F","Card",110.48
2023-04-17,"Paris Centre","Seller_8","Tablet",914.39,1,30,NA,"Card",914.39
2023-09-21,"Marseille Vieux-Port","Seller_8","Accessories",769.86,1,41,NA,"Card",769.86
2023-06-05,"Nice Promenade","Seller_5","Smartphone",107.42,1,33,"M","Card",107.42
2024-03-04,"Lyon Part-Dieu","Seller_24","Laptop",357.13,1,48,"F","Card",357.13
2024-08-11,"Toulouse Capitole","Seller_3","Smartphone",207.22,2,41,"F","Card",414.44
2024-07-24,"Nice Promenade","Seller_21","Smartphone",714.33,2,25,"M","Cash",1428.66
2023-03-08,"Paris Centre","Seller_4","Smartphone",794.59,1,23,"M","Card",794.59
2023-12-21,"Nice Promenade","Seller_2","Earbuds",566.91,1,49,"F","Card",566.91
2023-02-12,"Toulouse Capitole","Seller_5","Tablet",1363.62,1,54,"F","Card",1363.62
2024-04-11,"Lyon Part-Dieu","Seller_25","Smartphone",591.38,1,39,"F","Card",591.38
2024-05-19,"Marseille Vieux-Port","Seller_15","Laptop",812.41,1,24,"F","Card",812.41
2023-10-21,"Toulouse Capitole","Seller_21","Tablet",339.78,1,37,"F","Card",339.78
2023-10-15,"Paris Centre","Seller_20","Smartwatch",860.98,1,52,"F","Card",860.98
2024-03-26,"Paris Centre","Seller_12","Tablet",1249.09,1,42,"M","Card",1249.09
2023-04-29,"Lyon Part-Dieu","Seller_1","Smartphone",1255.19,2,42,"M","Card",2510.38
2024-12-12,"Paris Centre","Seller_5","Accessories",51.27,1,50,"M","Cash",51.27
2024-02-28,"Toulouse Capitole","Seller_7","Smartphone",1364.27,1,57,"M","Cash",1364.27
2024-04-23,"Marseille Vieux-Port","Seller_7","Tablet",230.82,1,30,"F","Check",230.82
2024-11-26,"Lyon Part-Dieu","Seller_19","Tablet",1404.43,1,50,"F","Cash",1404.43
2024-10-24,"Lyon Part-Dieu","Seller_8","Laptop",716.79,2,40,"M","Card",1433.58
2024-04-10,"Toulouse Capitole","Seller_14","Laptop",589.94,1,32,NA,"Card",589.94
2024-03-28,"Marseille Vieux-Port","Seller_1","Laptop",291.88,1,35,"M","Card",291.88
2023-11-12,"Marseille Vieux-Port","Seller_24","Smartphone",596.93,2,44,"F","Check",1193.86
2023-09-19,"Paris Centre","Seller_20","Smartphone",520.82,1,34,"M","Card",520.82
2023-02-17,"Lyon Part-Dieu","Seller_22","Smartphone",1039.38,4,51,"M","Card",4157.52
2023-03-26,"Nice Promenade","Seller_19","Earbuds",427.6,1,50,"M","Card",427.6
2023-09-21,"Marseille Vieux-Port","Seller_3","Smartphone",1160.32,1,30,NA,"Card",1160.32
2023-06-05,"Paris Centre","Seller_14","Smartwatch",899.36,1,39,"F","Check",899.36
2023-05-13,"Paris Centre","Seller_9","Tablet",1232.78,1,27,NA,"Cash",1232.78
2023-09-29,"Paris Centre","Seller_18","Earbuds",1271.41,1,39,"M","Card",1271.41
2024-11-28,"Lyon Part-Dieu","Seller_11","Laptop",637.15,1,18,"M","Card",637.15
2023-12-07,"Marseille Vieux-Port","Seller_21","Laptop",665.6,2,23,"M","Card",1331.2
2024-08-09,"Toulouse Capitole","Seller_23","Tablet",258.95,1,32,NA,"Card",258.95
2024-08-14,"Lyon Part-Dieu","Seller_21","Tablet",249.04,2,21,NA,"Card",498.08
2024-09-16,"Lyon Part-Dieu","Seller_17","Earbuds",1458.21,1,23,"F","Cash",1458.21
2024-04-25,"Lyon Part-Dieu","Seller_25","Earbuds",241.57,3,20,"F","Card",724.71
2023-11-26,"Nice Promenade","Seller_19","Tablet",154.38,4,33,"M","Cash",617.52
2024-01-11,"Lyon Part-Dieu","Seller_12","Smartphone",143.26,2,44,"M","Card",286.52
2023-03-28,"Paris Centre","Seller_10","Smartphone",1293.41,1,41,"M","Card",1293.41
2024-03-19,"Nice Promenade","Seller_19","Smartphone",571.82,1,40,"M","Check",571.82
2023-02-01,"Lyon Part-Dieu","Seller_18","Smartphone",1161.1,1,40,"M","Cash",1161.1
2023-04-11,"Paris Centre","Seller_11","Tablet",526.71,3,31,"M","Card",1580.13
2023-11-26,"Paris Centre","Seller_18","Laptop",876.45,2,50,"M","Card",1752.9
2023-07-08,"Nice Promenade","Seller_16","Smartphone",86.87,4,23,"F","Check",347.48
2024-06-08,"Nice Promenade","Seller_22","Laptop",911.91,1,24,NA,"Card",911.91
2024-09-17,"Lyon Part-Dieu","Seller_7","Smartphone",120.42,1,80,"M","Check",120.42
2023-09-04,"Toulouse Capitole","Seller_9","Smartphone",574.31,2,48,"F","Cash",1148.62
2023-08-21,"Nice Promenade","Seller_23","Smartphone",757.63,2,64,"F","Card",1515.26
2024-08-31,"Paris Centre","Seller_14","Tablet",1167.97,1,30,NA,"Card",1167.97
2024-07-05,"Paris Centre","Seller_10","Smartphone",482.3,2,27,"M","Card",964.6
2023-12-14,"Marseille Vieux-Port","Seller_19","Smartphone",140.75,1,20,"F","Cash",140.75
2023-07-31,"Paris Centre","Seller_15","Laptop",987.2,1,16,"M","Card",987.2
2023-06-22,"Paris Centre","Seller_25","Smartphone",1302.1,1,33,"F","Cash",1302.1
2024-01-23,"Nice Promenade","Seller_12","Laptop",870.86,1,28,"M","",870.86
2023-10-07,"Marseille Vieux-Port","Seller_4","Tablet",1280.27,1,16,"F","",1280.27
2024-05-20,"Paris Centre","Seller_12","Smartphone",1251.95,1,37,NA,"Card",1251.95
2024-07-25,"Nice Promenade","Seller_5","Laptop",55.53,1,18,"M","Card",55.53
2024-06-07,"Marseille Vieux-Port","Seller_18","Smartphone",761.61,2,22,"F","Cash",1523.22
2023-03-22,"Toulouse Capitole","Seller_10","Smartphone",1166.58,2,19,"M","Card",2333.16
2024-03-19,"Paris Centre","Seller_11","Earbuds",1077,2,41,"M","Card",2154
2024-03-24,"Lyon Part-Dieu","Seller_19","Earbuds",706.83,2,24,"F","Card",1413.66
2024-01-15,"Paris Centre","Seller_25","Tablet",385.4,2,29,"F","Cash",770.8
2023-06-01,"Toulouse Capitole","Seller_18","Earbuds",1171.7,2,50,"M","Card",2343.4
2024-07-29,"Nice Promenade","Seller_2","Smartwatch",427.56,2,36,"F","Card",855.12
2024-10-28,"Toulouse Capitole","Seller_6","Smartwatch",1058.25,1,51,"M","Card",1058.25
2024-08-25,"Marseille Vieux-Port","Seller_5","Smartphone",468.36,1,39,"M","Card",468.36
2024-02-04,"Nice Promenade","Seller_4","Smartphone",319.99,1,51,"M","Card",319.99
2023-08-11,"Toulouse Capitole","Seller_1","Earbuds",142.21,1,57,"F","Card",142.21
2024-01-21,"Toulouse Capitole","Seller_2","Smartphone",400.3,1,26,"F","Check",400.3
2023-08-27,"Lyon Part-Dieu","Seller_24","Smartphone",477.13,1,30,"F","Cash",477.13
2024-02-14,"Lyon Part-Dieu","Seller_8","Tablet",1475.51,1,31,"F","Card",1475.51
2024-12-14,"Nice Promenade","Seller_19","Earbuds",722.6,1,16,"F","Card",722.6
2023-07-22,"Nice Promenade","Seller_4","Laptop",1380.1,1,36,NA,"Card",1380.1
2024-02-21,"Paris Centre","Seller_11","Accessories",363.51,5,35,"F","Card",1817.55
2023-12-27,"Lyon Part-Dieu","Seller_12","Smartphone",812.55,1,19,"M","Cash",812.55
2023-05-21,"Marseille Vieux-Port","Seller_14","Earbuds",396.28,1,20,"M","Card",396.28
2023-10-22,"Marseille Vieux-Port","Seller_25","Laptop",734.47,2,38,"F","Card",1468.94
2024-06-09,"Nice Promenade","Seller_13","Earbuds",581.54,1,25,"M","Check",581.54
2024-12-27,"Toulouse Capitole","Seller_15","Laptop",1286.12,2,49,"F","Card",2572.24
2023-05-25,"Nice Promenade","Seller_9","Smartwatch",604.92,1,40,"F","",604.92
2023-08-16,"Nice Promenade","Seller_22","Earbuds",822.57,2,31,"M","",1645.14
2023-12-27,"Nice Promenade","Seller_8","Tablet",142.61,2,31,"F","Card",285.22
2024-05-03,"Paris Centre","Seller_9","Smartphone",774.29,2,50,"F","Card",1548.58
2024-12-04,"Toulouse Capitole","Seller_10","Laptop",833.17,1,33,"M","Card",833.17
2023-05-01,"Marseille Vieux-Port","Seller_2","Laptop",1125.8,1,27,"F","Card",1125.8
2024-03-09,"Marseille Vieux-Port","Seller_7","Smartphone",1325.29,2,26,"F","",2650.58
2023-06-23,"Paris Centre","Seller_9","Tablet",483.19,1,31,"M","Card",483.19
2024-06-23,"Toulouse Capitole","Seller_23","Smartphone",1094.96,1,24,"F","Card",1094.96
2023-01-12,"Nice Promenade","Seller_22","Earbuds",902.49,1,42,"M","Card",902.49
2024-10-04,"Lyon Part-Dieu","Seller_19","Tablet",681.58,4,47,"F","Cash",2726.32
2023-10-20,"Paris Centre","Seller_21","Laptop",1066.28,1,39,"F","Card",1066.28
2023-01-20,"Lyon Part-Dieu","Seller_1","Smartphone",211.27,1,16,"F","Card",211.27
2023-05-22,"Paris Centre","Seller_12","Laptop",997.01,2,35,"F","Cash",1994.02
2024-04-04,"Paris Centre","Seller_2","Laptop",66.06,1,52,"F","Card",66.06
2024-09-20,"Nice Promenade","Seller_22","Earbuds",949.55,3,43,"M","Cash",2848.65
2023-12-06,"Marseille Vieux-Port","Seller_21","Laptop",1112.08,1,45,"M","Card",1112.08
2023-04-20,"Toulouse Capitole","Seller_4","Smartphone",1032.98,1,50,"F","Card",1032.98
2023-02-06,"Toulouse Capitole","Seller_6","Laptop",1336.88,1,46,"F","Cash",1336.88
2023-01-22,"Marseille Vieux-Port","Seller_10","Earbuds",169.65,1,20,"F","Card",169.65
2024-04-29,"Paris Centre","Seller_21","Smartphone",778.72,2,23,"M","Card",1557.44
2024-07-07,"Lyon Part-Dieu","Seller_15","Smartphone",694.16,1,29,"M","Card",694.16
2023-02-27,"Toulouse Capitole","Seller_9","Accessories",196.85,3,20,"M","Check",590.55
2023-09-04,"Toulouse Capitole","Seller_4","Earbuds",578.5,1,32,"M","Card",578.5
2023-03-13,"Paris Centre","Seller_4","Smartphone",971.4,3,27,"F","Card",2914.2
2023-04-19,"Nice Promenade","Seller_12","Tablet",1102.26,1,20,"F","Card",1102.26
2024-03-14,"Nice Promenade","Seller_4","Tablet",376.94,1,36,"M","",376.94
2023-05-23,"Marseille Vieux-Port","Seller_13","Laptop",1439.27,3,39,NA,"Card",4317.81
2023-06-02,"Toulouse Capitole","Seller_20","Tablet",1179.75,1,17,"M","Card",1179.75
2024-08-31,"Paris Centre","Seller_21","Smartwatch",202.22,3,28,"M","Card",606.66
2024-04-03,"Toulouse Capitole","Seller_25","Earbuds",1159.7,4,37,"F","Cash",4638.8
2023-12-20,"Lyon Part-Dieu","Seller_4","Smartphone",1230.4,1,24,"M","Cash",1230.4
2024-02-05,"Toulouse Capitole","Seller_4","Smartwatch",1455.31,1,26,"M","Card",1455.31
2024-11-18,"Paris Centre","Seller_20","Tablet",841.17,1,23,"M","Card",841.17
2023-04-15,"Toulouse Capitole","Seller_1","Laptop",423.85,1,40,"M","Card",423.85
2024-03-11,"Nice Promenade","Seller_23","Smartphone",897.34,1,35,"F","Card",897.34
2024-04-22,"Lyon Part-Dieu","Seller_9","Tablet",554.91,1,16,"F","Check",554.91
2023-10-15,"Nice Promenade","Seller_15","Smartphone",886.65,1,28,"F","Card",886.65
2023-03-15,"Nice Promenade","Seller_2","Laptop",257.16,1,42,"F","Card",257.16
2024-03-17,"Paris Centre","Seller_24","Tablet",1152.69,2,33,"M","Cash",2305.38
2024-08-01,"Nice Promenade","Seller_12","Laptop",971.67,2,31,"F","Card",1943.34
2024-11-09,"Paris Centre","Seller_16","Smartphone",601.75,1,56,"F","Card",601.75
2024-04-12,"Toulouse Capitole","Seller_12","Earbuds",359.91,3,21,"F","Check",1079.73
2024-04-26,"Nice Promenade","Seller_7","Tablet",1449.64,1,41,"M","Card",1449.64
2023-12-19,"Paris Centre","Seller_21","Earbuds",1311.61,1,35,"F","Card",1311.61
2024-03-07,"Marseille Vieux-Port","Seller_17","Laptop",270.82,3,16,"M","Check",812.46
2023-04-14,"Paris Centre","Seller_15","Smartphone",72.46,1,43,NA,"Cash",72.46
2023-03-22,"Lyon Part-Dieu","Seller_25","Tablet",1148.45,2,43,"M","Card",2296.9
2024-03-15,"Lyon Part-Dieu","Seller_13","Accessories",572.69,1,40,"F","Card",572.69
2023-02-17,"Lyon Part-Dieu","Seller_20","Smartphone",815.79,1,42,"F","Card",815.79
2024-05-11,"Lyon Part-Dieu","Seller_16","Laptop",988.53,1,45,"F","Card",988.53
2024-05-13,"Paris Centre","Seller_19","Smartphone",340.55,2,47,"F","Card",681.1
2024-01-14,"Toulouse Capitole","Seller_20","Earbuds",645.72,2,42,"M","Check",1291.44
2023-04-17,"Nice Promenade","Seller_2","Smartphone",352.79,1,31,NA,"Check",352.79
2023-10-13,"Marseille Vieux-Port","Seller_1","Tablet",374.79,3,16,"F","Card",1124.37
2024-05-13,"Lyon Part-Dieu","Seller_16","Earbuds",131.98,2,29,NA,"Cash",263.96
2024-04-04,"Nice Promenade","Seller_23","Smartphone",330.93,1,35,"F","Card",330.93
2024-10-27,"Marseille Vieux-Port","Seller_1","Laptop",887.06,1,36,"M","Card",887.06
2024-08-01,"Nice Promenade","Seller_11","Tablet",994.14,1,33,"F","Card",994.14
2024-01-08,"Marseille Vieux-Port","Seller_25","Smartphone",1372.46,2,39,"M","Card",2744.92
2024-10-08,"Nice Promenade","Seller_18","Tablet",1015.39,1,21,"M","Check",1015.39
2023-10-26,"Paris Centre","Seller_1","Smartphone",247.65,1,35,"M","Card",247.65
2024-04-29,"Paris Centre","Seller_15","Tablet",431.44,1,55,"F","Card",431.44
2023-01-13,"Lyon Part-Dieu","Seller_16","Smartphone",126.21,1,33,"M","Card",126.21
2024-12-15,"Paris Centre","Seller_22","Tablet",201.93,1,42,"F","Cash",201.93
2023-08-23,"Toulouse Capitole","Seller_10","Tablet",165.64,2,27,"M","Card",331.28
2024-04-09,"Nice Promenade","Seller_3","Smartphone",1205.6,4,44,"M","Card",4822.4
2023-12-11,"Nice Promenade","Seller_24","Earbuds",395.17,1,42,"M","Card",395.17
2024-05-20,"Marseille Vieux-Port","Seller_25","Smartphone",1092.11,2,16,NA,"Cash",2184.22
2024-03-18,"Toulouse Capitole","Seller_18","Tablet",102.45,1,28,"F","Cash",102.45
2023-10-25,"Marseille Vieux-Port","Seller_1","Smartwatch",170.31,2,53,NA,"Card",340.62
2023-10-02,"Paris Centre","Seller_19","Smartphone",1028.51,1,18,"F","Cash",1028.51
2024-07-27,"Nice Promenade","Seller_21","Laptop",787.43,1,33,"M","Card",787.43
2023-04-14,"Marseille Vieux-Port","Seller_9","Laptop",1262.12,2,25,"M","Card",2524.24
2024-11-30,"Nice Promenade","Seller_16","Accessories",738.04,1,51,"F","Card",738.04
2023-12-16,"Lyon Part-Dieu","Seller_17","Smartphone",358.39,1,16,"M","Card",358.39
2024-05-10,"Nice Promenade","Seller_19","Tablet",823.44,4,36,"M","Card",3293.76
2023-08-05,"Lyon Part-Dieu","Seller_16","Tablet",686.74,1,43,"F","Card",686.74
2023-12-30,"Marseille Vieux-Port","Seller_8","Laptop",217.35,1,27,"M","Card",217.35
2024-04-04,"Nice Promenade","Seller_14","Laptop",885.74,1,61,"M","Card",885.74
2023-06-25,"Nice Promenade","Seller_17","Smartwatch",1330.84,2,16,"M","Card",2661.68
2024-10-17,"Toulouse Capitole","Seller_24","Earbuds",516.73,1,25,NA,"Card",516.73
2023-09-08,"Toulouse Capitole","Seller_12","Earbuds",152.34,1,27,"F","Card",152.34
2024-02-11,"Toulouse Capitole","Seller_9","Smartwatch",983.62,2,31,"M","Card",1967.24
2024-12-13,"Lyon Part-Dieu","Seller_18","Tablet",753.48,3,18,"F","Cash",2260.44
2024-12-23,"Paris Centre","Seller_11","Smartphone",381.94,2,35,"M","Card",763.88
2024-06-26,"Nice Promenade","Seller_13","Laptop",604.37,1,68,"F","Cash",604.37
2023-04-26,"Toulouse Capitole","Seller_12","Laptop",93.42,2,32,"F","Card",186.84
2024-01-06,"Paris Centre","Seller_24","Smartphone",1204.61,1,36,"F","Card",1204.61
2024-02-07,"Toulouse Capitole","Seller_18","Earbuds",542.27,1,28,"F","Card",542.27
2024-07-05,"Lyon Part-Dieu","Seller_5","Earbuds",1210.29,1,44,"M","Check",1210.29
2024-08-04,"Lyon Part-Dieu","Seller_13","Tablet",1340.84,1,63,"M","Check",1340.84
2024-07-18,"Paris Centre","Seller_1","Tablet",818.21,1,41,"M","Cash",818.21
2024-02-17,"Paris Centre","Seller_2","Smartphone",444.77,1,57,"M","Card",444.77
2023-04-08,"Marseille Vieux-Port","Seller_24","Accessories",761.85,1,24,"M","Card",761.85
2024-12-11,"Nice Promenade","Seller_3","Earbuds",697.36,1,34,"F","Card",697.36
2024-04-01,"Lyon Part-Dieu","Seller_23","Laptop",1046.28,5,16,"F","Card",5231.4
2023-05-06,"Marseille Vieux-Port","Seller_13","Tablet",266.67,2,42,NA,"Card",533.34
2024-05-18,"Paris Centre","Seller_13","Tablet",577.32,1,37,"F","Card",577.32
2023-05-29,"Nice Promenade","Seller_4","Smartphone",1024.42,1,32,"F","Cash",1024.42
2023-03-20,"Nice Promenade","Seller_10","Laptop",1371.25,1,16,"M","Card",1371.25
2023-06-22,"Toulouse Capitole","Seller_6","Smartphone",784.03,1,22,"M","Card",784.03
2024-09-05,"Marseille Vieux-Port","Seller_6","Earbuds",1127.37,1,41,"M","Card",1127.37
2024-08-30,"Marseille Vieux-Port","Seller_17","Smartwatch",60.93,2,59,"F","Card",121.86
2024-06-15,"Nice Promenade","Seller_22","Laptop",1332.78,1,23,"F","Card",1332.78
2023-01-01,"Nice Promenade","Seller_17","Laptop",702.08,3,40,"M","Card",2106.24
2024-01-28,"Toulouse Capitole","Seller_15","Smartwatch",739.44,1,32,"M","Card",739.44
2024-01-07,"Marseille Vieux-Port","Seller_12","Smartphone",943.2,1,50,"M","Check",943.2
2024-02-14,"Nice Promenade","Seller_2","Smartphone",1018.89,1,27,"F","Card",1018.89
2023-05-26,"Lyon Part-Dieu","Seller_17","Earbuds",1069.12,2,37,"M","Check",2138.24
2023-03-24,"Nice Promenade","Seller_25","Smartphone",478.24,1,32,"F","Card",478.24
2024-11-02,"Toulouse Capitole","Seller_4","Tablet",733.8,3,41,NA,"Card",2201.4
2023-09-16,"Nice Promenade","Seller_3","Laptop",1024.01,1,19,"F","Cash",1024.01
2023-07-23,"Marseille Vieux-Port","Seller_14","Smartphone",67.49,1,37,"M","Card",67.49
2023-09-02,"Paris Centre","Seller_4","Tablet",1011.94,1,16,"M","Card",1011.94
2024-10-24,"Toulouse Capitole","Seller_16","Smartwatch",775.74,3,52,"F","Card",2327.22
2024-07-19,"Nice Promenade","Seller_25","Tablet",1116.8,2,29,"M","Card",2233.6
2024-08-21,"Toulouse Capitole","Seller_8","Accessories",833.56,1,43,"M","Card",833.56
2023-12-17,"Toulouse Capitole","Seller_5","Tablet",1398.9,1,48,"M","Card",1398.9
2023-11-17,"Lyon Part-Dieu","Seller_18","Accessories",1293.45,1,21,"M","Card",1293.45
2024-03-25,"Lyon Part-Dieu","Seller_20","Laptop",391.77,1,35,"M","Card",391.77
2023-06-01,"Toulouse Capitole","Seller_12","Smartphone",209.53,1,34,"M","Cash",209.53
2024-09-20,"Marseille Vieux-Port","Seller_20","Accessories",153.91,1,21,NA,"Cash",153.91
2024-04-03,"Marseille Vieux-Port","Seller_1","Smartphone",1166.51,1,44,"M","Card",1166.51
2023-09-30,"Nice Promenade","Seller_6","Laptop",921.43,1,29,"M","Card",921.43
2023-12-17,"Nice Promenade","Seller_16","Smartphone",504.55,1,36,"F","Check",504.55
2023-11-23,"Lyon Part-Dieu","Seller_9","Earbuds",739.75,1,38,"M","Card",739.75
2023-02-01,"Lyon Part-Dieu","Seller_16","Earbuds",600.95,2,53,"M","Card",1201.9
2024-11-03,"Toulouse Capitole","Seller_3","Earbuds",76.66,2,17,"F","Card",153.32
2023-09-19,"Lyon Part-Dieu","Seller_7","Smartphone",1280.06,1,44,"F","Card",1280.06
2024-05-07,"Lyon Part-Dieu","Seller_14","Tablet",607.47,1,25,NA,"Card",607.47
2023-09-16,"Nice Promenade","Seller_8","Smartphone",1219.84,1,39,"M","Card",1219.84
2024-06-04,"Nice Promenade","Seller_20","Laptop",1346.12,1,40,"M","Card",1346.12
2024-03-15,"Marseille Vieux-Port","Seller_2","Laptop",1213.64,4,33,"M","Card",4854.56
2024-12-23,"Paris Centre","Seller_14","Laptop",254.25,2,36,"M","Card",508.5
2023-11-24,"Nice Promenade","Seller_19","Earbuds",354.22,1,27,"F","Card",354.22
2024-03-31,"Toulouse Capitole","Seller_6","Tablet",283.9,1,28,"M","Check",283.9
2024-03-21,"Toulouse Capitole","Seller_9","Smartphone",1461.86,2,50,NA,"Card",2923.72
2024-03-09,"Lyon Part-Dieu","Seller_14","Smartphone",379.4,1,43,"F","Card",379.4
2024-02-19,"Paris Centre","Seller_24","Smartphone",882.33,1,19,"M","Card",882.33
2023-09-22,"Paris Centre","Seller_15","Tablet",134.95,3,23,"M","Check",404.85
2024-02-13,"Marseille Vieux-Port","Seller_20","Laptop",536.63,1,33,"M","Check",536.63
2023-10-13,"Nice Promenade","Seller_15","Laptop",566.44,1,34,"M","Card",566.44
2023-10-03,"Paris Centre","Seller_14","Smartphone",971.77,1,39,"F","Card",971.77
2023-05-03,"Toulouse Capitole","Seller_3","Earbuds",1164.92,2,37,"F","Check",2329.84
2024-09-22,"Nice Promenade","Seller_12","Laptop",339.98,1,60,NA,"Card",339.98
2024-03-25,"Toulouse Capitole","Seller_15","Smartwatch",1343.35,4,27,"M","Cash",5373.4
2023-04-22,"Lyon Part-Dieu","Seller_2","Earbuds",1271.6,1,45,NA,"Card",1271.6
2024-09-19,"Lyon Part-Dieu","Seller_18","Tablet",1281.07,1,44,"F","Cash",1281.07
2024-10-24,"Nice Promenade","Seller_3","Earbuds",441.42,1,36,"M","Cash",441.42
2023-10-30,"Toulouse Capitole","Seller_14","Accessories",1129.59,2,38,"M","Card",2259.18
2024-04-12,"Paris Centre","Seller_15","Smartphone",1137.74,1,48,"F","Card",1137.74
2024-09-27,"Nice Promenade","Seller_25","Tablet",668.1,2,46,"F","Card",1336.2
2023-08-15,"Lyon Part-Dieu","Seller_2","Accessories",546.4,2,28,"F","Card",1092.8
2023-05-08,"Toulouse Capitole","Seller_17","Smartwatch",966.73,3,62,"F","Card",2900.19
2023-02-17,"Lyon Part-Dieu","Seller_5","Tablet",410.29,1,18,"F","",410.29
2023-06-08,"Lyon Part-Dieu","Seller_17","Smartphone",537.38,2,40,"F","Cash",1074.76
2024-02-21,"Lyon Part-Dieu","Seller_15","Smartphone",1076.74,1,43,"M","Card",1076.74
2024-09-13,"Lyon Part-Dieu","Seller_18","Laptop",1443.7,1,22,"M","Cash",1443.7
2023-06-13,"Nice Promenade","Seller_18","Smartphone",1436.82,1,47,"M","Card",1436.82
2023-05-21,"Lyon Part-Dieu","Seller_1","Smartwatch",513.27,1,24,"F","Card",513.27
2023-10-04,"Nice Promenade","Seller_20","Laptop",709.63,1,34,NA,"Card",709.63
2024-10-01,"Lyon Part-Dieu","Seller_6","Tablet",1427.27,1,39,NA,"Card",1427.27
2023-05-05,"Nice Promenade","Seller_17","Tablet",76.91,2,35,"M","Card",153.82
2024-03-02,"Toulouse Capitole","Seller_1","Smartwatch",309.69,1,21,"F","Card",309.69
2023-11-30,"Nice Promenade","Seller_25","Earbuds",1427.92,3,39,"F","Card",4283.76
2023-10-22,"Lyon Part-Dieu","Seller_12","Tablet",1393.46,1,33,"F","Check",1393.46
2024-10-20,"Toulouse Capitole","Seller_8","Tablet",627.08,2,34,"M","Cash",1254.16
2023-07-19,"Marseille Vieux-Port","Seller_10","Smartphone",927.04,3,18,"F","Card",2781.12
2023-12-28,"Marseille Vieux-Port","Seller_17","Laptop",750.2,1,36,"M","Card",750.2
2023-10-10,"Marseille Vieux-Port","Seller_17","Smartphone",979.77,1,19,"F","Card",979.77
2023-06-19,"Marseille Vieux-Port","Seller_7","Earbuds",1329.06,3,31,NA,"Card",3987.18
2024-02-29,"Paris Centre","Seller_23","Accessories",1118.36,2,38,"M","Card",2236.72
2024-11-16,"Nice Promenade","Seller_11","Smartphone",1033.24,1,27,"M","Card",1033.24
2023-04-18,"Marseille Vieux-Port","Seller_10","Smartphone",1493.89,3,43,"F","Card",4481.67
2023-01-01,"Nice Promenade","Seller_17","Tablet",96.74,1,40,"M","Card",96.74
2023-11-21,"Marseille Vieux-Port","Seller_20","Laptop",302.32,1,47,"F","Card",302.32
2024-10-29,"Marseille Vieux-Port","Seller_23","Earbuds",731.01,4,35,"F","",2924.04
2023-12-27,"Marseille Vieux-Port","Seller_21","Smartwatch",1386.88,1,41,"F","Cash",1386.88
2023-03-16,"Nice Promenade","Seller_6","Laptop",847.02,1,31,"F","Card",847.02
2024-05-27,"Toulouse Capitole","Seller_20","Laptop",1174.85,2,22,"F","Card",2349.7
2024-11-15,"Lyon Part-Dieu","Seller_8","Smartphone",1006.72,1,35,"M","Card",1006.72
2024-07-27,"Lyon Part-Dieu","Seller_8","Smartphone",1184.2,1,40,"M","Card",1184.2
2024-04-05,"Lyon Part-Dieu","Seller_5","Smartphone",1259.63,2,32,"F","Card",2519.26
2023-07-23,"Toulouse Capitole","Seller_10","Laptop",1250.36,1,64,"M","Card",1250.36
2024-09-12,"Nice Promenade","Seller_6","Accessories",205.13,1,46,"M","Card",205.13
2023-05-25,"Nice Promenade","Seller_4","Smartphone",1176.19,1,39,"M","Card",1176.19
2024-10-31,"Toulouse Capitole","Seller_5","Smartphone",1004.88,1,17,"F","Card",1004.88
2023-08-08,"Nice Promenade","Seller_10","Laptop",176.06,1,26,"M","Card",176.06
2023-02-10,"Marseille Vieux-Port","Seller_9","Smartphone",1427.64,1,37,"F","Cash",1427.64
2023-05-25,"Toulouse Capitole","Seller_16","Earbuds",987.33,1,44,"M","Cash",987.33
2023-09-19,"Marseille Vieux-Port","Seller_2","Smartphone",1144.07,1,29,"F","Check",1144.07
2024-02-03,"Nice Promenade","Seller_14","Smartphone",888.4,1,24,NA,"Card",888.4
2024-02-13,"Marseille Vieux-Port","Seller_10","Tablet",568.99,1,56,"M","Card",568.99
2024-09-08,"Paris Centre","Seller_8","Tablet",1049.4,1,38,"F","Cash",1049.4
2024-01-24,"Toulouse Capitole","Seller_17","Tablet",1378.3,1,19,NA,"Card",1378.3
2024-01-06,"Nice Promenade","Seller_9","Tablet",788.65,1,40,"F","Card",788.65
2024-07-21,"Nice Promenade","Seller_10","Laptop",1114.13,2,34,"M","Card",2228.26
2024-09-06,"Nice Promenade","Seller_22","Smartphone",949.97,2,38,"M","Card",1899.94
2023-03-20,"Toulouse Capitole","Seller_23","Earbuds",923.19,1,42,"M","Cash",923.19
2024-10-25,"Toulouse Capitole","Seller_24","Smartphone",345.74,1,32,"F","Check",345.74
2024-05-09,"Toulouse Capitole","Seller_5","Smartwatch",1301.13,1,54,"F","Check",1301.13
2023-12-21,"Lyon Part-Dieu","Seller_12","Laptop",436.98,2,36,"F","Cash",873.96
2023-11-26,"Lyon Part-Dieu","Seller_8","Smartphone",747.59,2,42,"M","Cash",1495.18
2024-09-04,"Paris Centre","Seller_6","Tablet",1474.67,3,42,"F","Card",4424.01
2023-04-23,"Marseille Vieux-Port","Seller_11","Tablet",1483.91,1,41,"M","Card",1483.91
2024-03-02,"Lyon Part-Dieu","Seller_17","Laptop",594.81,1,27,"M","Card",594.81
2024-10-10,"Nice Promenade","Seller_1","Laptop",383.26,1,39,"F","Card",383.26
2024-10-10,"Toulouse Capitole","Seller_3","Smartphone",1374.2,1,41,"M","Card",1374.2
2024-06-13,"Toulouse Capitole","Seller_3","Smartphone",427.78,1,30,"F","Card",427.78
2024-05-25,"Marseille Vieux-Port","Seller_22","Smartwatch",503.09,1,39,"F","Card",503.09
2023-03-02,"Marseille Vieux-Port","Seller_11","Laptop",387.75,1,31,NA,"Card",387.75
2023-11-25,"Lyon Part-Dieu","Seller_8","Earbuds",1103.14,3,34,"M","Card",3309.42
2024-01-29,"Paris Centre","Seller_22","Earbuds",292.39,1,35,"M","Card",292.39
2023-06-14,"Nice Promenade","Seller_10","Tablet",1467.73,3,27,"M","Card",4403.19
2023-12-25,"Toulouse Capitole","Seller_10","Earbuds",1266.43,1,43,"M","Card",1266.43
2023-06-14,"Paris Centre","Seller_15","Smartwatch",1360.88,1,47,"M","Card",1360.88
2023-11-04,"Marseille Vieux-Port","Seller_5","Tablet",944.87,3,35,"M","Card",2834.61
2024-07-08,"Lyon Part-Dieu","Seller_23","Laptop",260.2,2,30,"F","Card",520.4
2023-04-20,"Toulouse Capitole","Seller_9","Smartphone",124.61,1,26,"M","Card",124.61
2024-05-15,"Lyon Part-Dieu","Seller_9","Laptop",280.93,1,35,NA,"Cash",280.93
2023-11-17,"Nice Promenade","Seller_15","Smartphone",1359.58,1,35,"M","Card",1359.58
2023-05-18,"Marseille Vieux-Port","Seller_3","Smartphone",NA,2,37,"M","Check",NA
2023-07-20,"Toulouse Capitole","Seller_18","Laptop",665.18,1,30,"M","Check",665.18
2023-12-03,"Paris Centre","Seller_8","Laptop",118.12,1,28,"F","Card",118.12
2023-02-27,"Nice Promenade","Seller_12","Tablet",118.09,3,28,"F","Card",354.27
2023-01-03,"Paris Centre","Seller_4","Smartphone",1425.98,1,58,"F","Card",1425.98
2024-10-06,"Paris Centre","Seller_6","Tablet",1207.94,1,16,"F","Card",1207.94
2024-08-21,"Lyon Part-Dieu","Seller_23","Smartwatch",518.59,5,33,"F","",2592.95
2024-04-28,"Paris Centre","Seller_3","Laptop",74.21,2,35,"F","Card",148.42
2023-07-19,"Paris Centre","Seller_10","Earbuds",379.78,1,16,"M","",379.78
2024-04-21,"Lyon Part-Dieu","Seller_5","Tablet",1370.22,4,16,NA,"Card",5480.88
2024-03-31,"Toulouse Capitole","Seller_18","Smartphone",1362.32,1,64,"M","Card",1362.32
2024-08-04,"Toulouse Capitole","Seller_23","Tablet",1025.64,1,38,"M","Card",1025.64
2024-04-27,"Marseille Vieux-Port","Seller_18","Earbuds",1463.44,1,37,"F","Cash",1463.44
2023-02-10,"Marseille Vieux-Port","Seller_9","Laptop",225.65,1,21,"F","Card",225.65
2023-07-01,"Marseille Vieux-Port","Seller_16","Smartphone",292.84,1,19,"F","Card",292.84
2024-08-07,"Paris Centre","Seller_25","Smartphone",766.61,1,36,"M","Card",766.61
2023-07-01,"Toulouse Capitole","Seller_9","Laptop",242.05,1,27,"F","Card",242.05
2023-07-31,"Paris Centre","Seller_1","Tablet",947.36,1,27,NA,"Card",947.36
2023-05-24,"Paris Centre","Seller_3","Laptop",743.24,1,31,"M","",743.24
2024-01-04,"Nice Promenade","Seller_12","Smartphone",1279.46,1,42,"F","Card",1279.46
2024-07-21,"Nice Promenade","Seller_10","Tablet",66.8,1,40,"M","Card",66.8
2024-02-08,"Lyon Part-Dieu","Seller_22","Smartphone",436.86,1,34,"F","Cash",436.86
2023-08-10,"Paris Centre","Seller_21","Accessories",1340.9,1,26,"M","Card",1340.9
2023-10-04,"Nice Promenade","Seller_21","Tablet",206.17,1,35,"F","Check",206.17
2023-03-25,"Lyon Part-Dieu","Seller_9","Tablet",1307.1,1,47,"F","Cash",1307.1
2023-10-16,"Marseille Vieux-Port","Seller_25","Smartphone",1102.04,2,40,NA,"Cash",2204.08
2024-04-19,"Marseille Vieux-Port","Seller_7","Laptop",340.74,3,34,"M","Card",1022.22
2023-08-15,"Nice Promenade","Seller_25","Smartphone",179.31,2,23,"F","Card",358.62
2024-06-02,"Lyon Part-Dieu","Seller_15","Smartphone",1204.13,2,22,"M","Card",2408.26
2024-04-30,"Marseille Vieux-Port","Seller_8","Smartphone",529.36,1,23,"M","Card",529.36
2024-05-17,"Marseille Vieux-Port","Seller_11","Smartphone",577.92,5,37,"M","Cash",2889.6
2024-10-03,"Toulouse Capitole","Seller_12","Laptop",571.38,1,23,"F","Card",571.38
2024-08-20,"Marseille Vieux-Port","Seller_17","Smartphone",181.03,3,47,"F","Cash",543.09
2023-07-31,"Toulouse Capitole","Seller_17","Tablet",437.38,1,31,"M","Card",437.38
2023-04-10,"Nice Promenade","Seller_11","Laptop",1209.93,1,30,"F","Card",1209.93
2024-02-13,"Toulouse Capitole","Seller_20","Tablet",1467.6,2,33,"F","Cash",2935.2
2023-12-13,"Marseille Vieux-Port","Seller_16","Earbuds",932.77,1,58,"M","Card",932.77
2024-10-06,"Toulouse Capitole","Seller_12","Smartphone",199.26,1,33,"M","Cash",199.26
2023-06-07,"Marseille Vieux-Port","Seller_21","Tablet",718.98,1,35,NA,"Card",718.98
2024-04-23,"Nice Promenade","Seller_25","Earbuds",533.92,4,45,"M","",2135.68
2024-09-12,"Nice Promenade","Seller_14","Earbuds",1317.57,1,28,"M","Cash",1317.57
2024-12-31,"Toulouse Capitole","Seller_22","Smartphone",518.75,3,45,"M","Card",1556.25
2024-01-10,"Lyon Part-Dieu","Seller_5","Earbuds",455.09,1,34,"M","Card",455.09
2023-05-01,"Marseille Vieux-Port","Seller_21","Tablet",308.68,1,31,"F","Card",308.68
2023-01-15,"Nice Promenade","Seller_24","Smartwatch",741.67,1,40,"M","Card",741.67
2024-11-21,"Marseille Vieux-Port","Seller_19","Tablet",491.31,1,49,"M","Card",491.31
2023-12-25,"Nice Promenade","Seller_11","Smartphone",626.3,2,22,"F","Card",1252.6
2024-07-18,"Marseille Vieux-Port","Seller_16","Smartphone",620.41,1,29,"F","Card",620.41
2023-07-16,"Lyon Part-Dieu","Seller_8","Tablet",162.24,2,29,NA,"Cash",324.48
2024-02-15,"Paris Centre","Seller_19","Smartphone",262.89,1,23,"M","Card",262.89
2023-04-22,"Paris Centre","Seller_11","Earbuds",1176.1,1,39,"F","Card",1176.1
2023-11-12,"Paris Centre","Seller_12","Laptop",209.63,2,16,"F","Card",419.26
2024-09-24,"Paris Centre","Seller_24","Tablet",1394.03,1,29,"M","Cash",1394.03
2023-01-24,"Marseille Vieux-Port","Seller_25","Smartphone",1003.98,1,53,NA,"Card",1003.98
2024-11-07,"Paris Centre","Seller_13","Accessories",66.08,1,16,"F","Check",66.08
2023-03-09,"Toulouse Capitole","Seller_22","Tablet",582.69,1,35,"M","Cash",582.69
2023-11-02,"Paris Centre","Seller_23","Smartphone",114.85,2,24,"F","Card",229.7
2023-06-15,"Nice Promenade","Seller_7","Earbuds",1170.41,2,47,"M","Check",2340.82
2023-03-15,"Nice Promenade","Seller_8","Smartphone",863.77,1,37,"F","",863.77
2023-11-28,"Marseille Vieux-Port","Seller_16","Tablet",783.35,1,37,NA,"",783.35
2023-07-21,"Marseille Vieux-Port","Seller_16","Smartwatch",679.47,3,51,"M","Cash",2038.41
2024-01-24,"Nice Promenade","Seller_16","Smartphone",462.02,2,33,"F","Check",924.04
2024-11-05,"Toulouse Capitole","Seller_17","Smartphone",708.17,2,44,"F","Card",1416.34
2023-11-10,"Marseille Vieux-Port","Seller_3","Smartphone",94.88,3,48,"M","Card",284.64
2024-11-07,"Nice Promenade","Seller_24","Smartwatch",506.61,1,40,"F","Card",506.61
2024-01-16,"Lyon Part-Dieu","Seller_7","Laptop",1362.76,5,46,"F","Card",6813.8
2024-05-15,"Nice Promenade","Seller_19","Smartphone",113.85,1,34,"F","",113.85
2024-09-15,"Nice Promenade","Seller_5","Smartphone",644.49,1,46,"F","Card",644.49
2024-01-08,"Paris Centre","Seller_2","Smartphone",913.11,1,27,"F","Card",913.11
2024-10-08,"Nice Promenade","Seller_10","Smartphone",961.02,1,36,"F","Card",961.02
2023-04-10,"Marseille Vieux-Port","Seller_24","Laptop",278.14,1,33,"M","Card",278.14
2024-12-30,"Paris Centre","Seller_25","Accessories",358.59,2,31,"F","Card",717.18
2023-01-24,"Toulouse Capitole","Seller_8","Earbuds",388.78,1,40,"M","Card",388.78
2024-09-27,"Toulouse Capitole","Seller_3","Tablet",687.04,2,42,"M","Card",1374.08
2023-02-28,"Lyon Part-Dieu","Seller_10","Smartphone",1055.72,2,46,"M","Check",2111.44
2024-04-23,"Lyon Part-Dieu","Seller_15","Laptop",1067.22,1,67,"M","Card",1067.22
2024-08-30,"Paris Centre","Seller_15","Earbuds",1032.75,1,41,"F","Cash",1032.75
2023-10-28,"Nice Promenade","Seller_18","Laptop",563.15,2,29,"F","Card",1126.3
2024-09-09,"Toulouse Capitole","Seller_4","Tablet",1086.38,1,25,NA,"Card",1086.38
2024-10-22,"Marseille Vieux-Port","Seller_23","Laptop",1120.67,2,38,"M","Card",2241.34
2023-12-27,"Paris Centre","Seller_21","Laptop",1375.02,2,16,"M","Card",2750.04
2024-07-17,"Toulouse Capitole","Seller_10","Laptop",1480.74,1,38,"M","Card",1480.74
2024-12-27,"Nice Promenade","Seller_5","Earbuds",724.2,1,16,"M","Cash",724.2
2023-10-27,"Nice Promenade","Seller_11","Earbuds",743.71,3,46,NA,"Card",2231.13
2023-02-25,"Marseille Vieux-Port","Seller_5","Smartphone",458.49,1,31,NA,"Card",458.49
2024-01-03,"Toulouse Capitole","Seller_16","Smartphone",1491.44,2,43,"M","Card",2982.88
2024-09-10,"Paris Centre","Seller_9","Tablet",473.49,1,44,"M","Card",473.49
2024-01-17,"Marseille Vieux-Port","Seller_1","Smartphone",235.8,1,35,"M","Card",235.8
2024-03-09,"Marseille Vieux-Port","Seller_23","Laptop",931.73,2,44,"F","Card",1863.46
2024-04-25,"Paris Centre","Seller_18","Tablet",1471.21,1,47,NA,"Check",1471.21
2023-06-19,"Nice Promenade","Seller_1","Laptop",927.96,4,16,"F","Card",3711.84
2023-06-24,"Paris Centre","Seller_16","Tablet",1215.16,2,22,NA,"Card",2430.32
2024-07-18,"Paris Centre","Seller_3","Earbuds",1406.21,1,44,"M","Card",1406.21
2024-12-06,"Lyon Part-Dieu","Seller_18","Laptop",1364.95,3,32,"M","Card",4094.85
2024-11-26,"Marseille Vieux-Port","Seller_10","Laptop",783.92,1,50,"F","Check",783.92
2023-05-29,"Marseille Vieux-Port","Seller_22","Laptop",1072.13,1,46,"F","Card",1072.13
2024-05-25,"Nice Promenade","Seller_8","Accessories",1228.64,1,75,NA,"Card",1228.64
2024-01-26,"Nice Promenade","Seller_13","Smartphone",105.06,1,27,"M","Card",105.06
2024-09-29,"Nice Promenade","Seller_2","Smartphone",1480.51,1,23,"M","Check",1480.51
2024-10-11,"Marseille Vieux-Port","Seller_22","Earbuds",670.68,2,16,"M","Card",1341.36
2023-01-16,"Paris Centre","Seller_25","Smartphone",1078.17,2,49,"M","Card",2156.34
2024-12-18,"Marseille Vieux-Port","Seller_19","Earbuds",912.17,1,41,"M","Check",912.17
2024-11-22,"Toulouse Capitole","Seller_12","Smartphone",300.45,2,39,"F","Card",600.9
2024-07-29,"Lyon Part-Dieu","Seller_12","Tablet",628.71,1,17,"F","Card",628.71
2023-01-15,"Nice Promenade","Seller_6","Laptop",642.1,1,32,"M","Card",642.1
2023-04-08,"Marseille Vieux-Port","Seller_19","Laptop",737.05,2,35,"M","Card",1474.1
2024-12-14,"Nice Promenade","Seller_9","Smartwatch",801.93,3,37,NA,"Card",2405.79
2023-10-06,"Nice Promenade","Seller_17","Smartphone",623.38,2,33,"M","Card",1246.76
2024-07-25,"Paris Centre","Seller_9","Smartphone",523.83,1,53,"F","Card",523.83
2024-12-29,"Lyon Part-Dieu","Seller_12","Laptop",1270.74,1,29,"M","Check",1270.74
2024-09-29,"Marseille Vieux-Port","Seller_2","Smartphone",752.78,1,39,NA,"Card",752.78
2024-05-28,"Paris Centre","Seller_14","Tablet",665.51,1,30,"M","Card",665.51
2024-03-01,"Marseille Vieux-Port","Seller_24","Smartphone",71.19,2,28,"F","Cash",142.38
2024-08-21,"Paris Centre","Seller_21","Earbuds",1098.95,1,59,"F","Card",1098.95
2024-08-14,"Toulouse Capitole","Seller_5","Tablet",1175.58,1,17,NA,"Cash",1175.58
2023-02-15,"Nice Promenade","Seller_17","Tablet",939.01,1,31,"F","Card",939.01
2024-03-18,"Nice Promenade","Seller_11","Earbuds",313.32,1,19,"F","Card",313.32
2023-03-28,"Marseille Vieux-Port","Seller_5","Tablet",1133.55,3,16,"M","Card",3400.65
2023-12-14,"Marseille Vieux-Port","Seller_6","Laptop",673.28,3,22,"M","Card",2019.84
2024-11-01,"Lyon Part-Dieu","Seller_15","Earbuds",1413.53,1,42,"F","Card",1413.53
2023-12-24,"Lyon Part-Dieu","Seller_19","Laptop",324.61,2,31,"M","Card",649.22
2024-11-16,"Marseille Vieux-Port","Seller_13","Smartphone",1105.16,2,45,"M","Card",2210.32
2023-05-07,"Nice Promenade","Seller_3","Smartphone",330.46,2,24,"F","Check",660.92
2023-12-26,"Paris Centre","Seller_1","Laptop",1363.81,3,35,"M","Check",4091.43
2024-05-07,"Nice Promenade","Seller_13","Smartphone",149.01,1,28,"M","Card",149.01
2023-03-08,"Toulouse Capitole","Seller_21","Earbuds",964.39,3,35,NA,"Card",2893.17
2024-02-29,"Paris Centre","Seller_21","Tablet",817.44,1,48,"F","Card",817.44
2023-02-01,"Paris Centre","Seller_23","Earbuds",1444.02,2,25,"F","Card",2888.04
2023-08-01,"Lyon Part-Dieu","Seller_13","Earbuds",681.86,3,28,"M","Card",2045.58
2024-06-22,"Nice Promenade","Seller_19","Smartphone",1446.07,1,48,"F","Card",1446.07
2024-10-27,"Toulouse Capitole","Seller_16","Tablet",1023.22,4,31,"M","Card",4092.88
2023-12-25,"Nice Promenade","Seller_7","Tablet",1357.69,1,42,"M","Check",1357.69
2024-02-05,"Marseille Vieux-Port","Seller_1","Laptop",1234.45,1,24,"M","Card",1234.45
2024-07-13,"Toulouse Capitole","Seller_13","Laptop",1131.58,1,41,"M","Cash",1131.58
2023-05-13,"Lyon Part-Dieu","Seller_3","Accessories",1329.24,1,34,"M","Card",1329.24
2023-02-17,"Paris Centre","Seller_18","Smartphone",598.16,1,33,"M","",598.16
2024-11-16,"Paris Centre","Seller_8","Smartphone",822.34,1,21,NA,"",822.34
2023-06-05,"Nice Promenade","Seller_23","Smartphone",283.15,1,39,"F","Card",283.15
2024-08-22,"Toulouse Capitole","Seller_19","Laptop",1338.9,2,49,"F","Card",2677.8
2024-06-12,"Lyon Part-Dieu","Seller_11","Tablet",1125.7,2,39,"M","",2251.4
2024-07-01,"Marseille Vieux-Port","Seller_19","Smartphone",804.89,1,31,"M","",804.89
2024-05-08,"Lyon Part-Dieu","Seller_22","Tablet",1235.08,1,26,NA,"Card",1235.08
2024-01-20,"Paris Centre","Seller_13","Smartphone",945.79,1,16,"F","Card",945.79
2024-04-24,"Paris Centre","Seller_3","Laptop",643.2,1,48,"F","Card",643.2
2023-05-27,"Marseille Vieux-Port","Seller_19","Accessories",1350.43,1,36,"M","Card",1350.43
2024-04-26,"Marseille Vieux-Port","Seller_6","Smartphone",373.43,1,46,"F","Card",373.43
2024-07-05,"Nice Promenade","Seller_19","Laptop",1337.22,1,41,"M","Card",1337.22
2024-04-02,"Lyon Part-Dieu","Seller_10","Laptop",1292.04,1,27,"F","Check",1292.04
2024-05-02,"Marseille Vieux-Port","Seller_23","Laptop",306.04,1,33,"F","Card",306.04
2024-10-10,"Nice Promenade","Seller_18","Laptop",616.98,1,41,"F","Card",616.98
2024-01-17,"Nice Promenade","Seller_4","Laptop",574.44,1,43,"M","Check",574.44
2024-10-18,"Toulouse Capitole","Seller_24","Earbuds",844.76,1,49,"M","Card",844.76
2024-12-05,"Paris Centre","Seller_2","Laptop",1348.5,1,38,"M","Card",1348.5
2024-02-06,"Toulouse Capitole","Seller_22","Smartphone",971.16,1,34,"F","Card",971.16
2024-07-13,"Paris Centre","Seller_4","Earbuds",237.53,3,44,"F","Card",712.59
2023-08-22,"Toulouse Capitole","Seller_23","Tablet",634.04,2,40,"F","Card",1268.08
2023-01-27,"Marseille Vieux-Port","Seller_18","Laptop",290.41,2,34,"M","Card",580.82
2023-03-15,"Marseille Vieux-Port","Seller_23","Smartphone",158.07,1,33,"F","Card",158.07
2023-03-08,"Paris Centre","Seller_9","Smartphone",252.4,2,16,NA,"Card",504.8
2023-10-16,"Paris Centre","Seller_7","Smartphone",181.79,1,43,"M","Card",181.79
2023-10-09,"Paris Centre","Seller_9","Tablet",1291.38,1,47,"F","Card",1291.38
2023-09-06,"Paris Centre","Seller_11","Smartwatch",215.77,3,45,"F","",647.31
2023-05-10,"Toulouse Capitole","Seller_22","Earbuds",498.42,3,39,"M","Card",1495.26
2023-01-16,"Toulouse Capitole","Seller_8","Smartphone",1121.46,2,16,"F","Card",2242.92
2024-03-12,"Toulouse Capitole","Seller_1","Laptop",1085.19,3,43,"M","Check",3255.57
2023-09-16,"Lyon Part-Dieu","Seller_20","Laptop",688.25,5,38,NA,"Card",3441.25
2023-11-03,"Paris Centre","Seller_21","Smartphone",1268.34,1,16,"F","Card",1268.34
2023-09-08,"Marseille Vieux-Port","Seller_20","Earbuds",508.16,1,16,"M","Card",508.16
2024-10-06,"Nice Promenade","Seller_9","Laptop",370.78,2,30,"M","Card",741.56
2023-05-13,"Toulouse Capitole","Seller_8","Smartphone",898.85,1,36,"M","Cash",898.85
2023-12-29,"Paris Centre","Seller_22","Smartphone",278.2,2,50,"F","Check",556.4
2024-11-14,"Toulouse Capitole","Seller_8","Tablet",1013.59,1,23,"M","Card",1013.59
2024-08-27,"Paris Centre","Seller_5","Smartphone",1174.35,2,40,"F","Card",2348.7
2023-11-18,"Paris Centre","Seller_25","Earbuds",1250.71,1,45,NA,"Card",1250.71
2024-12-15,"Nice Promenade","Seller_22","Earbuds",858.09,2,49,"M","Card",1716.18
2024-08-09,"Nice Promenade","Seller_10","Accessories",722.98,2,31,"M","Card",1445.96
2023-06-08,"Paris Centre","Seller_19","Tablet",1086.34,1,26,"F","Card",1086.34
2023-05-19,"Toulouse Capitole","Seller_20","Smartphone",1011.58,2,44,"F","Check",2023.16
2023-01-16,"Marseille Vieux-Port","Seller_16","Earbuds",532.17,1,16,"M","Card",532.17
2024-01-24,"Marseille Vieux-Port","Seller_8","Accessories",916.74,1,47,"M","Card",916.74
2023-11-05,"Nice Promenade","Seller_3","Smartphone",504.2,2,42,NA,"Card",1008.4
2023-04-06,"Lyon Part-Dieu","Seller_7","Smartphone",499.93,1,26,"F","Card",499.93
2023-07-16,"Nice Promenade","Seller_6","Tablet",1410.12,2,42,"F","Card",2820.24
2023-06-20,"Paris Centre","Seller_13","Laptop",66.58,1,55,"M","Card",66.58
2023-05-25,"Paris Centre","Seller_9","Smartphone",1379.7,1,40,"M","Card",1379.7
2024-08-18,"Toulouse Capitole","Seller_8","Smartphone",247.19,2,55,"M","Cash",494.38
2024-03-13,"Paris Centre","Seller_24","Tablet",1485.56,4,39,"M","Card",5942.24
2023-04-10,"Paris Centre","Seller_4","Laptop",700.91,1,17,"F","Card",700.91
2023-08-30,"Nice Promenade","Seller_7","Laptop",893.7,2,19,NA,"Card",1787.4
2023-07-19,"Paris Centre","Seller_16","Smartwatch",1369.6,1,16,"M","Card",1369.6
2023-04-18,"Marseille Vieux-Port","Seller_9","Tablet",271.85,3,21,NA,"Check",815.55
2023-04-17,"Paris Centre","Seller_7","Laptop",502.61,3,29,"M","",1507.83
2024-06-02,"Marseille Vieux-Port","Seller_19","Laptop",568.76,1,49,"F","Card",568.76
2023-04-01,"Paris Centre","Seller_7","Earbuds",1213.25,1,35,"M","Card",1213.25
2024-07-05,"Lyon Part-Dieu","Seller_19","Tablet",138.9,1,22,"F","Check",138.9
2024-12-18,"Lyon Part-Dieu","Seller_15","Smartwatch",1302.07,1,19,"F","Card",1302.07
2024-10-30,"Toulouse Capitole","Seller_24","Smartphone",1339.71,1,50,"M","Cash",1339.71
2024-11-05,"Marseille Vieux-Port","Seller_14","Laptop",548.41,1,53,"F","",548.41
2023-11-26,"Paris Centre","Seller_22","Laptop",60.72,3,27,"M","Card",182.16
2024-03-23,"Nice Promenade","Seller_9","Laptop",1391.69,2,45,"M","Card",2783.38
2023-05-11,"Nice Promenade","Seller_17","Laptop",1480.07,1,35,"F","Card",1480.07
2024-05-15,"Lyon Part-Dieu","Seller_13","Tablet",517.93,2,35,"M","Card",1035.86
2024-01-18,"Lyon Part-Dieu","Seller_18","Earbuds",753.2,1,32,"M","Check",753.2
2023-12-10,"Lyon Part-Dieu","Seller_17","Smartphone",349.34,1,38,"M","Check",349.34
2023-05-12,"Marseille Vieux-Port","Seller_25","Laptop",732.08,1,34,"F","Card",732.08
2024-07-08,"Lyon Part-Dieu","Seller_12","Laptop",106.11,3,36,"F","Card",318.33
2023-07-12,"Toulouse Capitole","Seller_8","Smartphone",1078.15,4,39,"M","Card",4312.6
2024-11-10,"Marseille Vieux-Port","Seller_6","Smartphone",1351.67,1,34,"M","Card",1351.67
2024-09-08,"Marseille Vieux-Port","Seller_15","Smartphone",1253.15,1,23,"F","Card",1253.15
2023-05-11,"Toulouse Capitole","Seller_3","Laptop",1499.03,2,31,"M","Card",2998.06
2023-09-30,"Paris Centre","Seller_6","Tablet",246.05,2,30,"F","Card",492.1
2023-09-18,"Marseille Vieux-Port","Seller_25","Tablet",968.55,2,40,"M","Card",1937.1
2024-06-11,"Marseille Vieux-Port","Seller_19","Tablet",108.02,1,17,"F","",108.02
2023-06-04,"Nice Promenade","Seller_21","Laptop",602.68,1,37,"F","Card",602.68
2023-06-18,"Toulouse Capitole","Seller_10","Tablet",1011.41,1,39,"M","Card",1011.41
2023-12-01,"Nice Promenade","Seller_12","Smartphone",1029.64,3,57,"F","Card",3088.92
2024-11-22,"Lyon Part-Dieu","Seller_19","Smartphone",372.07,1,38,"F","Card",372.07
2023-11-04,"Nice Promenade","Seller_6","Tablet",183.98,2,45,"F","Check",367.96
2024-02-04,"Nice Promenade","Seller_2","Smartphone",529.34,2,45,"M","Card",1058.68
2023-08-16,"Marseille Vieux-Port","Seller_13","Smartphone",314.26,1,36,"F","Card",314.26
2024-12-28,"Paris Centre","Seller_2","Tablet",1107.08,1,39,"F","Card",1107.08
2024-09-28,"Marseille Vieux-Port","Seller_9","Laptop",615.76,4,44,NA,"Card",2463.04
2024-08-31,"Nice Promenade","Seller_14","Laptop",532.77,1,35,"F","Cash",532.77
2023-09-11,"Paris Centre","Seller_14","Earbuds",1275.42,4,34,"M","Card",5101.68
2023-11-04,"Lyon Part-Dieu","Seller_19","Smartwatch",1292.89,1,29,"F","Card",1292.89
2024-10-26,"Marseille Vieux-Port","Seller_8","Laptop",722.86,2,17,"M","Card",1445.72
2023-05-11,"Lyon Part-Dieu","Seller_14","Tablet",421.73,2,39,"M","Card",843.46
2024-10-02,"Nice Promenade","Seller_12","Laptop",1277.63,2,46,"M","Card",2555.26
2024-04-29,"Paris Centre","Seller_4","Earbuds",458.09,1,36,"M","Card",458.09
2023-02-05,"Marseille Vieux-Port","Seller_8","Tablet",1318.76,1,55,NA,"Card",1318.76
2023-04-06,"Nice Promenade","Seller_25","Tablet",1042.43,1,38,NA,"Card",1042.43
2023-05-20,"Marseille Vieux-Port","Seller_6","Smartphone",507.25,4,49,"M","Check",2029
2024-06-26,"Marseille Vieux-Port","Seller_22","Tablet",1299.11,2,48,"F","Cash",2598.22
2023-03-28,"Toulouse Capitole","Seller_9","Smartphone",1154.76,2,54,"M","Card",2309.52
2023-11-17,"Lyon Part-Dieu","Seller_11","Smartphone",NA,2,35,"M","Card",NA
2024-02-19,"Lyon Part-Dieu","Seller_22","Smartwatch",1236.13,1,35,"M","Card",1236.13
2024-01-06,"Toulouse Capitole","Seller_10","Tablet",1040.24,2,31,"M","Card",2080.48
2023-12-20,"Marseille Vieux-Port","Seller_12","Laptop",270.4,1,42,"M","Cash",270.4
2023-11-16,"Marseille Vieux-Port","Seller_15","Smartphone",278.5,1,16,NA,"Cash",278.5
2024-01-11,"Marseille Vieux-Port","Seller_4","Earbuds",1385.11,1,41,"F","Card",1385.11
2024-06-27,"Marseille Vieux-Port","Seller_16","Smartwatch",739.43,3,31,"F","Card",2218.29
2023-07-20,"Nice Promenade","Seller_20","Smartphone",412.64,3,16,"F","Card",1237.92
2023-01-22,"Nice Promenade","Seller_21","Smartphone",1011.34,3,24,NA,"Card",3034.02
2023-08-23,"Toulouse Capitole","Seller_13","Laptop",1464.65,2,47,"M","Card",2929.3
2023-08-28,"Lyon Part-Dieu","Seller_15","Tablet",822.42,1,54,"M","Card",822.42
2024-11-04,"Toulouse Capitole","Seller_9","Smartphone",509.03,2,53,"M","Card",1018.06
2024-12-18,"Lyon Part-Dieu","Seller_24","Laptop",1179.04,3,21,"F","",3537.12
2023-08-04,"Lyon Part-Dieu","Seller_13","Smartphone",178.17,1,34,"M","",178.17
2023-05-23,"Lyon Part-Dieu","Seller_10","Smartphone",432.83,4,45,"M","Card",1731.32
2024-01-08,"Nice Promenade","Seller_17","Accessories",857.27,1,57,"M","Check",857.27
2023-11-19,"Toulouse Capitole","Seller_14","Laptop",180.23,1,33,"F","Check",180.23
2024-11-13,"Paris Centre","Seller_8","Tablet",202.71,2,40,"M","Card",405.42
2023-07-20,"Nice Promenade","Seller_19","Smartphone",228.88,1,42,"M","Cash",228.88
2023-03-03,"Nice Promenade","Seller_24","Smartphone",354.37,3,35,"F","Card",1063.11
2023-04-04,"Paris Centre","Seller_2","Smartphone",845.79,1,35,"M","",845.79
2023-03-16,"Paris Centre","Seller_24","Accessories",1290.01,1,26,"F","",1290.01
2024-02-09,"Nice Promenade","Seller_15","Tablet",373.87,1,41,"M","Check",373.87
2024-06-05,"Nice Promenade","Seller_18","Smartphone",1133.74,1,41,"F","Card",1133.74
2023-05-02,"Lyon Part-Dieu","Seller_21","Laptop",1033.39,1,39,"M","Card",1033.39
2023-06-17,"Paris Centre","Seller_6","Earbuds",969.21,1,18,"F","Card",969.21
2024-12-04,"Marseille Vieux-Port","Seller_8","Laptop",938.04,2,39,"F","Card",1876.08
2024-05-09,"Lyon Part-Dieu","Seller_10","Tablet",318.23,1,41,"F","Card",318.23
2023-03-14,"Lyon Part-Dieu","Seller_17","Earbuds",993.79,1,21,"F","Card",993.79
2023-06-16,"Toulouse Capitole","Seller_3","Tablet",510.49,1,41,"M","Card",510.49
2023-03-27,"Paris Centre","Seller_24","Laptop",181.09,1,28,NA,"",181.09
2024-05-29,"Lyon Part-Dieu","Seller_4","Laptop",1007.47,2,29,"M","Card",2014.94
2024-07-24,"Paris Centre","Seller_25","Smartphone",310.18,2,41,NA,"Card",620.36
2023-05-10,"Lyon Part-Dieu","Seller_22","Smartwatch",460.51,1,30,"F","Card",460.51
2023-01-19,"Lyon Part-Dieu","Seller_22","Laptop",701.95,1,43,"F","Card",701.95
2023-01-03,"Lyon Part-Dieu","Seller_14","Smartphone",1122.65,2,41,"F","Card",2245.3
2023-03-29,"Marseille Vieux-Port","Seller_12","Laptop",1451.32,1,40,"M","Card",1451.32
2024-06-08,"Marseille Vieux-Port","Seller_10","Smartphone",99.32,2,31,"F","Card",198.64
2024-03-17,"Toulouse Capitole","Seller_5","Smartphone",670.1,1,39,"M","Cash",670.1
2024-02-14,"Marseille Vieux-Port","Seller_14","Smartphone",307.42,1,30,"F","Card",307.42
2024-01-13,"Paris Centre","Seller_12","Smartphone",707.74,1,32,"M","Card",707.74
2024-05-29,"Toulouse Capitole","Seller_1","Earbuds",1372.94,1,51,"M","Card",1372.94
2023-06-20,"Nice Promenade","Seller_13","Laptop",784.34,3,16,"M","Card",2353.02
2023-09-29,"Paris Centre","Seller_4","Smartphone",1118.53,2,21,"F","Card",2237.06
2023-07-26,"Lyon Part-Dieu","Seller_12","Laptop",203.58,1,36,"M","Card",203.58
2024-12-30,"Toulouse Capitole","Seller_18","Earbuds",756.26,1,23,"M","Cash",756.26
2023-02-14,"Nice Promenade","Seller_12","Laptop",310.01,1,16,"F","Card",310.01
2023-01-03,"Lyon Part-Dieu","Seller_24","Earbuds",340.43,2,35,"F","Card",680.86
2023-01-04,"Paris Centre","Seller_2","Laptop",306.24,2,49,NA,"Card",612.48
2024-03-06,"Toulouse Capitole","Seller_15","Laptop",619.84,3,36,"F","Card",1859.52
2024-04-18,"Toulouse Capitole","Seller_10","Laptop",1247.76,1,31,"F","Card",1247.76
2024-04-22,"Marseille Vieux-Port","Seller_8","Smartphone",55.4,2,45,"F","Card",110.8
2023-06-13,"Marseille Vieux-Port","Seller_12","Earbuds",1161.35,2,33,"M","Card",2322.7
2024-04-12,"Toulouse Capitole","Seller_5","Tablet",130.31,2,16,"M","Card",260.62
2024-10-12,"Lyon Part-Dieu","Seller_2","Tablet",1386.27,1,49,"M","Card",1386.27
2023-11-29,"Marseille Vieux-Port","Seller_1","Laptop",308.92,1,35,"M","Card",308.92
2023-02-03,"Marseille Vieux-Port","Seller_18","Smartphone",1183.21,1,23,"M","Cash",1183.21
2023-06-22,"Marseille Vieux-Port","Seller_9","Smartphone",1058.88,1,33,"M","Cash",1058.88
2024-07-09,"Toulouse Capitole","Seller_22","Smartphone",512.71,2,44,"M","Card",1025.42
2024-05-11,"Paris Centre","Seller_22","Earbuds",1490.09,2,43,"F","",2980.18
2024-02-15,"Lyon Part-Dieu","Seller_16","Accessories",405.41,3,46,"F","Card",1216.23
2024-12-04,"Toulouse Capitole","Seller_24","Laptop",1207.98,1,52,"M","Card",1207.98
2023-08-15,"Lyon Part-Dieu","Seller_21","Earbuds",1334.33,1,47,"M","Cash",1334.33
2023-08-02,"Nice Promenade","Seller_23","Smartphone",1069.16,1,50,"M","Card",1069.16
2024-04-17,"Marseille Vieux-Port","Seller_6","Smartphone",1299.07,2,16,"M","Card",2598.14
2024-09-21,"Toulouse Capitole","Seller_22","Earbuds",124.88,1,22,"F","Card",124.88
2024-02-11,"Marseille Vieux-Port","Seller_23","Smartphone",262.56,1,20,"F","Card",262.56
2023-06-28,"Paris Centre","Seller_14","Accessories",1316.76,2,30,"F","Cash",2633.52
2023-04-26,"Nice Promenade","Seller_10","Accessories",555.5,1,20,"M","Card",555.5
2023-05-05,"Toulouse Capitole","Seller_1","Smartphone",229.15,1,16,NA,"Card",229.15
2023-12-08,"Paris Centre","Seller_13","Smartphone",385.18,1,29,NA,"Card",385.18
2024-10-16,"Toulouse Capitole","Seller_10","Tablet",742.81,2,48,"F","Card",1485.62
2024-02-15,"Paris Centre","Seller_21","Laptop",573.56,2,45,"F","Check",1147.12
2023-01-30,"Toulouse Capitole","Seller_19","Tablet",213.97,2,34,"M","",427.94
2023-01-09,"Toulouse Capitole","Seller_19","Smartphone",1032.33,1,45,"F","Check",1032.33
2023-11-22,"Marseille Vieux-Port","Seller_24","Smartphone",1387.92,2,33,"M","Card",2775.84
2024-07-10,"Toulouse Capitole","Seller_5","Tablet",271.59,2,23,"M","Card",543.18
2024-12-29,"Toulouse Capitole","Seller_17","Earbuds",815.57,1,16,"F","Card",815.57
2024-06-29,"Toulouse Capitole","Seller_18","Earbuds",1105.37,1,41,"F","Card",1105.37
2024-11-13,"Toulouse Capitole","Seller_8","Smartphone",1130.6,1,33,"M","Check",1130.6
2024-08-24,"Nice Promenade","Seller_3","Laptop",1020.9,3,43,"M","Card",3062.7
2024-08-07,"Paris Centre","Seller_3","Smartphone",132.42,3,33,"F","Cash",397.26
2024-09-22,"Paris Centre","Seller_22","Tablet",192.88,1,49,NA,"Card",192.88
2024-02-07,"Marseille Vieux-Port","Seller_11","Tablet",769.25,2,26,"F","Card",1538.5
2024-08-18,"Toulouse Capitole","Seller_8","Smartphone",1205.88,1,49,"M","Check",1205.88
2023-02-04,"Toulouse Capitole","Seller_22","Laptop",980.01,1,41,"F","Card",980.01
2024-11-10,"Nice Promenade","Seller_7","Laptop",1192.32,1,29,"M","Card",1192.32
2023-04-22,"Toulouse Capitole","Seller_11","Smartwatch",66.32,1,56,"M","Card",66.32
2023-10-17,"Lyon Part-Dieu","Seller_1","Smartphone",1117.46,3,53,"M","Cash",3352.38
2023-05-01,"Marseille Vieux-Port","Seller_20","Tablet",735.45,1,28,"F","Check",735.45
2023-04-30,"Toulouse Capitole","Seller_8","Smartphone",1133.66,1,48,"M","",1133.66
2023-04-11,"Nice Promenade","Seller_15","Smartphone",1492.97,1,16,"F","Card",1492.97
2023-05-07,"Toulouse Capitole","Seller_7","Smartphone",500.95,2,48,"M","Card",1001.9
2024-11-26,"Paris Centre","Seller_12","Laptop",183.22,3,28,"F","Card",549.66
2024-02-27,"Toulouse Capitole","Seller_1","Smartphone",440.9,1,29,"F","Check",440.9
2023-08-19,"Marseille Vieux-Port","Seller_6","Smartphone",361.52,2,16,"M","Cash",723.04
2024-03-24,"Paris Centre","Seller_17","Laptop",978.41,1,45,NA,"Card",978.41
2024-03-08,"Marseille Vieux-Port","Seller_12","Smartphone",1349.12,3,20,"M","Cash",4047.36
2024-08-15,"Paris Centre","Seller_22","Tablet",103.66,3,25,"M","Card",310.98
2023-06-20,"Paris Centre","Seller_13","Accessories",721.19,3,44,"M","Card",2163.57
2023-06-13,"Toulouse Capitole","Seller_1","Tablet",1061.59,1,38,NA,"Card",1061.59
2023-01-06,"Lyon Part-Dieu","Seller_6","Laptop",1113.61,3,20,"M","Card",3340.83
2023-04-15,"Lyon Part-Dieu","Seller_21","Smartphone",57.28,1,36,"M","",57.28
2024-07-06,"Nice Promenade","Seller_16","Smartwatch",110.73,1,44,"F","Card",110.73
2024-04-25,"Paris Centre","Seller_10","Smartphone",263.59,1,52,"M","Card",263.59
2024-02-05,"Paris Centre","Seller_24","Smartphone",1418.34,1,27,"F","Card",1418.34
2023-04-11,"Paris Centre","Seller_12","Tablet",285.07,1,32,"M","Card",285.07
2024-02-02,"Nice Promenade","Seller_2","Tablet",936.96,1,30,"F","Card",936.96
2023-11-28,"Toulouse Capitole","Seller_5","Laptop",535.33,1,24,NA,"Card",535.33
2024-03-21,"Nice Promenade","Seller_25","Laptop",1017.38,1,37,NA,"Card",1017.38
2023-03-28,"Nice Promenade","Seller_10","Accessories",977.52,1,25,"F","Card",977.52
2024-09-26,"Nice Promenade","Seller_20","Laptop",1168.72,1,55,"M","Card",1168.72
2023-03-09,"Lyon Part-Dieu","Seller_21","Smartphone",981.28,1,36,"M","Card",981.28
2023-02-25,"Lyon Part-Dieu","Seller_5","Laptop",612.59,1,37,"M","Check",612.59
2023-08-01,"Nice Promenade","Seller_12","Earbuds",441.83,1,20,"F","Cash",441.83
2024-04-03,"Nice Promenade","Seller_11","Earbuds",50.89,1,40,"F","Card",50.89
2024-11-28,"Paris Centre","Seller_10","Tablet",889.36,1,34,"F","Card",889.36
2024-09-05,"Nice Promenade","Seller_6","Laptop",562.48,1,30,"M","Card",562.48
2024-02-19,"Paris Centre","Seller_14","Tablet",1326.38,2,44,"M","Card",2652.76
2024-09-18,"Toulouse Capitole","Seller_4","Laptop",328.88,1,16,"M","Cash",328.88
2024-11-02,"Lyon Part-Dieu","Seller_2","Earbuds",253.45,1,36,"F","Card",253.45
2023-05-18,"Lyon Part-Dieu","Seller_24","Smartphone",1157.07,1,34,"M","Card",1157.07
2023-02-16,"Toulouse Capitole","Seller_16","Laptop",1247.54,1,16,"F","Check",1247.54
2023-09-11,"Paris Centre","Seller_7","Accessories",871.53,1,45,"F","Card",871.53
2023-02-07,"Nice Promenade","Seller_8","Laptop",1100.48,2,63,"F","Cash",2200.96
2024-05-30,"Paris Centre","Seller_8","Smartphone",677.17,2,34,"M","Card",1354.34
2024-03-16,"Lyon Part-Dieu","Seller_23","Smartphone",944.56,1,23,NA,"Card",944.56
2023-03-22,"Toulouse Capitole","Seller_20","Earbuds",1176.23,1,45,"M","Card",1176.23
2023-11-11,"Toulouse Capitole","Seller_20","Earbuds",1342.23,3,42,"F","Check",4026.69
2024-05-20,"Toulouse Capitole","Seller_2","Smartphone",1252.07,4,44,NA,"Card",5008.28
2023-02-01,"Nice Promenade","Seller_22","Smartphone",1242.55,4,16,"F","Cash",4970.2
2023-10-14,"Marseille Vieux-Port","Seller_21","Laptop",98.55,4,39,"M","Check",394.2
2023-04-13,"Lyon Part-Dieu","Seller_16","Laptop",1232.04,2,53,NA,"Cash",2464.08
2023-06-09,"Marseille Vieux-Port","Seller_3","Tablet",356.89,2,50,"F","Card",713.78
2023-02-03,"Marseille Vieux-Port","Seller_25","Laptop",165.84,1,54,"F","",165.84
2023-07-02,"Toulouse Capitole","Seller_4","Tablet",1060.63,1,29,"M","Card",1060.63
2023-05-18,"Nice Promenade","Seller_13","Tablet",74.32,1,33,NA,"",74.32
2023-10-14,"Marseille Vieux-Port","Seller_6","Laptop",879.49,2,36,"F","",1758.98
2023-05-01,"Nice Promenade","Seller_23","Laptop",1446.88,1,52,"M","",1446.88
2023-09-13,"Paris Centre","Seller_2","Tablet",1079.09,2,24,"M","Card",2158.18
2023-12-08,"Paris Centre","Seller_13","Laptop",762.9,1,51,"F","Check",762.9
2023-08-28,"Paris Centre","Seller_16","Earbuds",716.08,2,39,"F","Card",1432.16
2024-01-17,"Nice Promenade","Seller_7","Smartphone",1460.26,2,16,"M","Card",2920.52
2024-01-01,"Nice Promenade","Seller_17","Tablet",1126.98,3,33,"F","Cash",3380.94
2024-08-30,"Nice Promenade","Seller_2","Smartphone",139.67,1,36,"F","Card",139.67
2024-05-11,"Marseille Vieux-Port","Seller_11","Smartphone",517.38,4,21,"F","Card",2069.52
2024-09-08,"Marseille Vieux-Port","Seller_25","Earbuds",94.98,4,39,"M","Card",379.92
2024-08-28,"Nice Promenade","Seller_25","Earbuds",1148.42,1,41,"F","Cash",1148.42
2023-05-02,"Toulouse Capitole","Seller_18","Laptop",361.03,2,16,"M","Card",722.06
2023-11-30,"Lyon Part-Dieu","Seller_17","Accessories",1146.11,1,25,"F","Card",1146.11
2023-01-17,"Lyon Part-Dieu","Seller_21","Smartphone",1464.64,2,16,"F","Card",2929.28
2023-07-11,"Toulouse Capitole","Seller_7","Earbuds",98.33,1,53,"M","Card",98.33
2023-06-10,"Toulouse Capitole","Seller_7","Earbuds",96.51,2,39,NA,"Card",193.02
2024-06-05,"Marseille Vieux-Port","Seller_4","Earbuds",1044.9,5,42,"F","Card",5224.5
2023-07-24,"Lyon Part-Dieu","Seller_21","Smartphone",915.44,1,40,"M","",915.44
2024-01-11,"Nice Promenade","Seller_21","Smartphone",1222.36,1,36,"M","Card",1222.36
2024-07-16,"Lyon Part-Dieu","Seller_19","Laptop",1048.38,2,22,"M","Cash",2096.76
2024-08-12,"Lyon Part-Dieu","Seller_13","Earbuds",1219.57,1,29,NA,"Cash",1219.57
2024-09-08,"Toulouse Capitole","Seller_25","Smartphone",236.84,1,51,"M","Card",236.84
2023-01-02,"Paris Centre","Seller_24","Earbuds",1349.01,1,38,"M","Check",1349.01
2023-01-26,"Lyon Part-Dieu","Seller_23","Accessories",173.61,1,39,"F","Card",173.61
2024-03-24,"Nice Promenade","Seller_16","Earbuds",1460.16,1,22,"F","Card",1460.16
2024-03-07,"Nice Promenade","Seller_6","Laptop",278.52,1,40,"M","Card",278.52
2023-01-28,"Paris Centre","Seller_1","Smartphone",1270.61,1,36,"F","Card",1270.61
2024-09-29,"Lyon Part-Dieu","Seller_25","Accessories",1278.67,1,29,"F","Cash",1278.67
2023-05-20,"Lyon Part-Dieu","Seller_18","Laptop",1370.64,1,54,NA,"Card",1370.64
2024-04-15,"Paris Centre","Seller_19","Laptop",393.84,2,37,"F","Card",787.68
2023-01-02,"Lyon Part-Dieu","Seller_14","Smartphone",1054.71,2,37,"M","Card",2109.42
2024-05-11,"Toulouse Capitole","Seller_25","Earbuds",130.68,2,39,"M","Card",261.36
2024-11-15,"Toulouse Capitole","Seller_4","Smartphone",1177.57,2,43,"F","Card",2355.14
2023-09-28,"Nice Promenade","Seller_20","Tablet",368.18,1,27,"M","Check",368.18
2024-06-03,"Paris Centre","Seller_5","Tablet",544,2,55,"M","Card",1088
2024-10-30,"Paris Centre","Seller_21","Smartphone",1206.51,2,19,"F","Card",2413.02
2024-12-19,"Nice Promenade","Seller_17","Laptop",613.08,1,49,"F","Card",613.08
2024-05-26,"Nice Promenade","Seller_6","Laptop",1444.39,3,51,"F","Check",4333.17
2024-01-06,"Lyon Part-Dieu","Seller_6","Tablet",375.75,3,49,"M","Cash",1127.25
2023-06-14,"Marseille Vieux-Port","Seller_9","Laptop",969.72,1,24,"M","Cash",969.72
2023-11-06,"Marseille Vieux-Port","Seller_24","Laptop",1214.98,4,30,"M","Check",4859.92
2024-10-05,"Lyon Part-Dieu","Seller_23","Smartphone",542.81,2,17,"F","Card",1085.62
2024-05-30,"Lyon Part-Dieu","Seller_25","Laptop",NA,1,55,"M","Cash",NA
2023-08-26,"Toulouse Capitole","Seller_24","Tablet",639.43,2,48,"M","Card",1278.86
2023-12-24,"Marseille Vieux-Port","Seller_19","Tablet",895.01,1,51,"F","Check",895.01
2023-10-23,"Lyon Part-Dieu","Seller_22","Tablet",1193.89,1,29,"F","Card",1193.89
2024-12-02,"Paris Centre","Seller_25","Tablet",134.66,2,28,"F","Card",269.32
2023-10-20,"Lyon Part-Dieu","Seller_25","Laptop",1483.28,4,30,"M","Card",5933.12
2023-11-13,"Paris Centre","Seller_14","Smartphone",154.97,2,26,"M","Card",309.94
2023-02-06,"Marseille Vieux-Port","Seller_16","Smartphone",579.37,1,31,"M","Card",579.37
2024-08-31,"Nice Promenade","Seller_17","Laptop",84.7,2,34,"M","Card",169.4
2024-06-28,"Lyon Part-Dieu","Seller_20","Smartphone",782.6,3,29,"F","Card",2347.8
2023-02-22,"Toulouse Capitole","Seller_6","Smartphone",121.73,1,19,"M","Card",121.73
2023-05-26,"Toulouse Capitole","Seller_10","Smartphone",1269.37,2,45,"F","Card",2538.74
2023-03-30,"Nice Promenade","Seller_16","Earbuds",1448.79,1,16,"F","Card",1448.79
2024-10-25,"Nice Promenade","Seller_14","Earbuds",1201.33,1,32,"M","Card",1201.33
2023-01-31,"Paris Centre","Seller_14","Earbuds",319.58,3,39,"F","Card",958.74
2023-06-28,"Lyon Part-Dieu","Seller_18","Laptop",561.22,1,33,"F","Card",561.22
2024-05-16,"Nice Promenade","Seller_10","Earbuds",918.9,1,33,"M","",918.9
2024-02-16,"Marseille Vieux-Port","Seller_16","Smartphone",1330.17,1,29,"F","Cash",1330.17
2024-08-05,"Paris Centre","Seller_17","Laptop",168.79,3,27,NA,"",506.37
2024-09-05,"Toulouse Capitole","Seller_8","Laptop",1000.17,1,42,"M","Card",1000.17
2024-06-28,"Paris Centre","Seller_8","Tablet",1482.08,1,39,"M","Card",1482.08
2024-05-29,"Marseille Vieux-Port","Seller_5","Earbuds",381.14,2,30,"M","",762.28
2024-09-07,"Nice Promenade","Seller_19","Tablet",1216.72,2,39,NA,"",2433.44
2024-09-14,"Toulouse Capitole","Seller_24","Smartphone",255.4,3,16,NA,"Card",766.2
2024-03-04,"Nice Promenade","Seller_23","Smartphone",274.11,1,16,"F","Card",274.11
2023-10-27,"Lyon Part-Dieu","Seller_24","Smartphone",382.96,1,34,"M","Card",382.96
2024-04-12,"Marseille Vieux-Port","Seller_22","Laptop",305.99,1,53,"F","Card",305.99
2024-01-20,"Marseille Vieux-Port","Seller_13","Laptop",542.78,2,45,"M","Card",1085.56
2023-05-20,"Marseille Vieux-Port","Seller_16","Smartphone",975.87,1,44,"F","Card",975.87
2023-07-01,"Marseille Vieux-Port","Seller_9","Laptop",839.81,1,16,"F","Card",839.81
2024-06-29,"Marseille Vieux-Port","Seller_2","Smartphone",348.44,1,51,"F","Card",348.44
2023-11-27,"Paris Centre","Seller_10","Laptop",289.55,4,37,"M","Card",1158.2
2024-11-21,"Paris Centre","Seller_15","Earbuds",319.16,1,62,"M","Card",319.16
2024-10-26,"Lyon Part-Dieu","Seller_7","Tablet",99.13,1,17,"F","Cash",99.13
2023-05-04,"Marseille Vieux-Port","Seller_5","Tablet",1132.11,2,36,"F","Card",2264.22
2023-04-05,"Toulouse Capitole","Seller_9","Earbuds",651.83,4,36,"M","Card",2607.32
2023-05-09,"Paris Centre","Seller_4","Laptop",1350.22,1,37,"M","Check",1350.22
2024-04-07,"Lyon Part-Dieu","Seller_6","Earbuds",1366.09,1,31,"F","Cash",1366.09
2024-12-17,"Nice Promenade","Seller_10","Smartphone",187.46,1,35,"F","Card",187.46
2024-08-21,"Toulouse Capitole","Seller_21","Laptop",1181.75,1,35,"F","Cash",1181.75
2023-01-21,"Lyon Part-Dieu","Seller_15","Tablet",1185.54,4,45,"F","Card",4742.16
2024-09-13,"Toulouse Capitole","Seller_17","Accessories",609.5,2,32,"F","Card",1219
2024-06-07,"Marseille Vieux-Port","Seller_25","Tablet",1276.8,1,30,"M","Card",1276.8
2023-07-08,"Lyon Part-Dieu","Seller_18","Smartphone",1492.42,2,61,"M","",2984.84
2024-10-23,"Nice Promenade","Seller_3","Smartphone",881.77,1,34,"M","Check",881.77
2023-08-23,"Marseille Vieux-Port","Seller_17","Laptop",799.34,1,26,"M","Card",799.34
2024-03-12,"Nice Promenade","Seller_3","Laptop",1146.84,2,17,"M","Card",2293.68
2024-10-18,"Marseille Vieux-Port","Seller_25","Smartphone",364.54,2,35,"M","Card",729.08
2024-12-23,"Lyon Part-Dieu","Seller_20","Accessories",329.78,1,46,"M","Card",329.78
2023-06-15,"Toulouse Capitole","Seller_13","Earbuds",687.75,1,23,"F","Card",687.75
2024-10-08,"Paris Centre","Seller_12","Smartphone",113.37,1,19,"F","Cash",113.37
2023-07-25,"Toulouse Capitole","Seller_5","Laptop",1363.82,1,21,"F","Check",1363.82
2024-03-14,"Toulouse Capitole","Seller_13","Tablet",203.65,2,58,"F","",407.3
2023-02-21,"Marseille Vieux-Port","Seller_2","Smartphone",980.57,1,41,"M","Card",980.57
2024-02-10,"Toulouse Capitole","Seller_21","Smartphone",763.42,1,24,"M","Card",763.42
2024-07-16,"Paris Centre","Seller_17","Smartwatch",941.27,1,34,"M","Card",941.27
2024-09-22,"Lyon Part-Dieu","Seller_18","Tablet",122.51,2,30,"M","Card",245.02
2024-12-26,"Lyon Part-Dieu","Seller_18","Tablet",1196.9,1,56,"M","Check",1196.9
2023-08-26,"Toulouse Capitole","Seller_7","Laptop",1397.55,2,40,"M","Card",2795.1
2023-12-14,"Toulouse Capitole","Seller_5","Smartphone",599.73,1,17,"F","Card",599.73
2024-09-29,"Paris Centre","Seller_19","Laptop",611.87,1,49,"F","Cash",611.87
2024-08-04,"Nice Promenade","Seller_5","Tablet",217.46,1,38,"M","Card",217.46
2023-01-05,"Paris Centre","Seller_21","Laptop",1104.7,2,54,NA,"Card",2209.4
2024-04-22,"Marseille Vieux-Port","Seller_14","Laptop",1218.49,1,38,"F","Card",1218.49
2024-02-01,"Lyon Part-Dieu","Seller_2","Smartphone",463.98,1,16,"F","Card",463.98
2024-11-19,"Nice Promenade","Seller_1","Smartphone",1382.88,2,22,"M","Check",2765.76
2024-05-07,"Paris Centre","Seller_22","Smartphone",1369.32,1,35,"M","Cash",1369.32
2023-09-28,"Lyon Part-Dieu","Seller_22","Earbuds",1049.51,1,20,"M","Card",1049.51
2023-04-23,"Paris Centre","Seller_15","Laptop",755.21,1,48,"M","Cash",755.21
2024-11-08,"Paris Centre","Seller_21","Laptop",164.08,1,45,"F","Card",164.08
2024-04-28,"Marseille Vieux-Port","Seller_11","Smartphone",365.51,1,39,"M","Card",365.51
2023-07-15,"Paris Centre","Seller_6","Smartphone",961.89,1,47,"F","Card",961.89
2024-07-31,"Paris Centre","Seller_9","Tablet",268.95,1,46,"F","Card",268.95
2023-04-27,"Lyon Part-Dieu","Seller_6","Earbuds",385.38,2,54,"F","Card",770.76
2023-06-07,"Paris Centre","Seller_15","Tablet",515.2,3,50,"M","Check",1545.6
2024-02-16,"Toulouse Capitole","Seller_6","Laptop",1327.64,1,31,"M","Card",1327.64
2024-05-18,"Lyon Part-Dieu","Seller_5","Tablet",1102.36,4,37,"F","Card",4409.44
2024-10-05,"Paris Centre","Seller_3","Smartphone",1490.94,2,28,"F","Card",2981.88
2024-07-21,"Toulouse Capitole","Seller_19","Laptop",163.68,2,28,"F","Card",327.36
2024-07-04,"Nice Promenade","Seller_15","Tablet",1440.2,2,45,"M","Card",2880.4
2024-10-30,"Toulouse Capitole","Seller_16","Accessories",325.55,1,42,"F","Card",325.55
2023-06-09,"Toulouse Capitole","Seller_10","Smartphone",982.53,1,16,"M","Card",982.53
2023-10-10,"Toulouse Capitole","Seller_6","Tablet",929.62,1,35,NA,"",929.62
2023-12-24,"Paris Centre","Seller_21","Laptop",986.31,3,36,"M","Card",2958.93
2023-02-23,"Paris Centre","Seller_24","Smartphone",1249.2,1,42,"F","Card",1249.2
2023-05-04,"Marseille Vieux-Port","Seller_15","Laptop",445.12,1,23,"M","Card",445.12
2024-02-01,"Nice Promenade","Seller_12","Laptop",1144.42,1,18,NA,"Cash",1144.42
2024-01-03,"Lyon Part-Dieu","Seller_6","Earbuds",1105.91,2,32,"F","Card",2211.82
2024-11-16,"Toulouse Capitole","Seller_14","Tablet",1279.65,2,46,NA,"Card",2559.3
2024-10-10,"Lyon Part-Dieu","Seller_7","Accessories",56.56,2,43,"M","Check",113.12
2023-09-09,"Nice Promenade","Seller_1","Laptop",387.32,3,50,"F","Card",1161.96
2023-03-24,"Marseille Vieux-Port","Seller_22","Smartphone",1313.71,1,20,NA,"Card",1313.71
2023-06-07,"Paris Centre","Seller_8","Smartphone",729.52,1,26,NA,"Cash",729.52
2023-04-18,"Nice Promenade","Seller_20","Smartphone",1004.77,1,57,"M","Cash",1004.77
2023-03-19,"Toulouse Capitole","Seller_22","Tablet",995.39,1,59,"M","Check",995.39
2024-03-10,"Nice Promenade","Seller_20","Laptop",82.16,2,36,"F","Card",164.32
2024-02-26,"Paris Centre","Seller_5","Tablet",989.76,1,25,"F","",989.76
2023-02-27,"Marseille Vieux-Port","Seller_7","Laptop",616.6,3,41,"M","Card",1849.8
2023-12-09,"Nice Promenade","Seller_6","Earbuds",1404.5,4,23,"F","Cash",5618
2024-03-01,"Lyon Part-Dieu","Seller_9","Earbuds",1027.63,1,28,"M","Card",1027.63
2023-05-24,"Marseille Vieux-Port","Seller_23","Laptop",1413.17,1,52,"M","Cash",1413.17
2023-12-27,"Lyon Part-Dieu","Seller_5","Smartphone",1305.21,1,16,"F","Card",1305.21
2024-11-29,"Toulouse Capitole","Seller_16","Laptop",533.86,1,16,"F","Cash",533.86
2024-06-24,"Nice Promenade","Seller_6","Smartphone",381.7,1,35,"M","Card",381.7
2023-02-24,"Toulouse Capitole","Seller_4","Laptop",237.96,1,28,"F","Cash",237.96
2023-09-11,"Marseille Vieux-Port","Seller_8","Accessories",197.98,2,27,"F","Cash",395.96
2024-10-07,"Nice Promenade","Seller_2","Smartphone",1024.75,1,16,"F","Card",1024.75
2023-05-08,"Paris Centre","Seller_18","Smartwatch",1079.95,1,35,"M","Card",1079.95
2023-10-19,"Lyon Part-Dieu","Seller_22","Smartphone",1100.72,2,27,NA,"Cash",2201.44
2024-03-14,"Toulouse Capitole","Seller_6","Tablet",1121.12,1,49,NA,"Card",1121.12
2024-06-16,"Marseille Vieux-Port","Seller_14","Laptop",134.32,1,26,"M","Cash",134.32
2024-06-27,"Marseille Vieux-Port","Seller_21","Smartphone",1492.17,1,44,NA,"Cash",1492.17
2024-06-07,"Nice Promenade","Seller_8","Tablet",1418.96,1,34,"M","Card",1418.96
2024-05-25,"Paris Centre","Seller_2","Smartphone",1132.8,3,24,"M","Cash",3398.4
2024-08-26,"Lyon Part-Dieu","Seller_22","Tablet",1084.11,2,54,"M","Check",2168.22
2024-06-01,"Paris Centre","Seller_5","Earbuds",1335.02,1,29,"M","Card",1335.02
2023-01-01,"Lyon Part-Dieu","Seller_15","Smartwatch",1224.21,1,38,"F","Cash",1224.21
2023-06-18,"Marseille Vieux-Port","Seller_10","Tablet",435.79,1,34,"M","Card",435.79
2023-09-29,"Toulouse Capitole","Seller_25","Accessories",831.57,1,37,NA,"Card",831.57
2023-09-23,"Toulouse Capitole","Seller_5","Laptop",506.25,2,36,"M","Card",1012.5
2024-02-01,"Toulouse Capitole","Seller_21","Tablet",401.33,3,18,NA,"Card",1203.99
2024-02-10,"Nice Promenade","Seller_16","Laptop",845,2,40,"F","",1690
2024-03-22,"Toulouse Capitole","Seller_5","Tablet",825.53,2,36,"M","Card",1651.06
2024-06-01,"Nice Promenade","Seller_16","Laptop",842.72,1,36,"M","Cash",842.72
2024-10-16,"Nice Promenade","Seller_8","Laptop",1047,1,45,"M","Card",1047
2024-11-24,"Paris Centre","Seller_18","Tablet",1313.8,1,43,NA,"Card",1313.8
2023-07-03,"Paris Centre","Seller_13","Smartphone",252.96,1,41,"M","Card",252.96
2023-09-02,"Toulouse Capitole","Seller_10","Laptop",855.04,3,37,"M","Card",2565.12
2023-07-27,"Marseille Vieux-Port","Seller_20","Smartphone",1028.85,1,51,NA,"Card",1028.85
2024-02-14,"Nice Promenade","Seller_23","Smartphone",1307.12,2,32,"M","Card",2614.24
2023-09-28,"Toulouse Capitole","Seller_20","Laptop",277,1,31,"F","Card",277
2024-12-28,"Lyon Part-Dieu","Seller_24","Tablet",1187.6,1,29,"M","Card",1187.6
2024-11-29,"Paris Centre","Seller_7","Laptop",728.6,5,33,"F","Card",3643
2023-10-27,"Paris Centre","Seller_1","Laptop",877.23,3,17,NA,"Cash",2631.69
2024-02-18,"Lyon Part-Dieu","Seller_18","Laptop",840.71,2,21,"F","Card",1681.42
2023-10-10,"Nice Promenade","Seller_22","Laptop",81.58,1,40,"F","Card",81.58
2024-09-17,"Toulouse Capitole","Seller_24","Smartphone",1144.57,1,45,"M","Card",1144.57
2023-08-04,"Lyon Part-Dieu","Seller_22","Laptop",309.79,2,30,"F","Card",619.58
2024-06-02,"Nice Promenade","Seller_15","Smartphone",176.95,1,47,"F","Card",176.95
2024-03-28,"Nice Promenade","Seller_20","Laptop",663.45,1,41,"F","Card",663.45
2023-04-28,"Nice Promenade","Seller_1","Smartwatch",655.09,4,28,"M","Check",2620.36
2023-03-23,"Lyon Part-Dieu","Seller_10","Laptop",1398.3,1,35,NA,"",1398.3
2024-01-28,"Lyon Part-Dieu","Seller_18","Smartphone",1035.15,1,39,"M","Card",1035.15
2024-10-03,"Marseille Vieux-Port","Seller_22","Smartphone",137.88,2,26,"F","Check",275.76
2024-05-03,"Nice Promenade","Seller_10","Smartphone",554.74,1,23,"M","Card",554.74
2023-12-17,"Marseille Vieux-Port","Seller_19","Earbuds",1186.86,2,49,"F","",2373.72
2023-03-09,"Toulouse Capitole","Seller_1","Earbuds",774.14,1,35,"M","Card",774.14
2023-04-21,"Marseille Vieux-Port","Seller_6","Laptop",352.71,1,44,NA,"Card",352.71
2024-04-24,"Lyon Part-Dieu","Seller_16","Accessories",1378.8,2,26,"M","Card",2757.6
2023-11-30,"Nice Promenade","Seller_2","Tablet",188.53,1,39,"F","Check",188.53
2024-10-11,"Toulouse Capitole","Seller_15","Tablet",858.45,2,42,"F","Card",1716.9
2023-05-23,"Nice Promenade","Seller_12","Tablet",1147.41,1,23,"M","Card",1147.41
2023-02-09,"Lyon Part-Dieu","Seller_5","Laptop",102.66,2,42,"M","Card",205.32
2024-10-21,"Toulouse Capitole","Seller_14","Smartphone",772.95,2,37,"M","Card",1545.9
2023-05-13,"Toulouse Capitole","Seller_19","Smartphone",431.18,2,21,"F","Cash",862.36
2023-11-19,"Paris Centre","Seller_20","Laptop",232.75,1,22,"M","Card",232.75
2023-11-14,"Toulouse Capitole","Seller_12","Laptop",424.92,2,32,"M","Card",849.84
2024-01-05,"Marseille Vieux-Port","Seller_1","Earbuds",549.99,5,38,"M","Card",2749.95
2023-05-22,"Marseille Vieux-Port","Seller_22","Tablet",447.81,1,38,NA,"Card",447.81
2024-02-12,"Marseille Vieux-Port","Seller_4","Laptop",95.01,3,38,NA,"Cash",285.03
2023-10-02,"Toulouse Capitole","Seller_16","Earbuds",208.57,2,33,"F","Card",417.14
2024-06-13,"Lyon Part-Dieu","Seller_9","Accessories",1294.69,4,18,"M","",5178.76
2024-07-31,"Paris Centre","Seller_19","Earbuds",516.97,2,43,NA,"Card",1033.94
2024-08-10,"Lyon Part-Dieu","Seller_10","Smartphone",855.83,2,28,"F","Check",1711.66
2024-06-25,"Paris Centre","Seller_11","Smartwatch",1286.7,1,28,"M","Card",1286.7
2023-07-12,"Nice Promenade","Seller_2","Laptop",979.48,1,29,"F","Card",979.48
2023-12-18,"Toulouse Capitole","Seller_14","Accessories",962.74,3,42,NA,"Card",2888.22
2024-02-21,"Marseille Vieux-Port","Seller_11","Smartphone",840.66,2,37,"F","Card",1681.32
2023-11-11,"Lyon Part-Dieu","Seller_3","Smartphone",1207.41,3,19,"F","Card",3622.23
2023-02-09,"Paris Centre","Seller_2","Tablet",1119.87,1,16,"M","Card",1119.87
2024-07-14,"Paris Centre","Seller_15","Laptop",592.92,1,20,NA,"Cash",592.92
2023-11-18,"Toulouse Capitole","Seller_20","Smartphone",881.34,1,41,NA,"Card",881.34
2023-05-07,"Toulouse Capitole","Seller_6","Earbuds",1327.86,1,39,"M","Card",1327.86
2024-09-29,"Toulouse Capitole","Seller_6","Laptop",268.48,2,46,"F","Card",536.96
2023-10-28,"Toulouse Capitole","Seller_10","Tablet",462.48,1,44,"M","Card",462.48
2023-07-06,"Marseille Vieux-Port","Seller_11","Accessories",897.99,2,43,NA,"Card",1795.98
2023-06-30,"Paris Centre","Seller_21","Smartwatch",442.32,2,26,"M","Card",884.64
2024-08-11,"Lyon Part-Dieu","Seller_5","Earbuds",1158.96,3,54,"M","Card",3476.88
2023-02-02,"Paris Centre","Seller_24","Earbuds",141.92,1,16,"F","Card",141.92
2024-08-18,"Paris Centre","Seller_15","Laptop",597.7,2,31,"F","Card",1195.4
2024-08-26,"Toulouse Capitole","Seller_22","Smartphone",1356.79,1,45,"F","Card",1356.79
2023-01-12,"Nice Promenade","Seller_16","Smartphone",1360.79,2,35,"M","Check",2721.58
2024-08-11,"Paris Centre","Seller_6","Accessories",212.63,3,21,NA,"Card",637.89
2023-09-14,"Nice Promenade","Seller_25","Smartphone",1269.41,1,26,NA,"Card",1269.41
2023-04-26,"Toulouse Capitole","Seller_11","Earbuds",1068.41,2,31,"F","Card",2136.82
2023-04-12,"Paris Centre","Seller_6","Smartphone",452.93,3,29,"M","Card",1358.79
2023-03-03,"Paris Centre","Seller_18","Laptop",1235.77,1,36,"M","Card",1235.77
2023-05-07,"Nice Promenade","Seller_18","Laptop",1374.68,1,49,"F","Card",1374.68
2024-09-17,"Toulouse Capitole","Seller_15","Tablet",146.55,1,27,"M","Card",146.55
2024-01-01,"Marseille Vieux-Port","Seller_12","Tablet",1216.73,1,17,"F","",1216.73
2023-04-05,"Lyon Part-Dieu","Seller_10","Smartphone",212.57,4,44,"M","Card",850.28
2023-09-21,"Lyon Part-Dieu","Seller_5","Smartphone",216.66,4,23,"M","Check",866.64
2024-08-20,"Paris Centre","Seller_4","Tablet",715.13,1,24,"M","Cash",715.13
2023-02-17,"Nice Promenade","Seller_15","Tablet",1152.46,1,42,"M","Card",1152.46
2024-08-09,"Marseille Vieux-Port","Seller_3","Smartphone",530.2,1,42,"M","Card",530.2
2023-07-22,"Toulouse Capitole","Seller_2","Tablet",584,1,24,NA,"Card",584
2024-04-15,"Toulouse Capitole","Seller_2","Laptop",1077.62,3,22,"M","Card",3232.86
2023-02-14,"Paris Centre","Seller_13","Accessories",1267.85,1,44,"M","",1267.85
2023-04-01,"Paris Centre","Seller_15","Laptop",1252.71,4,53,"F","Card",5010.84
2023-06-05,"Lyon Part-Dieu","Seller_25","Earbuds",966.01,3,31,"M","Card",2898.03
2024-02-09,"Paris Centre","Seller_15","Tablet",1266.69,2,52,"M","Check",2533.38
2024-06-07,"Paris Centre","Seller_18","Smartwatch",1078.86,1,35,"F","Card",1078.86
2024-09-19,"Marseille Vieux-Port","Seller_6","Laptop",654.1,2,40,"F","Card",1308.2
2023-12-01,"Marseille Vieux-Port","Seller_8","Laptop",166,1,16,NA,"Card",166
2023-02-09,"Marseille Vieux-Port","Seller_2","Laptop",822.62,1,38,"F","Card",822.62
2024-04-24,"Lyon Part-Dieu","Seller_24","Laptop",1166.91,1,16,"F","Card",1166.91
2023-08-21,"Lyon Part-Dieu","Seller_7","Tablet",873.03,1,35,"M","Card",873.03
2024-07-16,"Toulouse Capitole","Seller_22","Smartwatch",1390.41,1,42,"M","Card",1390.41
2024-08-15,"Nice Promenade","Seller_1","Tablet",816.25,1,37,"M","Card",816.25
2023-08-22,"Marseille Vieux-Port","Seller_7","Smartphone",838.7,2,30,NA,"Check",1677.4
2023-05-26,"Toulouse Capitole","Seller_18","Laptop",400.04,1,71,"M","Check",400.04
2024-07-28,"Nice Promenade","Seller_5","Laptop",732.75,2,41,"F","Card",1465.5
2023-09-09,"Marseille Vieux-Port","Seller_5","Earbuds",380.79,1,37,"F","Card",380.79
2024-08-24,"Toulouse Capitole","Seller_7","Laptop",685.28,1,40,NA,"Card",685.28
2024-05-05,"Nice Promenade","Seller_11","Accessories",724.76,1,50,"M","Cash",724.76
2024-07-11,"Paris Centre","Seller_9","Tablet",72.28,1,46,"F","Card",72.28
2024-12-23,"Nice Promenade","Seller_11","Laptop",511.2,4,40,"F","",2044.8
2023-08-03,"Lyon Part-Dieu","Seller_8","Laptop",530.49,2,33,"F","Card",1060.98
2024-09-28,"Marseille Vieux-Port","Seller_6","Earbuds",170.34,2,30,"F","Cash",340.68
2024-06-25,"Toulouse Capitole","Seller_17","Tablet",859.58,1,16,"F","Card",859.58
2023-09-21,"Nice Promenade","Seller_1","Tablet",NA,1,40,"F","Card",NA
2023-02-28,"Marseille Vieux-Port","Seller_3","Laptop",349.94,1,47,NA,"Card",349.94
2024-03-15,"Nice Promenade","Seller_17","Smartphone",627.13,1,30,"M","Card",627.13
2024-12-24,"Toulouse Capitole","Seller_7","Earbuds",652.12,2,39,"F","Card",1304.24
2023-01-10,"Marseille Vieux-Port","Seller_10","Laptop",1272.12,1,31,"M","Card",1272.12
2024-02-19,"Lyon Part-Dieu","Seller_14","Smartphone",691.26,1,34,"M","Cash",691.26
2024-12-26,"Nice Promenade","Seller_11","Smartphone",128.18,1,40,"F","Card",128.18
2023-10-09,"Lyon Part-Dieu","Seller_12","Laptop",118.03,1,16,"F","Check",118.03
2023-02-01,"Lyon Part-Dieu","Seller_16","Earbuds",1083.26,1,27,"F","Card",1083.26
2024-12-19,"Lyon Part-Dieu","Seller_23","Tablet",1216.01,3,25,"M","Card",3648.03
2023-12-30,"Marseille Vieux-Port","Seller_11","Tablet",1493.6,1,30,"M","Check",1493.6
2023-02-26,"Toulouse Capitole","Seller_3","Laptop",1113.43,1,31,"F","Card",1113.43
2024-07-09,"Nice Promenade","Seller_20","Laptop",561.24,4,16,"M","Cash",2244.96
2023-06-17,"Marseille Vieux-Port","Seller_20","Laptop",928.57,1,33,"M","Card",928.57
2023-12-30,"Marseille Vieux-Port","Seller_4","Earbuds",482.27,2,16,"F","Cash",964.54
2023-04-07,"Lyon Part-Dieu","Seller_10","Tablet",1022.25,1,38,"M","Card",1022.25
2023-01-23,"Lyon Part-Dieu","Seller_18","Smartphone",911.05,1,28,"F","Card",911.05
2023-07-14,"Marseille Vieux-Port","Seller_19","Laptop",346.21,1,40,"M","Card",346.21
2023-06-16,"Nice Promenade","Seller_20","Earbuds",1193.94,2,42,"F","Card",2387.88
2024-03-20,"Lyon Part-Dieu","Seller_25","Accessories",504.67,1,37,"F","Card",504.67
2023-02-04,"Toulouse Capitole","Seller_2","Laptop",1259.01,1,39,"F","",1259.01
2024-09-03,"Marseille Vieux-Port","Seller_8","Tablet",1239.03,1,16,"F","Card",1239.03
2023-10-16,"Toulouse Capitole","Seller_25","Smartphone",736.54,3,32,"M","Card",2209.62
2023-10-26,"Marseille Vieux-Port","Seller_25","Tablet",910.24,1,40,"F","Card",910.24
2023-01-21,"Marseille Vieux-Port","Seller_17","Laptop",1109.66,1,35,"M","Card",1109.66
2024-10-22,"Paris Centre","Seller_14","Smartphone",1299.49,1,63,"F","Card",1299.49
2023-10-01,"Paris Centre","Seller_16","Laptop",568.62,4,27,"F","Card",2274.48
2024-06-13,"Toulouse Capitole","Seller_10","Laptop",1018.43,1,30,"F","Card",1018.43
2024-01-16,"Paris Centre","Seller_21","Laptop",213.39,4,35,"M","Card",853.56
2024-11-15,"Paris Centre","Seller_20","Earbuds",163.91,2,51,"F","Card",327.82
2024-03-18,"Nice Promenade","Seller_23","Smartphone",68.85,2,55,"F","Cash",137.7
2023-08-24,"Nice Promenade","Seller_6","Smartphone",720.34,1,65,"M","Card",720.34
2023-09-21,"Toulouse Capitole","Seller_9","Earbuds",233.81,2,53,NA,"Card",467.62
2024-07-18,"Paris Centre","Seller_19","Smartphone",1250.7,2,47,"M","Card",2501.4
2024-09-17,"Lyon Part-Dieu","Seller_9","Earbuds",1410.93,2,54,"F","Card",2821.86
2024-01-02,"Toulouse Capitole","Seller_19","Laptop",497.59,1,18,"F","Card",497.59
2023-12-25,"Paris Centre","Seller_2","Laptop",242.36,3,34,"F","Card",727.08
2023-03-21,"Toulouse Capitole","Seller_20","Earbuds",1152.39,1,38,"M","Card",1152.39
2023-10-21,"Marseille Vieux-Port","Seller_7","Laptop",472.22,1,39,"M","Card",472.22
2024-08-06,"Nice Promenade","Seller_11","Earbuds",295.89,1,32,"M","Card",295.89
2023-02-08,"Paris Centre","Seller_15","Accessories",1170.24,1,49,"F","Cash",1170.24
2023-12-23,"Marseille Vieux-Port","Seller_19","Laptop",1405.81,1,45,"M","Check",1405.81
2023-04-16,"Paris Centre","Seller_12","Laptop",321.78,1,67,"F","Card",321.78
2023-12-13,"Nice Promenade","Seller_25","Laptop",721.96,2,30,"F","Cash",1443.92
2023-01-13,"Toulouse Capitole","Seller_16","Laptop",398.1,1,42,NA,"Card",398.1
2023-10-03,"Marseille Vieux-Port","Seller_24","Smartphone",252.76,3,46,"M","Card",758.28
2023-09-18,"Toulouse Capitole","Seller_5","Laptop",1349.25,1,26,"M","Card",1349.25
2023-03-13,"Paris Centre","Seller_13","Smartphone",466.87,2,49,"F","",933.74
2024-12-14,"Marseille Vieux-Port","Seller_10","Laptop",286.86,1,32,"F","Card",286.86
2023-05-03,"Toulouse Capitole","Seller_14","Tablet",1399.54,1,22,"F","Card",1399.54
2024-10-24,"Marseille Vieux-Port","Seller_17","Accessories",666.59,2,53,"M","Cash",1333.18
2023-05-15,"Nice Promenade","Seller_20","Laptop",906.68,3,40,"M","Cash",2720.04
2023-02-17,"Nice Promenade","Seller_8","Tablet",1042.35,3,24,"M","Card",3127.05
2024-11-09,"Nice Promenade","Seller_25","Accessories",1479.61,2,34,"M","Card",2959.22
2024-04-28,"Lyon Part-Dieu","Seller_2","Tablet",52.95,2,22,"M","Check",105.9
2024-12-08,"Marseille Vieux-Port","Seller_8","Tablet",776.29,1,44,"F","Cash",776.29
2023-11-23,"Marseille Vieux-Port","Seller_25","Smartphone",163.68,1,16,"M","Card",163.68
2023-12-28,"Toulouse Capitole","Seller_25","Tablet",396.32,3,38,"M","Card",1188.96
2024-06-02,"Marseille Vieux-Port","Seller_8","Smartphone",397.1,1,40,NA,"Card",397.1
2024-10-06,"Marseille Vieux-Port","Seller_25","Tablet",382.75,4,47,"F","Check",1531
2023-02-14,"Marseille Vieux-Port","Seller_6","Laptop",1479.08,1,49,"F","Check",1479.08
2024-10-26,"Nice Promenade","Seller_25","Earbuds",1451.64,1,29,"M","Check",1451.64
2023-01-15,"Toulouse Capitole","Seller_21","Earbuds",1479.64,1,33,"M","Card",1479.64
2023-06-23,"Paris Centre","Seller_3","Laptop",746.22,2,54,"F","",1492.44
2023-02-02,"Nice Promenade","Seller_2","Smartphone",91.71,1,39,"F","Card",91.71
2024-11-05,"Marseille Vieux-Port","Seller_20","Earbuds",1180.99,2,37,"F","Card",2361.98
2023-10-03,"Nice Promenade","Seller_1","Earbuds",840.62,2,42,"M","Card",1681.24
2024-08-23,"Lyon Part-Dieu","Seller_24","Earbuds",258.94,1,26,"F","Card",258.94
2023-10-01,"Paris Centre","Seller_2","Laptop",362.77,1,16,"M","Card",362.77
2023-01-27,"Toulouse Capitole","Seller_7","Earbuds",110.47,1,43,"F","Card",110.47
2024-07-16,"Marseille Vieux-Port","Seller_23","Earbuds",1287.56,2,16,"F","Card",2575.12
2024-04-23,"Paris Centre","Seller_13","Tablet",956.85,1,32,"F","Card",956.85
2024-09-16,"Marseille Vieux-Port","Seller_6","Tablet",430.41,1,28,"F","Card",430.41
2023-06-10,"Paris Centre","Seller_3","Tablet",896.97,1,34,"F","Cash",896.97
2024-06-02,"Nice Promenade","Seller_5","Laptop",572.42,2,27,"F","Card",1144.84
2024-05-12,"Toulouse Capitole","Seller_18","Laptop",1031.16,1,24,"F","Card",1031.16
2024-08-18,"Toulouse Capitole","Seller_18","Smartphone",681.92,1,24,NA,"Card",681.92
2023-02-08,"Paris Centre","Seller_2","Smartphone",176.5,1,40,"F","Card",176.5
2023-07-17,"Toulouse Capitole","Seller_18","Smartphone",737.53,1,40,"M","Card",737.53
2023-05-20,"Toulouse Capitole","Seller_9","Laptop",318.66,1,24,"M","Card",318.66
2024-04-16,"Paris Centre","Seller_15","Tablet",659.48,3,22,"F","Cash",1978.44
2024-03-06,"Lyon Part-Dieu","Seller_12","Smartphone",605.02,3,38,"M","Card",1815.06
2023-02-08,"Marseille Vieux-Port","Seller_11","Smartphone",1342.25,2,29,NA,"Card",2684.5
2023-07-29,"Lyon Part-Dieu","Seller_15","Tablet",505.25,1,38,"M","Card",505.25
2023-05-05,"Paris Centre","Seller_16","Tablet",922.11,1,46,NA,"Check",922.11
2024-04-19,"Paris Centre","Seller_21","Smartphone",380.24,1,22,"F","Check",380.24
2024-10-14,"Nice Promenade","Seller_25","Smartphone",115.15,1,40,"F","Card",115.15
2023-11-04,"Nice Promenade","Seller_13","Smartphone",705.48,2,38,"M","Card",1410.96
2024-12-23,"Marseille Vieux-Port","Seller_17","Laptop",876.23,1,39,"F","Card",876.23
2023-11-10,"Lyon Part-Dieu","Seller_4","Accessories",219.88,1,37,"F","Card",219.88
2023-11-18,"Marseille Vieux-Port","Seller_17","Smartphone",512.23,1,51,"M","Card",512.23
2023-06-11,"Lyon Part-Dieu","Seller_23","Smartphone",674.22,1,29,"M","Cash",674.22
2024-01-21,"Toulouse Capitole","Seller_18","Smartphone",820.66,1,38,"M","Card",820.66
2024-04-26,"Paris Centre","Seller_18","Smartphone",340.32,2,40,"F","Card",680.64
2024-06-14,"Toulouse Capitole","Seller_24","Laptop",1264.29,1,51,NA,"Card",1264.29
2023-10-08,"Lyon Part-Dieu","Seller_3","Smartphone",744.68,1,34,"M","Card",744.68
2023-01-31,"Nice Promenade","Seller_16","Tablet",1326.62,1,48,"M","Card",1326.62
2024-02-04,"Paris Centre","Seller_15","Earbuds",NA,5,35,"F","Card",NA
2024-03-01,"Paris Centre","Seller_25","Laptop",1042.98,4,26,"M","Card",4171.92
2023-04-01,"Nice Promenade","Seller_22","Laptop",1187.64,1,52,"F","Card",1187.64
2023-03-22,"Lyon Part-Dieu","Seller_24","Smartphone",1435.46,2,35,"M","Card",2870.92
2024-04-14,"Paris Centre","Seller_17","Smartphone",701.65,1,27,"F","Check",701.65
2023-11-20,"Marseille Vieux-Port","Seller_22","Earbuds",473.13,2,24,"M","Check",946.26
2023-07-22,"Paris Centre","Seller_19","Tablet",788.82,1,37,"M","Card",788.82
2023-12-13,"Marseille Vieux-Port","Seller_11","Earbuds",568.2,2,67,"M","Card",1136.4
2023-05-19,"Paris Centre","Seller_13","Smartphone",90.42,5,48,"F","Check",452.1
2023-07-28,"Lyon Part-Dieu","Seller_16","Smartphone",186.28,2,21,"F","Check",372.56
2023-12-16,"Marseille Vieux-Port","Seller_18","Tablet",1363.64,2,34,"F","Card",2727.28
2023-06-04,"Paris Centre","Seller_6","Laptop",874.98,1,48,"M","Cash",874.98
2023-09-15,"Paris Centre","Seller_5","Laptop",1355.14,1,21,"M","Card",1355.14
2023-03-19,"Lyon Part-Dieu","Seller_12","Laptop",618.04,2,31,"F","Card",1236.08
2023-03-10,"Nice Promenade","Seller_24","Smartphone",1280.36,3,39,"M","Cash",3841.08
2023-12-30,"Lyon Part-Dieu","Seller_25","Tablet",710.24,2,30,NA,"Card",1420.48
2023-09-08,"Toulouse Capitole","Seller_17","Earbuds",937.34,2,59,"M","Card",1874.68
2024-06-21,"Paris Centre","Seller_15","Smartphone",689.32,1,31,"M","Card",689.32
2024-04-25,"Lyon Part-Dieu","Seller_20","Smartphone",1418.19,4,18,"F","Card",5672.76
2023-09-12,"Paris Centre","Seller_17","Laptop",701.71,1,58,"M","Card",701.71
2023-04-04,"Lyon Part-Dieu","Seller_5","Earbuds",1303.6,1,28,"M","Card",1303.6
2024-07-08,"Marseille Vieux-Port","Seller_23","Earbuds",884.68,1,28,"F","Card",884.68
2023-01-27,"Lyon Part-Dieu","Seller_8","Smartphone",971.76,1,35,"F","Card",971.76
2023-06-23,"Paris Centre","Seller_14","Laptop",243.37,1,38,"F","Cash",243.37
2024-01-23,"Nice Promenade","Seller_3","Smartphone",755.86,3,43,"F","Card",2267.58
2023-09-07,"Toulouse Capitole","Seller_12","Smartphone",1102.57,2,16,"F","Card",2205.14
2024-01-13,"Marseille Vieux-Port","Seller_6","Laptop",1284.01,1,29,"M","Card",1284.01
2024-12-11,"Paris Centre","Seller_21","Tablet",1229.66,3,38,"F","Card",3688.98
2023-10-27,"Toulouse Capitole","Seller_14","Smartphone",1314.52,2,35,"M","Card",2629.04
2024-02-21,"Marseille Vieux-Port","Seller_12","Smartphone",381.44,4,42,"M","Card",1525.76
2024-10-07,"Paris Centre","Seller_21","Laptop",1003.89,1,26,NA,"Card",1003.89
2024-07-07,"Nice Promenade","Seller_6","Earbuds",191.28,1,45,"M","Card",191.28
2024-09-23,"Marseille Vieux-Port","Seller_14","Laptop",96.01,1,16,"F","Card",96.01
2023-03-31,"Toulouse Capitole","Seller_16","Smartphone",362.51,1,32,"M","Card",362.51
2024-09-03,"Lyon Part-Dieu","Seller_21","Laptop",69.6,1,19,"F","Card",69.6
2023-06-22,"Marseille Vieux-Port","Seller_22","Tablet",1009.66,2,21,"M","",2019.32
2023-06-18,"Toulouse Capitole","Seller_21","Earbuds",853.49,1,52,"F","Card",853.49
2024-05-07,"Lyon Part-Dieu","Seller_1","Smartphone",434.9,1,38,"M","Check",434.9
2023-02-05,"Lyon Part-Dieu","Seller_11","Earbuds",77.31,2,24,NA,"Check",154.62
2024-03-09,"Marseille Vieux-Port","Seller_22","Tablet",404.3,1,49,"M","Card",404.3
2023-05-25,"Paris Centre","Seller_5","Earbuds",673.9,2,34,"M","Card",1347.8
2023-11-18,"Toulouse Capitole","Seller_24","Laptop",699.45,3,25,"M","Check",2098.35
2023-11-15,"Toulouse Capitole","Seller_11","Smartphone",644.22,2,42,"M","Card",1288.44
2024-10-20,"Marseille Vieux-Port","Seller_14","Laptop",1025.31,1,20,"M","Card",1025.31
2024-11-08,"Marseille Vieux-Port","Seller_1","Smartphone",125.84,1,31,"F","Card",125.84
2024-09-01,"Marseille Vieux-Port","Seller_19","Smartphone",522.4,1,45,"M","",522.4
2023-09-30,"Marseille Vieux-Port","Seller_9","Tablet",972.79,2,52,NA,"Card",1945.58
2023-05-02,"Marseille Vieux-Port","Seller_13","Laptop",1478.11,1,51,NA,"Card",1478.11
2024-08-10,"Paris Centre","Seller_4","Smartphone",694.67,1,35,"F","Cash",694.67
2024-07-08,"Lyon Part-Dieu","Seller_20","Tablet",638.52,1,26,"M","Check",638.52
2023-11-18,"Toulouse Capitole","Seller_9","Laptop",1495.87,1,38,"F","Check",1495.87
2024-09-02,"Paris Centre","Seller_19","Earbuds",779.19,1,53,"M","Card",779.19
2023-04-29,"Toulouse Capitole","Seller_3","Smartwatch",1334.28,2,42,"M","Card",2668.56
2024-08-01,"Nice Promenade","Seller_11","Smartwatch",1152.15,2,43,"M","Card",2304.3
2024-05-02,"Lyon Part-Dieu","Seller_16","Smartphone",1026.81,1,42,"F","Card",1026.81
2024-07-12,"Marseille Vieux-Port","Seller_19","Smartwatch",458.55,2,26,"M","Card",917.1
2023-02-14,"Nice Promenade","Seller_2","Laptop",225.54,2,32,"M","Check",451.08
2023-06-29,"Paris Centre","Seller_17","Tablet",551.72,2,50,"F","Cash",1103.44
2024-03-13,"Nice Promenade","Seller_5","Smartphone",1350.52,2,45,"F","Card",2701.04
2024-12-29,"Paris Centre","Seller_14","Smartwatch",423.47,1,41,"F","Card",423.47
2023-02-14,"Marseille Vieux-Port","Seller_5","Smartphone",782.58,2,47,"M","Check",1565.16
2023-02-10,"Paris Centre","Seller_23","Tablet",891.61,1,35,"F","Card",891.61
2023-03-08,"Paris Centre","Seller_21","Laptop",906.81,2,16,"M","Card",1813.62
2023-03-10,"Toulouse Capitole","Seller_9","Smartphone",913.92,1,35,NA,"Card",913.92
2023-01-03,"Toulouse Capitole","Seller_20","Laptop",717.56,1,46,"M","Card",717.56
2024-05-12,"Nice Promenade","Seller_7","Tablet",1344.32,2,42,"M","Cash",2688.64
2024-01-02,"Paris Centre","Seller_2","Earbuds",465.32,1,27,"F","Cash",465.32
2024-08-11,"Nice Promenade","Seller_15","Laptop",163.11,1,28,"M","Card",163.11
2024-01-28,"Nice Promenade","Seller_11","Laptop",680.2,1,16,"F","Card",680.2
2023-01-25,"Lyon Part-Dieu","Seller_5","Accessories",568.82,3,42,"F","Card",1706.46
2023-08-16,"Nice Promenade","Seller_20","Accessories",1488.37,1,41,"F","Cash",1488.37
2023-10-23,"Paris Centre","Seller_11","Smartwatch",1198.76,1,28,"F","Check",1198.76
2023-11-04,"Toulouse Capitole","Seller_6","Tablet",1105.5,4,33,"F","Card",4422
2024-10-04,"Paris Centre","Seller_2","Smartphone",217.88,1,32,"F","Card",217.88
2024-04-30,"Toulouse Capitole","Seller_20","Tablet",1438.6,2,45,"F","Card",2877.2
2023-12-19,"Nice Promenade","Seller_5","Smartphone",239.66,2,22,"F","Card",479.32
2023-07-07,"Marseille Vieux-Port","Seller_18","Tablet",1154.53,1,16,"F","Card",1154.53
2024-04-22,"Paris Centre","Seller_22","Smartphone",562.05,2,54,"F","Check",1124.1
2023-06-05,"Marseille Vieux-Port","Seller_13","Earbuds",51.72,1,30,"F","Card",51.72
2023-04-29,"Nice Promenade","Seller_15","Tablet",1155.9,1,16,"M","Check",1155.9
2024-11-30,"Nice Promenade","Seller_18","Smartphone",620.49,1,54,"M","Check",620.49
2023-10-23,"Nice Promenade","Seller_14","Earbuds",790.46,2,44,"M","Card",1580.92
2024-01-28,"Toulouse Capitole","Seller_20","Earbuds",1262.61,1,44,"F","Card",1262.61
2024-02-03,"Marseille Vieux-Port","Seller_5","Smartphone",1360.26,1,16,"M","Cash",1360.26
2024-12-12,"Toulouse Capitole","Seller_9","Smartphone",184.44,1,43,"M","Card",184.44
2023-02-02,"Lyon Part-Dieu","Seller_12","Laptop",232.87,2,38,"M","Cash",465.74
2023-03-17,"Nice Promenade","Seller_4","Smartphone",1304.18,3,35,NA,"",3912.54
2023-11-11,"Nice Promenade","Seller_22","Laptop",698.88,1,53,"M","Card",698.88
2024-10-12,"Toulouse Capitole","Seller_1","Smartphone",380.8,2,39,"F","",761.6
2024-09-12,"Lyon Part-Dieu","Seller_19","Smartphone",878.22,1,49,"M","Cash",878.22
2024-06-02,"Toulouse Capitole","Seller_6","Earbuds",1228.14,1,53,"F","Card",1228.14
2024-06-17,"Lyon Part-Dieu","Seller_12","Earbuds",607.49,1,48,"F","Card",607.49
2023-06-06,"Lyon Part-Dieu","Seller_23","Accessories",1207.62,1,36,"M","Cash",1207.62
2023-05-04,"Toulouse Capitole","Seller_4","Earbuds",784.94,3,36,"M","Card",2354.82
2024-01-25,"Lyon Part-Dieu","Seller_17","Laptop",1229.07,1,34,"M","Cash",1229.07
2024-08-17,"Lyon Part-Dieu","Seller_9","Smartwatch",307.15,1,41,"M","Card",307.15
2024-04-17,"Nice Promenade","Seller_11","Laptop",822.64,1,34,"M","Card",822.64
2024-12-14,"Marseille Vieux-Port","Seller_3","Smartphone",742.29,2,40,"M","Card",1484.58
2023-04-04,"Lyon Part-Dieu","Seller_12","Tablet",1498.18,1,47,"F","Check",1498.18
2023-11-12,"Toulouse Capitole","Seller_19","Earbuds",1260,1,23,"M","Cash",1260
2023-10-18,"Lyon Part-Dieu","Seller_14","Laptop",1227.38,1,16,"M","Card",1227.38
2024-08-22,"Nice Promenade","Seller_24","Smartphone",269.59,1,21,"F","Cash",269.59
2023-03-21,"Paris Centre","Seller_16","Earbuds",1437.36,4,26,"M","Check",5749.44
2024-04-07,"Nice Promenade","Seller_8","Earbuds",530.97,2,47,"M","Cash",1061.94
2024-12-17,"Lyon Part-Dieu","Seller_2","Earbuds",1170.24,2,56,"M","Card",2340.48
2023-05-11,"Paris Centre","Seller_15","Tablet",840.18,1,35,"F","Card",840.18
2023-04-20,"Marseille Vieux-Port","Seller_9","Smartphone",64.25,1,39,"F","Card",64.25
2024-04-29,"Lyon Part-Dieu","Seller_6","Laptop",623.62,1,35,"M","Card",623.62
2024-04-26,"Toulouse Capitole","Seller_24","Smartphone",1417.34,2,29,"M","Card",2834.68
2023-08-08,"Marseille Vieux-Port","Seller_22","Smartphone",224.78,3,33,"F","Card",674.34
2023-07-12,"Marseille Vieux-Port","Seller_3","Tablet",64.35,3,46,"F","Card",193.05
2023-03-13,"Nice Promenade","Seller_25","Smartphone",602.35,1,19,NA,"Card",602.35
2024-12-28,"Lyon Part-Dieu","Seller_24","Laptop",1490.23,1,40,"M","Card",1490.23
2024-10-19,"Lyon Part-Dieu","Seller_17","Smartphone",1372.41,1,50,"F","Card",1372.41
2023-12-14,"Lyon Part-Dieu","Seller_17","Earbuds",63.66,2,23,NA,"Card",127.32
2024-10-12,"Paris Centre","Seller_19","Tablet",516.24,1,20,"F","Card",516.24
2024-02-05,"Toulouse Capitole","Seller_2","Tablet",1390.28,3,43,NA,"Card",4170.84
2023-07-13,"Toulouse Capitole","Seller_17","Smartphone",1356.28,1,33,"M","Card",1356.28
2024-11-14,"Nice Promenade","Seller_25","Laptop",437.45,1,28,"M","Check",437.45
2024-02-17,"Toulouse Capitole","Seller_5","Smartphone",375.28,1,45,"M","Card",375.28
2024-06-04,"Toulouse Capitole","Seller_25","Tablet",1331.27,1,46,"F","Check",1331.27
2023-08-31,"Nice Promenade","Seller_17","Earbuds",1181.71,3,40,"F","Card",3545.13
2023-09-03,"Nice Promenade","Seller_4","Smartwatch",330.03,5,27,"M","Check",1650.15
2024-06-13,"Nice Promenade","Seller_13","Tablet",1269.88,1,16,"F","Card",1269.88
2024-03-30,"Nice Promenade","Seller_24","Laptop",614.48,1,49,"M","Card",614.48
2024-03-24,"Toulouse Capitole","Seller_16","Tablet",465.66,1,32,"M","Card",465.66
2023-06-04,"Marseille Vieux-Port","Seller_18","Laptop",74.3,1,23,"M","Card",74.3
2023-11-29,"Lyon Part-Dieu","Seller_2","Laptop",958.6,1,16,"M","Check",958.6
2024-05-10,"Nice Promenade","Seller_8","Laptop",294.94,3,28,"F","Cash",884.82
2024-10-10,"Paris Centre","Seller_21","Laptop",312.97,2,30,"F","Card",625.94
2023-02-01,"Lyon Part-Dieu","Seller_21","Smartphone",442.46,1,49,"F","Card",442.46
2024-08-28,"Toulouse Capitole","Seller_9","Laptop",291.98,1,19,"F","Card",291.98
2024-10-29,"Paris Centre","Seller_7","Smartphone",588.98,1,37,"M","Card",588.98
2023-09-27,"Nice Promenade","Seller_24","Smartphone",215.42,1,46,"F","Card",215.42
2024-02-07,"Toulouse Capitole","Seller_15","Smartphone",370.15,1,20,"M","Card",370.15
2023-08-30,"Paris Centre","Seller_20","Laptop",57.21,1,35,"F","Card",57.21
2023-08-04,"Paris Centre","Seller_19","Tablet",1432.26,1,26,"F","Card",1432.26
2023-03-26,"Nice Promenade","Seller_23","Smartphone",81.62,1,40,NA,"Card",81.62
2023-09-14,"Paris Centre","Seller_2","Smartphone",860.31,3,34,"F","Card",2580.93
2023-03-24,"Lyon Part-Dieu","Seller_6","Earbuds",659.45,1,21,"F","",659.45
2023-08-01,"Lyon Part-Dieu","Seller_10","Laptop",195.62,1,28,"M","Card",195.62
2024-05-18,"Marseille Vieux-Port","Seller_11","Earbuds",699.22,1,31,"M","Card",699.22
2024-10-20,"Paris Centre","Seller_12","Tablet",426.2,1,46,"F","Cash",426.2
2023-10-22,"Paris Centre","Seller_2","Earbuds",92.14,1,37,"F","Card",92.14
2023-10-24,"Paris Centre","Seller_2","Smartphone",666.24,1,31,"M","Card",666.24
2023-01-12,"Nice Promenade","Seller_23","Laptop",963.25,2,36,"M","Card",1926.5
2023-03-04,"Lyon Part-Dieu","Seller_14","Smartphone",1281.97,1,37,NA,"Card",1281.97
2023-08-31,"Marseille Vieux-Port","Seller_25","Earbuds",1190.73,2,38,"M","Card",2381.46
2024-03-28,"Toulouse Capitole","Seller_15","Smartwatch",1381.08,1,47,"F","Card",1381.08
2023-03-22,"Paris Centre","Seller_4","Earbuds",962.02,1,27,"F","Card",962.02
2023-05-02,"Lyon Part-Dieu","Seller_15","Laptop",290.51,1,35,"M","Card",290.51
2023-10-23,"Nice Promenade","Seller_24","Smartwatch",739.29,1,40,"F","",739.29
2024-10-23,"Nice Promenade","Seller_17","Earbuds",619.68,1,40,"M","",619.68
2023-12-23,"Lyon Part-Dieu","Seller_16","Earbuds",636.35,3,33,"M","Card",1909.05
2023-12-25,"Toulouse Capitole","Seller_1","Tablet",494.28,1,16,"F","Cash",494.28
2024-11-11,"Nice Promenade","Seller_7","Earbuds",1407.37,2,50,"F","Card",2814.74
2023-12-10,"Lyon Part-Dieu","Seller_12","Smartphone",151.52,1,16,"M","Card",151.52
2023-06-17,"Lyon Part-Dieu","Seller_12","Smartphone",1339.27,4,30,"M","Card",5357.08
2023-05-06,"Lyon Part-Dieu","Seller_8","Laptop",718.01,1,39,"F","",718.01
2023-05-23,"Toulouse Capitole","Seller_7","Earbuds",387.28,1,30,"F","Check",387.28
2023-04-18,"Nice Promenade","Seller_6","Smartphone",97.94,2,31,NA,"Cash",195.88
2023-11-21,"Paris Centre","Seller_11","Laptop",269.94,2,35,NA,"Card",539.88
2024-02-21,"Toulouse Capitole","Seller_6","Earbuds",666.14,1,47,"F","Card",666.14
2024-08-07,"Paris Centre","Seller_23","Tablet",949.15,1,26,"M","Card",949.15
2023-03-19,"Paris Centre","Seller_16","Smartphone",716.67,2,22,"M","Card",1433.34
2024-03-14,"Toulouse Capitole","Seller_22","Smartphone",1190.6,1,16,"F","Card",1190.6
2023-08-14,"Nice Promenade","Seller_13","Tablet",290.32,5,19,"F","Card",1451.6
2023-03-30,"Paris Centre","Seller_17","Smartphone",1444.58,5,30,"F","Cash",7222.9
2023-06-23,"Paris Centre","Seller_9","Earbuds",768.54,1,29,"M","",768.54
2023-05-12,"Lyon Part-Dieu","Seller_6","Accessories",1177.43,1,29,"F","Card",1177.43
2024-07-30,"Toulouse Capitole","Seller_6","Laptop",290.54,2,16,"M","Cash",581.08
2023-04-28,"Marseille Vieux-Port","Seller_21","Laptop",667.65,4,44,"M","Card",2670.6
2024-06-05,"Marseille Vieux-Port","Seller_20","Earbuds",694.08,1,35,"M","",694.08
2023-12-10,"Nice Promenade","Seller_1","Accessories",544.43,1,34,"F","Check",544.43
2024-07-30,"Toulouse Capitole","Seller_16","Smartphone",325.01,1,26,"F","Card",325.01
2023-06-23,"Marseille Vieux-Port","Seller_13","Smartphone",1287.63,2,43,"F","Cash",2575.26
2023-07-31,"Toulouse Capitole","Seller_2","Tablet",432.5,2,34,"F","Cash",865
2023-03-12,"Toulouse Capitole","Seller_4","Earbuds",1060.73,2,27,"F","Card",2121.46
2024-10-17,"Lyon Part-Dieu","Seller_1","Laptop",973.83,1,33,"F","Card",973.83
2023-11-03,"Paris Centre","Seller_10","Smartphone",348.86,1,23,NA,"Card",348.86
2023-11-24,"Lyon Part-Dieu","Seller_4","Tablet",648.75,1,36,"F","Card",648.75
2024-08-19,"Paris Centre","Seller_3","Earbuds",569.47,1,26,"F","Card",569.47
2024-03-18,"Nice Promenade","Seller_18","Tablet",70.46,1,28,"F","Card",70.46
2023-06-19,"Marseille Vieux-Port","Seller_3","Tablet",186.16,2,50,NA,"Cash",372.32
2023-03-10,"Paris Centre","Seller_6","Laptop",1095.87,1,50,"M","Card",1095.87
2023-07-10,"Paris Centre","Seller_1","Laptop",988.08,2,41,"F","Card",1976.16
2024-08-18,"Nice Promenade","Seller_7","Laptop",79.61,3,51,NA,"Card",238.83
2023-12-06,"Paris Centre","Seller_16","Smartphone",327.93,1,16,"F","Card",327.93
2024-01-10,"Marseille Vieux-Port","Seller_5","Tablet",711.63,1,47,"M","Card",711.63
2024-02-27,"Toulouse Capitole","Seller_9","Earbuds",259.42,2,33,"F","Card",518.84
2023-06-14,"Marseille Vieux-Port","Seller_16","Laptop",533.69,1,49,"F","Card",533.69
2024-01-27,"Paris Centre","Seller_9","Accessories",910.1,1,31,"M","Card",910.1
2024-03-15,"Marseille Vieux-Port","Seller_4","Laptop",543.53,1,16,"M","Card",543.53
2024-06-02,"Nice Promenade","Seller_14","Tablet",403.8,1,27,"F","Cash",403.8
2023-09-16,"Nice Promenade","Seller_25","Tablet",1055.2,1,35,"M","Card",1055.2
2024-06-02,"Toulouse Capitole","Seller_20","Tablet",927.3,1,30,"F","",927.3
2023-02-28,"Marseille Vieux-Port","Seller_7","Tablet",667.96,3,31,"M","Card",2003.88
2024-05-26,"Marseille Vieux-Port","Seller_25","Smartwatch",854.77,1,37,"M","",854.77
2024-06-07,"Toulouse Capitole","Seller_23","Laptop",558.19,3,43,"M","Cash",1674.57
2024-08-12,"Toulouse Capitole","Seller_3","Laptop",831.72,3,41,"F","Card",2495.16
2023-01-13,"Nice Promenade","Seller_13","Laptop",549.91,2,26,"F","Card",1099.82
2024-07-24,"Paris Centre","Seller_21","Smartphone",782.57,2,51,"M","",1565.14
2023-01-09,"Paris Centre","Seller_17","Smartphone",436.2,2,43,"M","Card",872.4
2024-09-12,"Paris Centre","Seller_8","Laptop",647.9,3,29,"F","Card",1943.7
2024-06-17,"Lyon Part-Dieu","Seller_19","Tablet",1469.59,2,25,"F","Card",2939.18
2024-07-13,"Nice Promenade","Seller_5","Tablet",531.64,5,45,"M","Card",2658.2
2023-01-23,"Nice Promenade","Seller_6","Smartwatch",1060.22,1,34,"F","Card",1060.22
2024-01-10,"Nice Promenade","Seller_22","Smartwatch",975.44,1,28,"M","Card",975.44
2023-02-19,"Lyon Part-Dieu","Seller_8","Accessories",714.67,1,49,"M","Check",714.67
2023-10-21,"Marseille Vieux-Port","Seller_23","Laptop",535.1,1,51,"M","Card",535.1
2024-03-26,"Nice Promenade","Seller_19","Laptop",1421.71,1,50,"M","",1421.71
2023-08-31,"Paris Centre","Seller_24","Tablet",87.72,2,46,"F","Card",175.44
2023-12-07,"Nice Promenade","Seller_17","Smartphone",871.69,1,33,"M","Card",871.69
2023-06-13,"Toulouse Capitole","Seller_11","Laptop",483.08,1,33,"F","Card",483.08
2024-01-09,"Toulouse Capitole","Seller_7","Tablet",1281.51,2,16,"F","Card",2563.02
2024-08-16,"Toulouse Capitole","Seller_9","Smartwatch",1148.53,1,16,"F","Check",1148.53
2023-11-01,"Nice Promenade","Seller_17","Laptop",518.71,2,24,"F","Cash",1037.42
2023-10-25,"Paris Centre","Seller_5","Smartphone",688.21,3,37,"M","Card",2064.63
2023-10-04,"Paris Centre","Seller_21","Tablet",863.03,3,43,"F","Card",2589.09
2023-08-19,"Nice Promenade","Seller_24","Smartphone",1417.76,1,23,"M","",1417.76
2024-10-14,"Nice Promenade","Seller_1","Laptop",333.03,2,42,NA,"Cash",666.06
2024-01-10,"Marseille Vieux-Port","Seller_22","Laptop",519.29,1,55,"F","Card",519.29
2023-05-03,"Marseille Vieux-Port","Seller_17","Laptop",1189.18,3,24,NA,"Card",3567.54
2024-08-28,"Paris Centre","Seller_22","Smartphone",1435.11,1,44,"F","Card",1435.11
2023-07-12,"Toulouse Capitole","Seller_21","Tablet",1017.19,2,33,"F","Card",2034.38
2024-06-17,"Marseille Vieux-Port","Seller_17","Laptop",1323.21,2,28,"F","Card",2646.42
2023-04-23,"Nice Promenade","Seller_21","Smartphone",114.62,1,16,"M","Card",114.62
2023-03-14,"Marseille Vieux-Port","Seller_19","Smartphone",648.42,1,45,"M","Card",648.42
2023-01-05,"Toulouse Capitole","Seller_11","Laptop",279.79,1,38,"M","Card",279.79
2023-01-27,"Toulouse Capitole","Seller_20","Earbuds",1125.02,2,31,"M","Card",2250.04
2023-03-06,"Lyon Part-Dieu","Seller_12","Laptop",453.8,1,36,"M","Card",453.8
2023-11-09,"Toulouse Capitole","Seller_2","Tablet",1256.1,2,23,"F","Card",2512.2
2023-04-15,"Lyon Part-Dieu","Seller_12","Earbuds",1281.73,3,31,"M","Card",3845.19
2024-07-20,"Marseille Vieux-Port","Seller_2","Tablet",224.38,2,40,"F","Card",448.76
2023-02-08,"Lyon Part-Dieu","Seller_21","Smartwatch",1299.78,2,39,"M","Card",2599.56
2023-01-20,"Toulouse Capitole","Seller_4","Smartphone",1028,1,29,"F","",1028
2023-09-25,"Lyon Part-Dieu","Seller_6","Accessories",185.61,2,38,"F","Card",371.22
2024-02-10,"Toulouse Capitole","Seller_4","Smartphone",347.88,1,40,"M","Card",347.88
2023-10-24,"Paris Centre","Seller_9","Smartphone",1277.6,3,49,"M","Cash",3832.8
2023-03-07,"Nice Promenade","Seller_22","Laptop",232.53,2,34,"M","",465.06
2024-05-13,"Lyon Part-Dieu","Seller_16","Laptop",679.22,1,29,"F","Card",679.22
2024-03-04,"Marseille Vieux-Port","Seller_22","Smartphone",827.83,1,31,"F","Card",827.83
2024-09-03,"Nice Promenade","Seller_17","Tablet",154.54,2,60,"F","Card",309.08
2023-03-10,"Marseille Vieux-Port","Seller_1","Smartphone",1438.6,3,27,"M","Check",4315.8
2023-03-11,"Toulouse Capitole","Seller_18","Laptop",292.33,1,29,"M","Card",292.33
2023-05-06,"Lyon Part-Dieu","Seller_25","Laptop",988.27,1,24,"F","Card",988.27
2024-03-11,"Paris Centre","Seller_17","Laptop",260.13,1,37,"F","Check",260.13
2024-04-27,"Toulouse Capitole","Seller_24","Laptop",1071.1,1,19,NA,"Cash",1071.1
2024-08-10,"Toulouse Capitole","Seller_23","Smartphone",131.7,1,57,"F","Check",131.7
2023-07-09,"Paris Centre","Seller_22","Laptop",1428.63,1,37,"F","Card",1428.63
2023-02-10,"Paris Centre","Seller_17","Tablet",1317.15,1,32,"F","Card",1317.15
2023-03-03,"Paris Centre","Seller_18","Smartphone",1216.15,1,28,NA,"Card",1216.15
2024-01-17,"Lyon Part-Dieu","Seller_23","Tablet",815.25,1,25,"M","Check",815.25
2024-04-30,"Nice Promenade","Seller_6","Tablet",1204.98,1,42,NA,"Card",1204.98
2023-06-20,"Lyon Part-Dieu","Seller_19","Smartphone",322.37,1,20,"M","Card",322.37
2023-06-10,"Marseille Vieux-Port","Seller_11","Laptop",637.76,4,36,"M","Check",2551.04
2023-07-10,"Paris Centre","Seller_15","Tablet",742.87,1,27,"M","Card",742.87
2023-02-15,"Paris Centre","Seller_11","Accessories",843.93,1,40,"F","Cash",843.93
2024-12-17,"Toulouse Capitole","Seller_17","Smartphone",802.23,2,37,"M","Card",1604.46
2023-09-06,"Marseille Vieux-Port","Seller_22","Smartphone",1498.91,1,23,NA,"Cash",1498.91
2023-12-28,"Nice Promenade","Seller_20","Earbuds",1279.72,1,29,"M","Card",1279.72
2023-10-07,"Paris Centre","Seller_16","Laptop",1474.37,3,28,"M","Card",4423.11
2023-04-21,"Marseille Vieux-Port","Seller_10","Tablet",557.62,2,29,"M","Card",1115.24
2024-04-18,"Toulouse Capitole","Seller_25","Smartphone",202.4,3,26,"M","Card",607.2
2024-08-20,"Toulouse Capitole","Seller_10","Accessories",655.35,1,34,NA,"",655.35
2023-12-02,"Paris Centre","Seller_22","Laptop",1325.21,2,24,"M","Check",2650.42
2024-11-13,"Lyon Part-Dieu","Seller_16","Earbuds",501.79,1,41,"M","Card",501.79
2024-03-28,"Nice Promenade","Seller_25","Tablet",1080.36,1,36,"F","Card",1080.36
2023-10-22,"Toulouse Capitole","Seller_11","Smartphone",1151.27,2,49,"F","Cash",2302.54
2024-01-13,"Toulouse Capitole","Seller_16","Tablet",575.19,1,39,"F","Card",575.19
2023-02-23,"Paris Centre","Seller_17","Laptop",603.7,1,40,"F","Card",603.7
2024-02-09,"Marseille Vieux-Port","Seller_23","Smartphone",1303.14,1,34,NA,"Card",1303.14
2024-06-02,"Marseille Vieux-Port","Seller_6","Tablet",998.27,2,50,"M","Card",1996.54
2024-12-11,"Nice Promenade","Seller_23","Smartphone",711.11,1,53,"M","Cash",711.11
2024-01-23,"Toulouse Capitole","Seller_7","Tablet",271.61,1,16,"F","Cash",271.61
2023-08-06,"Lyon Part-Dieu","Seller_15","Laptop",1268.99,2,33,"F","Card",2537.98
2024-06-05,"Lyon Part-Dieu","Seller_24","Smartphone",646.8,1,38,"F","Cash",646.8
2024-06-09,"Toulouse Capitole","Seller_16","Laptop",705.19,1,21,"F","",705.19
2024-01-13,"Nice Promenade","Seller_4","Smartphone",223.75,3,42,NA,"Card",671.25
2024-02-19,"Nice Promenade","Seller_10","Laptop",736.72,1,32,"F","Cash",736.72
2023-10-17,"Nice Promenade","Seller_2","Tablet",126.11,1,45,"F","Card",126.11
2024-02-09,"Lyon Part-Dieu","Seller_20","Laptop",855.16,1,28,"M","Card",855.16
2023-10-11,"Marseille Vieux-Port","Seller_2","Smartwatch",495.2,2,49,"F","Cash",990.4
2024-02-01,"Toulouse Capitole","Seller_8","Accessories",634.78,1,40,"M","Cash",634.78
2024-09-19,"Paris Centre","Seller_17","Tablet",894.37,1,31,"F","Card",894.37
2024-03-21,"Toulouse Capitole","Seller_4","Laptop",1145.78,2,21,"F","",2291.56
2024-04-21,"Toulouse Capitole","Seller_16","Laptop",593.07,1,47,"F","Card",593.07
2023-01-31,"Lyon Part-Dieu","Seller_23","Smartphone",1278.5,2,25,"M","Cash",2557
2024-03-19,"Marseille Vieux-Port","Seller_9","Tablet",1455.28,1,30,"M","Check",1455.28
2023-04-20,"Marseille Vieux-Port","Seller_20","Tablet",430.74,2,33,NA,"Card",861.48
2024-08-24,"Marseille Vieux-Port","Seller_11","Laptop",639.5,2,43,"F","Card",1279
2024-09-26,"Paris Centre","Seller_14","Laptop",1266.18,4,60,"M","Cash",5064.72
2023-01-17,"Marseille Vieux-Port","Seller_14","Smartphone",1187.03,1,18,"M","Card",1187.03
2024-02-12,"Lyon Part-Dieu","Seller_18","Smartphone",1452.56,1,16,"M","Card",1452.56
2023-07-19,"Lyon Part-Dieu","Seller_18","Tablet",498.76,2,45,"F","Card",997.52
2024-12-30,"Nice Promenade","Seller_14","Smartphone",271.33,2,26,"M","Card",542.66
2023-08-20,"Lyon Part-Dieu","Seller_22","Laptop",138.61,2,23,"M","Cash",277.22
2023-03-08,"Lyon Part-Dieu","Seller_18","Smartwatch",919.49,1,22,NA,"Cash",919.49
2023-09-06,"Marseille Vieux-Port","Seller_14","Laptop",549.4,3,34,"F","Card",1648.2
2024-08-28,"Lyon Part-Dieu","Seller_22","Laptop",379.87,1,29,"F","Card",379.87
2024-02-02,"Nice Promenade","Seller_12","Earbuds",655.94,2,32,"M","Cash",1311.88
2024-06-16,"Marseille Vieux-Port","Seller_16","Smartphone",993.36,1,23,"F","",993.36
2023-12-17,"Toulouse Capitole","Seller_25","Smartphone",1077.62,1,42,"M","Card",1077.62
2024-05-10,"Toulouse Capitole","Seller_16","Smartphone",207.13,2,38,"M","Cash",414.26
2023-02-08,"Toulouse Capitole","Seller_2","Earbuds",625.4,4,24,"M","Card",2501.6
2024-10-06,"Nice Promenade","Seller_4","Smartphone",1261.12,1,39,NA,"Card",1261.12
2023-06-12,"Toulouse Capitole","Seller_3","Accessories",1170,1,42,"M","Card",1170
2023-10-07,"Marseille Vieux-Port","Seller_16","Smartphone",722.99,2,46,"M","Card",1445.98
2024-03-22,"Nice Promenade","Seller_19","Laptop",804.27,1,32,"M","Card",804.27
2023-12-24,"Lyon Part-Dieu","Seller_15","Smartphone",226.52,3,28,"M","Cash",679.56
2023-07-08,"Toulouse Capitole","Seller_19","Smartphone",211.24,1,30,"M","",211.24
2024-07-23,"Nice Promenade","Seller_5","Smartphone",555.09,4,39,"F","Card",2220.36
2024-08-13,"Marseille Vieux-Port","Seller_6","Smartphone",1312.88,1,45,"F","Card",1312.88
2024-04-17,"Marseille Vieux-Port","Seller_22","Smartphone",1397.76,1,43,"F","Card",1397.76
2023-05-20,"Toulouse Capitole","Seller_11","Smartphone",837.66,1,42,"M","",837.66
2023-12-07,"Nice Promenade","Seller_18","Smartphone",1223.58,2,53,"F","Card",2447.16
2024-03-19,"Marseille Vieux-Port","Seller_17","Smartphone",158.17,2,34,"M","",316.34
2024-05-12,"Marseille Vieux-Port","Seller_16","Laptop",569.94,1,36,"F","Cash",569.94
2024-08-09,"Lyon Part-Dieu","Seller_6","Laptop",722.58,1,27,"M","Check",722.58
2023-02-07,"Marseille Vieux-Port","Seller_17","Tablet",1055.81,1,35,"M","Cash",1055.81
2023-02-22,"Marseille Vieux-Port","Seller_1","Laptop",1309.77,1,19,"F","Card",1309.77
2024-01-02,"Nice Promenade","Seller_6","Laptop",1408.2,1,28,"F","Card",1408.2
2023-03-24,"Paris Centre","Seller_16","Tablet",1457.98,1,18,"F","Cash",1457.98
2023-03-19,"Paris Centre","Seller_10","Laptop",846.7,4,65,NA,"Check",3386.8
2024-08-31,"Nice Promenade","Seller_2","Earbuds",573.23,4,36,"M","Card",2292.92
2024-09-16,"Lyon Part-Dieu","Seller_18","Earbuds",415.52,3,31,"F","Card",1246.56
2023-09-10,"Toulouse Capitole","Seller_15","Smartphone",665.27,1,19,"M","Cash",665.27
2024-02-23,"Paris Centre","Seller_17","Laptop",715.62,1,46,NA,"Card",715.62
2024-11-29,"Lyon Part-Dieu","Seller_3","Earbuds",345,1,21,NA,"Cash",345
2024-10-02,"Lyon Part-Dieu","Seller_20","Accessories",818.2,2,28,"F","Card",1636.4
2023-08-13,"Marseille Vieux-Port","Seller_11","Tablet",327.79,3,19,"F","Card",983.37
2024-02-14,"Lyon Part-Dieu","Seller_4","Smartphone",1113.16,1,36,"F","Card",1113.16
2024-04-20,"Lyon Part-Dieu","Seller_10","Laptop",938.53,4,29,"M","Cash",3754.12
2023-12-13,"Lyon Part-Dieu","Seller_6","Smartwatch",1420.91,2,35,"M","Card",2841.82
2024-11-05,"Paris Centre","Seller_11","Smartphone",984.43,2,41,"M","Card",1968.86
2024-09-15,"Lyon Part-Dieu","Seller_25","Tablet",1255.85,1,50,NA,"Card",1255.85
2023-08-27,"Toulouse Capitole","Seller_2","Tablet",1461.43,3,51,"M","Cash",4384.29
2024-01-31,"Lyon Part-Dieu","Seller_5","Accessories",524.15,1,36,"F","Check",524.15
2024-12-18,"Lyon Part-Dieu","Seller_17","Tablet",632.84,1,38,NA,"Card",632.84
2024-06-17,"Marseille Vieux-Port","Seller_8","Tablet",451.64,1,38,"M","Card",451.64
2024-11-08,"Paris Centre","Seller_9","Smartphone",805.9,1,57,"M","Check",805.9
2023-02-13,"Nice Promenade","Seller_24","Smartphone",435.05,1,33,"F","Check",435.05
2023-03-18,"Nice Promenade","Seller_17","Tablet",1219.16,1,16,"M","",1219.16
2023-05-15,"Paris Centre","Seller_15","Earbuds",1310.82,1,54,"M","Card",1310.82
2024-07-29,"Toulouse Capitole","Seller_4","Earbuds",388.41,2,20,"M","Cash",776.82
2024-10-25,"Toulouse Capitole","Seller_2","Laptop",999.37,1,36,"F","Card",999.37
2024-08-20,"Lyon Part-Dieu","Seller_25","Accessories",1116.43,1,29,"F","Card",1116.43
2023-07-14,"Toulouse Capitole","Seller_8","Earbuds",922.75,1,33,"F","Cash",922.75
2023-04-23,"Nice Promenade","Seller_1","Tablet",1156.73,3,50,"M","Cash",3470.19
2024-04-21,"Nice Promenade","Seller_17","Tablet",786.73,2,30,"M","Cash",1573.46
2023-08-07,"Nice Promenade","Seller_13","Tablet",1391.1,1,33,"F","Cash",1391.1
2024-10-06,"Lyon Part-Dieu","Seller_9","Tablet",547.03,1,30,"M","Card",547.03
2024-12-02,"Lyon Part-Dieu","Seller_6","Laptop",127.91,1,16,"M","Card",127.91
2023-11-21,"Paris Centre","Seller_12","Laptop",54.71,1,39,"M","Card",54.71
2023-01-14,"Toulouse Capitole","Seller_2","Tablet",1269.33,1,35,"M","Check",1269.33
2024-06-22,"Paris Centre","Seller_19","Smartphone",1170.12,1,60,"F","Card",1170.12
2023-07-10,"Paris Centre","Seller_17","Accessories",1301.93,3,33,"M","",3905.79
2023-11-12,"Lyon Part-Dieu","Seller_24","Smartphone",55.68,1,26,"F","Card",55.68
2023-07-29,"Nice Promenade","Seller_17","Tablet",875.53,1,52,"F","Card",875.53
2024-12-29,"Nice Promenade","Seller_15","Smartphone",97.91,3,30,"F","Card",293.73
2023-10-18,"Toulouse Capitole","Seller_4","Smartphone",527.73,1,35,NA,"Cash",527.73
2023-03-31,"Paris Centre","Seller_21","Tablet",671.2,1,36,"F","Card",671.2
2023-03-07,"Paris Centre","Seller_23","Laptop",1335.31,2,18,"M","Card",2670.62
2023-01-02,"Nice Promenade","Seller_22","Laptop",798.73,1,34,"M","Card",798.73
2023-02-18,"Nice Promenade","Seller_3","Earbuds",332.27,1,24,"M","Cash",332.27
2024-12-07,"Nice Promenade","Seller_7","Smartphone",1470.56,2,32,"M","Card",2941.12
2024-12-11,"Paris Centre","Seller_15","Smartphone",1412.26,2,32,"M","Cash",2824.52
2024-07-19,"Lyon Part-Dieu","Seller_16","Tablet",1035.4,1,43,"M","Card",1035.4
2023-02-10,"Paris Centre","Seller_15","Accessories",678.57,4,26,"M","Card",2714.28
2023-03-17,"Marseille Vieux-Port","Seller_19","Smartphone",717.25,1,18,"F","Cash",717.25
2024-09-06,"Lyon Part-Dieu","Seller_19","Laptop",708.76,2,42,"F","Card",1417.52
2023-07-03,"Nice Promenade","Seller_3","Tablet",765.17,1,41,"M","Card",765.17
2023-01-30,"Toulouse Capitole","Seller_22","Smartphone",576.92,1,16,"F","",576.92
2023-10-28,"Nice Promenade","Seller_9","Tablet",1089.8,1,41,"M","Card",1089.8
2024-08-14,"Toulouse Capitole","Seller_4","Smartphone",966.66,1,41,"F","Card",966.66
2024-04-19,"Paris Centre","Seller_16","Tablet",1381.74,1,20,"M","",1381.74
2023-04-15,"Marseille Vieux-Port","Seller_3","Tablet",211.08,2,56,"F","Card",422.16
2023-03-05,"Nice Promenade","Seller_7","Earbuds",134.16,1,58,NA,"Card",134.16
2023-11-12,"Marseille Vieux-Port","Seller_11","Smartphone",382.31,1,29,"M","Card",382.31
2023-09-06,"Marseille Vieux-Port","Seller_12","Smartphone",1145.11,1,46,"F","Card",1145.11
2024-03-06,"Toulouse Capitole","Seller_14","Smartphone",1485.16,1,24,"F","Cash",1485.16
2023-05-22,"Lyon Part-Dieu","Seller_15","Laptop",420.6,2,29,NA,"Card",841.2
2024-05-29,"Nice Promenade","Seller_25","Earbuds",838.4,1,33,"M","Card",838.4
2023-12-05,"Lyon Part-Dieu","Seller_4","Laptop",1272.04,1,29,"M","Card",1272.04
2024-12-30,"Lyon Part-Dieu","Seller_20","Earbuds",276.1,1,38,"F","Card",276.1
2023-02-23,"Marseille Vieux-Port","Seller_24","Smartphone",1386.94,1,20,"F","Cash",1386.94
2023-01-17,"Paris Centre","Seller_2","Earbuds",1032.17,1,25,"F","Card",1032.17
2024-08-22,"Paris Centre","Seller_5","Smartphone",324.53,2,31,"F","Card",649.06
2024-10-16,"Paris Centre","Seller_1","Laptop",1381.71,2,16,"F","Card",2763.42
2024-10-22,"Paris Centre","Seller_13","Accessories",485.33,1,17,"F","Card",485.33
2023-04-02,"Lyon Part-Dieu","Seller_17","Smartphone",1281.13,1,49,"F","Card",1281.13
2023-05-10,"Nice Promenade","Seller_13","Tablet",698.96,1,48,"M","Card",698.96
2023-12-30,"Paris Centre","Seller_11","Smartphone",525.58,2,48,"F","Card",1051.16
2024-11-12,"Paris Centre","Seller_25","Laptop",142.29,1,29,"F","Card",142.29
2024-10-15,"Marseille Vieux-Port","Seller_17","Smartphone",520.61,1,47,"F","Card",520.61
2023-05-05,"Nice Promenade","Seller_16","Accessories",153.14,1,56,"M","Card",153.14
2023-12-16,"Nice Promenade","Seller_17","Earbuds",1409.7,1,29,"M","Check",1409.7
2023-05-31,"Nice Promenade","Seller_20","Smartphone",370.41,1,33,"M","Card",370.41
2024-12-17,"Marseille Vieux-Port","Seller_20","Smartphone",554.44,2,16,"F","Check",1108.88
2023-02-14,"Toulouse Capitole","Seller_10","Smartphone",57.46,1,44,"F","",57.46
2024-01-28,"Toulouse Capitole","Seller_22","Laptop",731.88,2,33,"F","Card",1463.76
2024-09-16,"Marseille Vieux-Port","Seller_14","Smartwatch",236.22,1,57,"M","Card",236.22
2023-10-18,"Toulouse Capitole","Seller_21","Smartphone",1099.99,2,42,"M","",2199.98
2024-10-13,"Lyon Part-Dieu","Seller_8","Smartwatch",1482.38,4,42,"M","Check",5929.52
2023-09-11,"Nice Promenade","Seller_15","Laptop",1215.91,2,33,"F","Card",2431.82
2023-08-06,"Toulouse Capitole","Seller_22","Laptop",106.87,1,39,"M","Card",106.87
2024-07-21,"Nice Promenade","Seller_2","Smartphone",1384.59,1,16,"M","Card",1384.59
2024-08-27,"Lyon Part-Dieu","Seller_25","Earbuds",824.99,2,23,"F","",1649.98
2023-04-23,"Lyon Part-Dieu","Seller_18","Tablet",572.3,1,32,"F","Card",572.3
2024-11-12,"Lyon Part-Dieu","Seller_21","Smartphone",809.26,1,16,NA,"Card",809.26
2024-02-14,"Lyon Part-Dieu","Seller_22","Earbuds",1449.07,1,33,"F","Card",1449.07
2023-07-15,"Nice Promenade","Seller_5","Laptop",147.03,1,32,"F","Card",147.03
2023-10-03,"Paris Centre","Seller_18","Smartphone",1440.06,1,19,"F","Check",1440.06
2024-05-03,"Nice Promenade","Seller_12","Smartphone",848.71,1,44,"F","Card",848.71
2024-09-22,"Marseille Vieux-Port","Seller_18","Laptop",726.93,2,30,"F","",1453.86
2024-10-20,"Marseille Vieux-Port","Seller_7","Accessories",105.98,1,45,"M","Cash",105.98
2023-03-26,"Nice Promenade","Seller_1","Smartphone",637.67,2,25,"M","Check",1275.34
2023-11-06,"Toulouse Capitole","Seller_23","Smartphone",302.38,1,44,"F","Cash",302.38
2024-03-08,"Nice Promenade","Seller_4","Earbuds",952.88,2,35,"F","Card",1905.76
2023-06-07,"Toulouse Capitole","Seller_8","Earbuds",538.23,1,26,"M","",538.23
2023-08-05,"Nice Promenade","Seller_8","Tablet",795.79,1,44,"F","Card",795.79
2023-01-16,"Lyon Part-Dieu","Seller_22","Smartphone",942.05,2,24,"F","Card",1884.1
2023-01-21,"Lyon Part-Dieu","Seller_21","Earbuds",583.02,1,16,"F","",583.02
2023-08-12,"Nice Promenade","Seller_2","Laptop",138.43,2,41,"M","Card",276.86
2024-05-26,"Marseille Vieux-Port","Seller_18","Tablet",987.86,2,54,"F","Card",1975.72
2023-10-28,"Toulouse Capitole","Seller_20","Earbuds",186.93,1,45,"F","Card",186.93
2024-01-13,"Toulouse Capitole","Seller_10","Laptop",1087.29,4,48,"M","Card",4349.16
2024-02-22,"Marseille Vieux-Port","Seller_18","Smartphone",1245.92,1,27,"F","Card",1245.92
2024-03-22,"Paris Centre","Seller_17","Laptop",68.74,1,26,"F","Cash",68.74
2024-05-19,"Paris Centre","Seller_3","Smartphone",754.6,4,34,"M","Card",3018.4
2023-06-29,"Lyon Part-Dieu","Seller_10","Smartphone",210.81,2,52,"M","Check",421.62
2024-03-25,"Marseille Vieux-Port","Seller_24","Smartphone",1436.12,2,44,"M","Cash",2872.24
2023-08-02,"Paris Centre","Seller_25","Earbuds",1344.64,2,37,"F","Card",2689.28
2023-02-14,"Marseille Vieux-Port","Seller_9","Earbuds",967.16,2,25,"F","Card",1934.32
2024-07-11,"Lyon Part-Dieu","Seller_14","Earbuds",1085.67,1,48,"M","Card",1085.67
2024-04-29,"Toulouse Capitole","Seller_21","Laptop",746.26,2,30,"F","Card",1492.52
2023-11-24,"Toulouse Capitole","Seller_19","Smartphone",1092.36,2,22,"M","Card",2184.72
2024-10-13,"Lyon Part-Dieu","Seller_1","Tablet",679.65,1,42,NA,"Check",679.65
2023-09-27,"Lyon Part-Dieu","Seller_15","Smartwatch",90.99,1,38,"F","Card",90.99
2023-07-27,"Marseille Vieux-Port","Seller_7","Smartphone",283.97,1,42,"M","Card",283.97
2023-03-12,"Marseille Vieux-Port","Seller_12","Smartphone",1450.8,1,18,"M","Card",1450.8
2023-06-28,"Marseille Vieux-Port","Seller_15","Smartphone",852.56,1,28,NA,"Card",852.56
2023-04-13,"Lyon Part-Dieu","Seller_11","Tablet",1168.36,1,27,"M","Card",1168.36
2024-11-27,"Lyon Part-Dieu","Seller_18","Smartphone",611.29,1,34,"M","Card",611.29
2024-04-15,"Toulouse Capitole","Seller_17","Smartphone",457.14,1,24,NA,"Card",457.14
2023-08-08,"Toulouse Capitole","Seller_18","Laptop",885.16,2,60,"F","Card",1770.32
2023-03-22,"Marseille Vieux-Port","Seller_21","Tablet",1423.28,4,34,"M","Card",5693.12
2024-12-13,"Marseille Vieux-Port","Seller_9","Tablet",377.38,1,20,NA,"Card",377.38
2023-11-12,"Nice Promenade","Seller_18","Laptop",1015.99,1,16,"M","Card",1015.99
2024-03-30,"Paris Centre","Seller_18","Tablet",993.32,1,20,"M","Card",993.32
2023-06-06,"Toulouse Capitole","Seller_17","Smartphone",945.48,1,46,"F","Card",945.48
2024-03-25,"Nice Promenade","Seller_8","Smartphone",786.21,1,49,"M","Check",786.21
2024-08-28,"Nice Promenade","Seller_21","Laptop",111.34,1,47,"F","Check",111.34
2023-03-04,"Marseille Vieux-Port","Seller_21","Tablet",449.11,1,38,"F","Card",449.11
2023-06-20,"Paris Centre","Seller_18","Tablet",142.92,2,30,"M","Card",285.84
2023-07-30,"Lyon Part-Dieu","Seller_21","Smartphone",180.99,1,32,"F","Check",180.99
2023-09-05,"Marseille Vieux-Port","Seller_11","Laptop",839.77,3,47,"M","Card",2519.31
2023-08-17,"Nice Promenade","Seller_6","Smartphone",562.18,1,43,"F","",562.18
2023-05-19,"Toulouse Capitole","Seller_18","Tablet",467.24,1,16,"M","Card",467.24
2023-07-03,"Nice Promenade","Seller_25","Tablet",354.82,3,50,"M","Card",1064.46
2024-05-25,"Marseille Vieux-Port","Seller_17","Tablet",923.53,1,19,"F","Card",923.53
2024-10-04,"Toulouse Capitole","Seller_15","Laptop",813.65,4,33,"M","Card",3254.6
2024-04-14,"Marseille Vieux-Port","Seller_21","Laptop",493.14,3,45,"F","Card",1479.42
2023-02-21,"Nice Promenade","Seller_5","Laptop",438.2,4,42,"F","Card",1752.8
2023-12-05,"Toulouse Capitole","Seller_9","Smartphone",679.04,1,44,"F","Cash",679.04
2023-10-18,"Marseille Vieux-Port","Seller_5","Tablet",917.39,1,52,"M","Card",917.39
2024-11-06,"Lyon Part-Dieu","Seller_15","Smartphone",115.34,1,32,NA,"Check",115.34
2023-03-01,"Nice Promenade","Seller_24","Earbuds",61.2,1,59,"F","Check",61.2
2024-01-05,"Toulouse Capitole","Seller_17","Laptop",549.4,3,16,"F","Card",1648.2
2024-11-21,"Lyon Part-Dieu","Seller_7","Accessories",1326.28,1,16,"M","Card",1326.28
2023-03-26,"Nice Promenade","Seller_3","Tablet",499.45,1,29,NA,"Card",499.45
2024-06-05,"Nice Promenade","Seller_7","Earbuds",827.06,1,25,"M","Card",827.06
2024-04-15,"Nice Promenade","Seller_11","Laptop",817.95,2,56,"F","Card",1635.9
2023-08-19,"Nice Promenade","Seller_17","Laptop",187.9,1,33,"F","Card",187.9
2023-02-13,"Toulouse Capitole","Seller_16","Earbuds",1117.45,1,44,"M","Card",1117.45
2023-03-02,"Marseille Vieux-Port","Seller_21","Smartphone",1452.75,1,46,"M","Check",1452.75
2023-08-25,"Paris Centre","Seller_14","Tablet",1060.25,1,44,"M","Card",1060.25
2024-12-22,"Nice Promenade","Seller_2","Smartwatch",311.74,1,16,NA,"Cash",311.74
2024-01-13,"Lyon Part-Dieu","Seller_10","Smartphone",1352.75,1,16,"F","Card",1352.75
2023-05-13,"Paris Centre","Seller_10","Smartphone",139.04,1,16,"F","Cash",139.04
2023-02-26,"Marseille Vieux-Port","Seller_13","Smartphone",602.53,1,16,"F","Check",602.53
2023-10-25,"Paris Centre","Seller_16","Earbuds",689.76,1,35,"M","Card",689.76
2023-11-17,"Paris Centre","Seller_3","Laptop",952.26,1,58,"F","Card",952.26
2024-06-08,"Lyon Part-Dieu","Seller_13","Accessories",89.94,1,44,"M","Cash",89.94
2023-03-26,"Marseille Vieux-Port","Seller_11","Laptop",1189.69,1,50,"F","Card",1189.69
2024-01-04,"Marseille Vieux-Port","Seller_7","Laptop",874.39,1,38,"M","Card",874.39
2024-08-17,"Paris Centre","Seller_17","Smartphone",77.07,1,35,"M","Cash",77.07
2024-11-04,"Toulouse Capitole","Seller_16","Earbuds",828.58,2,43,"M","Card",1657.16
2023-03-01,"Lyon Part-Dieu","Seller_17","Tablet",775.1,2,25,"M","Card",1550.2
2023-05-20,"Toulouse Capitole","Seller_3","Smartphone",981.05,2,30,"M","",1962.1
2023-02-09,"Paris Centre","Seller_8","Tablet",182.03,1,48,"M","Card",182.03
2023-10-31,"Lyon Part-Dieu","Seller_19","Tablet",1120.5,1,55,"M","Card",1120.5
2024-11-15,"Lyon Part-Dieu","Seller_8","Smartphone",1365.76,2,44,"M","Card",2731.52
2023-03-23,"Marseille Vieux-Port","Seller_20","Earbuds",256.67,2,37,"M","Card",513.34
2023-01-02,"Toulouse Capitole","Seller_25","Laptop",1006.45,1,46,"M","Card",1006.45
2024-09-05,"Paris Centre","Seller_7","Tablet",152.78,2,41,"M","Check",305.56
2023-08-04,"Paris Centre","Seller_24","Smartphone",1050.79,1,18,"M","Card",1050.79
2023-10-04,"Marseille Vieux-Port","Seller_13","Tablet",1159.23,2,31,"M","Card",2318.46
2023-05-18,"Lyon Part-Dieu","Seller_23","Smartphone",376.36,1,40,"F","Card",376.36
2023-10-22,"Marseille Vieux-Port","Seller_1","Laptop",267.07,1,25,"M","Card",267.07
2023-07-09,"Toulouse Capitole","Seller_9","Smartphone",527.16,2,43,"M","",1054.32
2024-09-03,"Marseille Vieux-Port","Seller_22","Smartphone",1265.28,1,23,"F","Cash",1265.28
2024-12-06,"Lyon Part-Dieu","Seller_23","Smartphone",783.51,1,34,"M","Card",783.51
2024-09-01,"Toulouse Capitole","Seller_5","Smartphone",1267.14,2,45,"F","Cash",2534.28
2023-06-09,"Nice Promenade","Seller_23","Smartphone",1263.49,1,16,"M","Card",1263.49
2024-08-13,"Toulouse Capitole","Seller_10","Earbuds",642.59,1,40,"M","Card",642.59
2024-01-25,"Nice Promenade","Seller_8","Earbuds",1325.35,3,21,NA,"Cash",3976.05
2023-12-21,"Lyon Part-Dieu","Seller_20","Laptop",162.11,1,36,"M","Card",162.11
2024-11-23,"Nice Promenade","Seller_7","Laptop",1119.31,1,32,"M","Card",1119.31
2024-07-15,"Paris Centre","Seller_9","Tablet",1181.82,1,22,"F","Card",1181.82
2023-06-10,"Lyon Part-Dieu","Seller_11","Laptop",820.12,1,25,NA,"Card",820.12
2024-03-23,"Marseille Vieux-Port","Seller_24","Smartphone",782.09,3,30,"F","Card",2346.27
2023-06-26,"Toulouse Capitole","Seller_3","Laptop",910.25,1,27,"F","Card",910.25
2024-10-05,"Paris Centre","Seller_14","Tablet",1021.03,1,42,"F","Card",1021.03
2023-08-15,"Paris Centre","Seller_7","Laptop",1416.6,3,27,"M","Cash",4249.8
2024-11-26,"Lyon Part-Dieu","Seller_20","Tablet",716.35,1,51,"F","Cash",716.35
2023-08-11,"Paris Centre","Seller_2","Smartphone",1355.23,1,29,"F","Card",1355.23
2023-04-02,"Toulouse Capitole","Seller_5","Laptop",484.62,1,16,"F","Card",484.62
2024-10-18,"Marseille Vieux-Port","Seller_25","Smartphone",190.37,2,41,"M","Cash",380.74
2023-01-05,"Nice Promenade","Seller_9","Smartphone",559.49,1,21,"F","Card",559.49
2024-05-03,"Toulouse Capitole","Seller_8","Smartphone",1427.03,1,32,"M","Check",1427.03
2024-03-01,"Lyon Part-Dieu","Seller_3","Smartphone",609.85,2,46,"M","Cash",1219.7
2024-05-31,"Marseille Vieux-Port","Seller_19","Smartphone",180.18,3,16,"F","Card",540.54
2023-12-28,"Toulouse Capitole","Seller_6","Earbuds",931.21,1,44,NA,"Check",931.21
2024-06-29,"Paris Centre","Seller_12","Smartphone",764.58,1,67,"F","Card",764.58
2024-07-03,"Lyon Part-Dieu","Seller_9","Smartphone",1060.77,1,27,NA,"Card",1060.77
2023-03-22,"Marseille Vieux-Port","Seller_25","Smartphone",878.29,1,17,"F","Card",878.29
2024-10-06,"Paris Centre","Seller_23","Laptop",219.68,1,25,"F","Card",219.68
2024-07-14,"Toulouse Capitole","Seller_25","Smartphone",756.6,2,37,"M","Card",1513.2
2024-03-08,"Paris Centre","Seller_16","Smartphone",682.28,1,23,"M","Card",682.28
2024-07-29,"Paris Centre","Seller_15","Earbuds",593.33,1,51,"M","Card",593.33
2023-04-22,"Paris Centre","Seller_4","Tablet",272.38,1,25,NA,"Card",272.38
2024-07-24,"Toulouse Capitole","Seller_1","Smartphone",88.15,1,29,"F","Card",88.15
2023-02-26,"Marseille Vieux-Port","Seller_9","Laptop",507.04,1,26,"F","",507.04
2023-06-22,"Marseille Vieux-Port","Seller_18","Laptop",387.7,1,26,"M","Cash",387.7
2024-08-11,"Nice Promenade","Seller_6","Laptop",1258.42,1,28,NA,"Cash",1258.42
2024-08-17,"Paris Centre","Seller_7","Tablet",458.82,1,43,NA,"Cash",458.82
2024-03-14,"Nice Promenade","Seller_21","Smartphone",604.92,1,25,"M","",604.92
2023-05-06,"Paris Centre","Seller_17","Accessories",1235.93,2,28,"F","Card",2471.86
2023-07-04,"Toulouse Capitole","Seller_12","Tablet",271.69,2,45,"F","Card",543.38
2023-12-05,"Paris Centre","Seller_9","Tablet",887.49,1,28,"M","Card",887.49
2023-01-18,"Nice Promenade","Seller_24","Laptop",1131.45,3,34,"F","Check",3394.35
2024-01-28,"Toulouse Capitole","Seller_3","Earbuds",1131.6,2,27,"M","Card",2263.2
2024-06-09,"Paris Centre","Seller_16","Laptop",548.18,1,50,"F","Cash",548.18
2023-03-09,"Paris Centre","Seller_6","Accessories",215.62,2,39,"M","Cash",431.24
2024-01-16,"Lyon Part-Dieu","Seller_16","Laptop",816.99,1,52,"M","Cash",816.99
2024-04-19,"Nice Promenade","Seller_12","Tablet",891.47,2,40,"M","Cash",1782.94
2023-10-18,"Marseille Vieux-Port","Seller_7","Laptop",1290.28,1,27,"F","Card",1290.28
2023-03-07,"Paris Centre","Seller_20","Smartphone",403.74,1,42,"F","Card",403.74
2023-04-23,"Marseille Vieux-Port","Seller_21","Laptop",217.16,2,58,"M","Cash",434.32
2024-04-27,"Paris Centre","Seller_19","Earbuds",789.57,1,45,"F","Check",789.57
2024-11-26,"Marseille Vieux-Port","Seller_24","Smartwatch",301.55,2,31,"M","Card",603.1
2023-01-12,"Paris Centre","Seller_16","Tablet",1356.63,1,54,"M","Card",1356.63
2023-06-03,"Paris Centre","Seller_19","Laptop",1349.98,3,54,"M","Card",4049.94
2023-07-30,"Nice Promenade","Seller_15","Smartphone",360.76,1,45,"M","Card",360.76
2024-06-14,"Marseille Vieux-Port","Seller_12","Smartphone",393.05,1,17,"F","Card",393.05
2024-04-13,"Toulouse Capitole","Seller_9","Laptop",170.97,1,19,"F","Card",170.97
2023-05-16,"Marseille Vieux-Port","Seller_24","Smartphone",414.86,2,42,"F","Card",829.72
2023-08-27,"Nice Promenade","Seller_25","Laptop",745.65,1,26,"M","Cash",745.65
2023-08-22,"Toulouse Capitole","Seller_19","Smartphone",655.98,2,27,"M","Card",1311.96
2023-09-06,"Nice Promenade","Seller_12","Laptop",368.11,1,46,"F","Card",368.11
2023-06-07,"Nice Promenade","Seller_6","Earbuds",94.11,1,21,"F","Card",94.11
2024-08-17,"Lyon Part-Dieu","Seller_1","Earbuds",483.53,1,48,"M","Card",483.53
2023-08-31,"Lyon Part-Dieu","Seller_13","Smartphone",127.52,1,16,"M","Card",127.52
2023-11-30,"Toulouse Capitole","Seller_25","Smartphone",1097,3,27,"F","Cash",3291
2023-04-15,"Nice Promenade","Seller_16","Tablet",1077,1,21,"F","Card",1077
2023-10-20,"Nice Promenade","Seller_5","Earbuds",1180.5,2,35,"F","Card",2361
2024-02-25,"Toulouse Capitole","Seller_2","Laptop",457.15,1,47,"M","Check",457.15
2023-05-25,"Lyon Part-Dieu","Seller_9","Earbuds",1205.63,3,41,"M","Card",3616.89
2024-08-26,"Marseille Vieux-Port","Seller_4","Smartphone",893.41,1,38,"F","Card",893.41
2023-06-09,"Nice Promenade","Seller_17","Tablet",803.81,2,21,"M","Card",1607.62
2023-12-02,"Marseille Vieux-Port","Seller_19","Smartphone",232.25,1,20,NA,"Card",232.25
2024-07-03,"Marseille Vieux-Port","Seller_4","Laptop",116.97,1,51,"M","Card",116.97
2023-08-27,"Paris Centre","Seller_9","Smartwatch",1021.48,1,30,"F","Card",1021.48
2024-02-14,"Marseille Vieux-Port","Seller_8","Smartphone",1498.75,1,23,"F","Card",1498.75
2023-12-23,"Nice Promenade","Seller_25","Smartphone",881.54,1,40,"M","Cash",881.54
2024-05-12,"Paris Centre","Seller_5","Laptop",1061.34,2,52,"F","Cash",2122.68
2023-10-20,"Lyon Part-Dieu","Seller_4","Laptop",898.58,2,37,"F","Card",1797.16
2024-10-02,"Lyon Part-Dieu","Seller_4","Earbuds",218.55,1,18,"M","Card",218.55
2024-08-17,"Marseille Vieux-Port","Seller_5","Earbuds",1450.24,1,43,"M","Card",1450.24
2024-02-13,"Nice Promenade","Seller_24","Tablet",1355.87,1,38,"F","Card",1355.87
2023-12-14,"Marseille Vieux-Port","Seller_5","Earbuds",791.96,1,29,"F","Card",791.96
2024-12-17,"Toulouse Capitole","Seller_7","Smartphone",205.42,1,16,"M","Card",205.42
2024-07-16,"Lyon Part-Dieu","Seller_25","Laptop",975.53,1,40,"M","Card",975.53
2024-01-31,"Marseille Vieux-Port","Seller_9","Laptop",1437.76,2,56,"M","Card",2875.52
2024-06-25,"Toulouse Capitole","Seller_10","Earbuds",739.89,2,54,"F","Check",1479.78
2023-03-20,"Paris Centre","Seller_7","Laptop",1289.7,1,17,"M","Cash",1289.7
2024-12-30,"Paris Centre","Seller_21","Earbuds",546,1,46,"F","Card",546
2024-04-18,"Nice Promenade","Seller_25","Earbuds",811.16,1,34,"F","Card",811.16
2023-02-12,"Lyon Part-Dieu","Seller_1","Tablet",366.39,1,34,NA,"Card",366.39
2024-08-19,"Lyon Part-Dieu","Seller_1","Smartphone",398.6,1,31,"M","Cash",398.6
2023-12-20,"Toulouse Capitole","Seller_11","Tablet",112,1,28,"F","Card",112
2024-10-24,"Nice Promenade","Seller_19","Tablet",266.14,1,49,"F","Card",266.14
2024-12-01,"Paris Centre","Seller_8","Smartphone",1210.27,1,33,"F","",1210.27
2024-02-23,"Lyon Part-Dieu","Seller_15","Accessories",169.35,1,16,"M","Card",169.35
2023-12-18,"Marseille Vieux-Port","Seller_10","Laptop",1102.54,1,39,"F","Check",1102.54
2023-04-05,"Paris Centre","Seller_20","Earbuds",678.91,3,43,"M","Card",2036.73
2024-06-21,"Marseille Vieux-Port","Seller_14","Tablet",1265.82,1,42,"M","Check",1265.82
2024-09-16,"Lyon Part-Dieu","Seller_18","Tablet",783.14,2,23,"F","Check",1566.28
2024-12-06,"Toulouse Capitole","Seller_4","Smartphone",1374.42,2,31,"F","Card",2748.84
2024-06-09,"Toulouse Capitole","Seller_20","Earbuds",602.62,1,34,"F","Card",602.62
2023-04-25,"Marseille Vieux-Port","Seller_25","Smartphone",966.22,5,41,"F","Card",4831.1
2023-12-01,"Marseille Vieux-Port","Seller_15","Smartwatch",302.99,1,23,"F","Cash",302.99
2024-04-14,"Toulouse Capitole","Seller_18","Smartphone",146.21,4,50,"F","Card",584.84
2023-05-27,"Marseille Vieux-Port","Seller_6","Smartphone",855.36,5,33,"F","Card",4276.8
2023-03-31,"Marseille Vieux-Port","Seller_4","Smartphone",1490.83,3,22,"F","Card",4472.49
2023-09-28,"Marseille Vieux-Port","Seller_14","Smartphone",1077.7,1,37,"M","Card",1077.7
2023-01-19,"Lyon Part-Dieu","Seller_2","Smartphone",545.1,1,44,"M","Check",545.1
2024-08-02,"Toulouse Capitole","Seller_13","Earbuds",893.62,1,24,NA,"Card",893.62
2023-02-11,"Lyon Part-Dieu","Seller_7","Smartwatch",82.75,1,45,"M","Card",82.75
2023-08-21,"Nice Promenade","Seller_16","Tablet",1296.75,3,31,NA,"Cash",3890.25
2024-11-01,"Nice Promenade","Seller_16","Laptop",71.51,2,38,"F","Card",143.02
2024-07-03,"Paris Centre","Seller_3","Laptop",319.19,2,39,"F","Card",638.38
2023-01-11,"Nice Promenade","Seller_22","Laptop",1362.32,2,32,"M","Card",2724.64
2023-02-12,"Marseille Vieux-Port","Seller_4","Tablet",941.01,2,36,"F","Card",1882.02
2023-09-22,"Nice Promenade","Seller_2","Tablet",330.62,1,50,"M","Card",330.62
2023-05-28,"Nice Promenade","Seller_11","Accessories",348.79,1,36,"F","",348.79
2023-06-17,"Lyon Part-Dieu","Seller_15","Tablet",702.43,3,18,"M","Card",2107.29
2023-09-16,"Lyon Part-Dieu","Seller_18","Earbuds",593.02,1,58,"F","Card",593.02
2023-01-06,"Lyon Part-Dieu","Seller_6","Laptop",455.37,1,48,"F","Card",455.37
2023-07-08,"Toulouse Capitole","Seller_19","Smartwatch",562.55,3,25,"F","Card",1687.65
2024-08-15,"Nice Promenade","Seller_8","Tablet",212.6,1,28,"F","Cash",212.6
2023-12-07,"Toulouse Capitole","Seller_14","Smartphone",421.91,1,21,"F","Cash",421.91
2024-11-08,"Paris Centre","Seller_20","Earbuds",1464.77,2,33,"M","Cash",2929.54
2023-08-03,"Marseille Vieux-Port","Seller_8","Smartphone",482.99,1,41,"M","Card",482.99
2023-02-18,"Nice Promenade","Seller_15","Earbuds",1344.15,1,33,"M","Card",1344.15
2024-11-19,"Lyon Part-Dieu","Seller_16","Earbuds",1410.12,3,16,"F","Card",4230.36
2023-01-23,"Nice Promenade","Seller_15","Earbuds",1164.35,4,40,"F","",4657.4
2024-04-15,"Nice Promenade","Seller_15","Earbuds",353.15,1,37,"M","Card",353.15
2023-12-17,"Marseille Vieux-Port","Seller_3","Smartwatch",65.71,1,16,"F","Card",65.71
2024-04-05,"Toulouse Capitole","Seller_8","Earbuds",1026.24,2,20,"F","Card",2052.48
2024-07-26,"Paris Centre","Seller_6","Laptop",679.61,2,18,"M","",1359.22
2024-11-21,"Toulouse Capitole","Seller_25","Earbuds",144.96,1,53,"M","Card",144.96
2024-01-02,"Marseille Vieux-Port","Seller_22","Smartphone",1453.24,3,35,"F","Card",4359.72
2023-04-26,"Lyon Part-Dieu","Seller_23","Tablet",928.2,1,50,"F","Card",928.2
2023-09-21,"Paris Centre","Seller_12","Tablet",1197.02,1,26,"F","Card",1197.02
2023-11-21,"Marseille Vieux-Port","Seller_6","Laptop",712.13,1,35,"F","Card",712.13
2024-02-22,"Lyon Part-Dieu","Seller_15","Laptop",655.99,1,41,"M","Cash",655.99
2023-08-10,"Toulouse Capitole","Seller_9","Earbuds",1119.01,2,26,"F","Cash",2238.02
2023-11-24,"Marseille Vieux-Port","Seller_15","Earbuds",73.43,2,45,"F","Card",146.86
2023-08-31,"Nice Promenade","Seller_5","Earbuds",427.09,3,33,"F","Card",1281.27
2024-05-13,"Marseille Vieux-Port","Seller_2","Smartwatch",1047.13,2,16,"M","Card",2094.26
2024-01-30,"Nice Promenade","Seller_1","Smartwatch",645.38,1,33,"M","Card",645.38
2024-01-14,"Paris Centre","Seller_8","Laptop",531.08,1,20,NA,"Card",531.08
2024-11-08,"Toulouse Capitole","Seller_1","Laptop",115.37,3,52,"F","Card",346.11
2024-01-27,"Toulouse Capitole","Seller_14","Earbuds",119.29,1,41,"F","Card",119.29
2023-05-07,"Nice Promenade","Seller_22","Tablet",185.1,2,44,"F","Card",370.2
2023-05-15,"Toulouse Capitole","Seller_21","Smartphone",1031.45,2,41,"M","Card",2062.9
2023-01-22,"Paris Centre","Seller_10","Earbuds",741.78,2,24,"F","Card",1483.56
2023-10-17,"Lyon Part-Dieu","Seller_15","Tablet",1201.66,4,40,NA,"Card",4806.64
2024-09-08,"Lyon Part-Dieu","Seller_6","Smartwatch",1239.87,3,59,"M","Cash",3719.61
2023-08-12,"Lyon Part-Dieu","Seller_22","Earbuds",967.33,4,38,"F","Card",3869.32
2024-01-19,"Marseille Vieux-Port","Seller_17","Smartphone",259.11,1,29,"M","Card",259.11
2023-02-24,"Nice Promenade","Seller_15","Smartphone",381.07,1,41,"M","Cash",381.07
2024-09-09,"Marseille Vieux-Port","Seller_5","Smartphone",1313.65,3,43,"M","Card",3940.95
2023-08-28,"Marseille Vieux-Port","Seller_6","Smartphone",234.94,1,24,"M","Card",234.94
2024-03-23,"Toulouse Capitole","Seller_11","Tablet",570.91,1,52,"M","Card",570.91
2024-01-24,"Lyon Part-Dieu","Seller_3","Smartphone",1060.16,1,35,"F","Check",1060.16
2024-04-19,"Marseille Vieux-Port","Seller_24","Smartphone",813.21,1,54,"M","Card",813.21
2023-11-20,"Lyon Part-Dieu","Seller_14","Smartphone",331.7,1,29,"F","Cash",331.7
2023-09-23,"Toulouse Capitole","Seller_6","Earbuds",258.99,2,22,"F","Card",517.98
2024-02-05,"Toulouse Capitole","Seller_8","Laptop",618.45,1,49,"F","Cash",618.45
2024-09-11,"Paris Centre","Seller_11","Laptop",428.34,1,37,"F","Card",428.34
2023-07-14,"Toulouse Capitole","Seller_23","Laptop",1188.84,1,31,"M","Cash",1188.84
2024-05-19,"Marseille Vieux-Port","Seller_1","Laptop",1245.76,2,23,"F","Card",2491.52
2024-11-02,"Toulouse Capitole","Seller_4","Tablet",875.98,1,49,"M","Cash",875.98
2023-02-26,"Paris Centre","Seller_21","Smartphone",1272.73,1,29,"F","Card",1272.73
2024-12-31,"Toulouse Capitole","Seller_9","Smartphone",1383.11,1,59,"F","Card",1383.11
2023-03-06,"Marseille Vieux-Port","Seller_24","Laptop",750.02,1,27,NA,"Card",750.02
2023-11-28,"Toulouse Capitole","Seller_4","Smartphone",1320.47,3,41,"M","Card",3961.41
2024-09-21,"Lyon Part-Dieu","Seller_11","Smartphone",734.93,1,38,"F","Card",734.93
2023-09-02,"Lyon Part-Dieu","Seller_10","Laptop",810.87,2,29,"F","Card",1621.74
2023-12-07,"Nice Promenade","Seller_25","Accessories",875.71,1,36,"F","Card",875.71
2024-06-07,"Marseille Vieux-Port","Seller_12","Earbuds",321.39,1,48,"M","Check",321.39
2024-12-11,"Toulouse Capitole","Seller_19","Laptop",1215.28,1,45,"M","Card",1215.28
2023-08-20,"Toulouse Capitole","Seller_15","Laptop",759.62,1,16,"M","Check",759.62
2023-02-05,"Nice Promenade","Seller_11","Tablet",644.65,1,32,"F","Card",644.65
2023-02-20,"Nice Promenade","Seller_8","Tablet",603.27,1,22,"M","Card",603.27
2023-12-26,"Marseille Vieux-Port","Seller_6","Smartphone",205.92,1,18,"M","Check",205.92
2024-07-10,"Marseille Vieux-Port","Seller_1","Smartphone",667.58,1,53,"M","Card",667.58
2023-10-02,"Nice Promenade","Seller_5","Smartphone",1429.42,1,34,"F","Card",1429.42
2023-05-05,"Paris Centre","Seller_16","Laptop",369.85,1,27,"F","Card",369.85
2024-08-15,"Paris Centre","Seller_24","Tablet",541.61,2,31,"F","Card",1083.22
2023-09-30,"Toulouse Capitole","Seller_18","Laptop",730.49,1,37,"M","Card",730.49
2024-05-24,"Paris Centre","Seller_8","Laptop",988.52,2,39,NA,"Card",1977.04
2024-07-16,"Paris Centre","Seller_15","Accessories",497.06,1,63,"F","Check",497.06
2024-11-18,"Marseille Vieux-Port","Seller_13","Tablet",124.67,2,23,"M","Card",249.34
2024-04-12,"Lyon Part-Dieu","Seller_18","Laptop",982.04,1,17,"M","Card",982.04
2023-09-25,"Toulouse Capitole","Seller_10","Smartphone",792.42,1,48,"M","Card",792.42
2024-10-06,"Lyon Part-Dieu","Seller_20","Earbuds",239.71,2,45,"M","Card",479.42
2024-08-16,"Toulouse Capitole","Seller_15","Laptop",654.07,2,22,NA,"Card",1308.14
2023-06-05,"Marseille Vieux-Port","Seller_11","Smartwatch",1049.05,2,46,"F","Card",2098.1
2024-12-14,"Lyon Part-Dieu","Seller_23","Tablet",250.87,2,48,"M","Check",501.74
2024-03-15,"Marseille Vieux-Port","Seller_1","Tablet",378.19,1,33,"F","Card",378.19
2023-10-16,"Nice Promenade","Seller_18","Tablet",813.97,1,17,"F","Cash",813.97
2024-09-12,"Paris Centre","Seller_24","Smartphone",830.14,1,43,"F","Card",830.14
2024-10-05,"Marseille Vieux-Port","Seller_22","Laptop",102.63,1,35,"F","Card",102.63
2023-04-18,"Lyon Part-Dieu","Seller_13","Smartphone",312.6,1,43,"M","Card",312.6
2023-04-04,"Marseille Vieux-Port","Seller_11","Laptop",851.97,4,51,"F","Card",3407.88
2023-12-13,"Nice Promenade","Seller_2","Tablet",1449.37,1,33,"F","Card",1449.37
2024-11-07,"Toulouse Capitole","Seller_22","Smartphone",319.69,2,26,"F","Card",639.38
2024-11-23,"Nice Promenade","Seller_22","Laptop",1040.67,1,53,"M","Card",1040.67
2024-12-07,"Nice Promenade","Seller_9","Smartphone",948.12,1,34,"M","Card",948.12
2024-09-23,"Marseille Vieux-Port","Seller_24","Laptop",267.82,2,39,"F","Card",535.64
2024-03-07,"Paris Centre","Seller_20","Tablet",770.45,1,31,"M","Card",770.45
2024-12-03,"Marseille Vieux-Port","Seller_16","Smartphone",NA,1,40,"M","Card",NA
2024-04-06,"Paris Centre","Seller_3","Smartphone",1459.38,1,54,NA,"Card",1459.38
2024-07-11,"Nice Promenade","Seller_4","Earbuds",606.33,1,26,"M","Card",606.33
2023-07-16,"Toulouse Capitole","Seller_1","Earbuds",1053.94,1,38,"F","Card",1053.94
2024-06-05,"Lyon Part-Dieu","Seller_5","Earbuds",1186.28,2,38,"M","Check",2372.56
2024-02-04,"Nice Promenade","Seller_6","Smartphone",538.16,1,28,"M","Cash",538.16
2024-03-12,"Toulouse Capitole","Seller_6","Smartphone",951.47,2,20,"M","Card",1902.94
2024-06-04,"Nice Promenade","Seller_24","Accessories",779.68,1,38,"M","Cash",779.68
2024-04-11,"Lyon Part-Dieu","Seller_12","Tablet",89.51,2,20,"F","Card",179.02
2023-04-23,"Marseille Vieux-Port","Seller_14","Laptop",785.81,2,21,"M","Card",1571.62
2023-03-09,"Nice Promenade","Seller_18","Earbuds",1260.56,3,36,"F","Card",3781.68
2024-07-17,"Lyon Part-Dieu","Seller_6","Earbuds",1404,1,44,"F","Cash",1404
2024-01-12,"Paris Centre","Seller_1","Smartwatch",265.76,3,43,"F","Card",797.28
2023-03-16,"Nice Promenade","Seller_6","Smartphone",1277.37,2,43,"F","Card",2554.74
2023-09-10,"Marseille Vieux-Port","Seller_16","Smartphone",714.01,1,21,"M","Check",714.01
2023-01-03,"Lyon Part-Dieu","Seller_3","Tablet",427.01,1,30,"M","Card",427.01
2024-03-15,"Nice Promenade","Seller_20","Earbuds",665.03,1,49,"M","Card",665.03
2024-02-07,"Marseille Vieux-Port","Seller_17","Accessories",688.33,1,51,NA,"Card",688.33
2024-03-03,"Paris Centre","Seller_14","Tablet",319.19,2,21,"M","Card",638.38
2023-09-16,"Marseille Vieux-Port","Seller_19","Tablet",940.5,1,34,"M","Card",940.5
2024-11-15,"Nice Promenade","Seller_24","Laptop",1268.45,1,24,"F","Check",1268.45
2024-10-05,"Nice Promenade","Seller_10","Earbuds",956.62,2,23,"M","Card",1913.24
2024-04-25,"Toulouse Capitole","Seller_23","Smartwatch",736.51,1,47,"F","Card",736.51
2023-01-28,"Nice Promenade","Seller_22","Tablet",1498.65,1,16,"M","Card",1498.65
2024-12-09,"Toulouse Capitole","Seller_4","Accessories",943.19,2,35,"F","Card",1886.38
2023-10-09,"Nice Promenade","Seller_19","Earbuds",692.83,1,43,"M","Card",692.83
2024-09-24,"Nice Promenade","Seller_20","Tablet",1055.3,1,49,"M","Card",1055.3
2023-12-29,"Lyon Part-Dieu","Seller_2","Tablet",600.34,2,18,"M","Cash",1200.68
2024-04-09,"Lyon Part-Dieu","Seller_9","Laptop",1088.68,2,23,"M","Card",2177.36
2023-05-15,"Toulouse Capitole","Seller_14","Smartphone",458.54,1,51,"M","",458.54
2023-07-14,"Paris Centre","Seller_7","Tablet",1145.49,1,21,"F","Card",1145.49
2024-04-01,"Toulouse Capitole","Seller_5","Accessories",584.7,5,37,"M","Card",2923.5
2024-01-26,"Paris Centre","Seller_2","Tablet",67.73,1,22,"M","Check",67.73
2024-04-27,"Toulouse Capitole","Seller_15","Tablet",455.67,1,33,"M","Card",455.67
2024-04-15,"Toulouse Capitole","Seller_22","Smartphone",1393.94,1,42,"F","Card",1393.94
2024-01-10,"Nice Promenade","Seller_24","Laptop",1158.42,1,40,NA,"Check",1158.42
2023-07-01,"Lyon Part-Dieu","Seller_22","Earbuds",942.48,3,26,"M","Card",2827.44
2023-01-19,"Paris Centre","Seller_9","Smartphone",1367.46,1,45,"F","Card",1367.46
2023-01-02,"Paris Centre","Seller_11","Earbuds",1003.18,3,40,NA,"Cash",3009.54
2023-02-09,"Nice Promenade","Seller_11","Tablet",412.83,1,37,"M","Card",412.83
2024-12-23,"Toulouse Capitole","Seller_10","Earbuds",396.02,3,39,"F","Card",1188.06
2023-03-14,"Marseille Vieux-Port","Seller_8","Laptop",628.92,1,25,"M","Card",628.92
2023-06-26,"Nice Promenade","Seller_8","Smartphone",1126.18,1,21,"M","Card",1126.18
2023-03-01,"Lyon Part-Dieu","Seller_20","Smartwatch",1027.03,2,35,"F","Cash",2054.06
2024-01-19,"Lyon Part-Dieu","Seller_5","Smartphone",1247.24,3,33,"F","Card",3741.72
2023-09-06,"Marseille Vieux-Port","Seller_18","Smartphone",NA,4,41,"F","Cash",NA
2023-02-03,"Marseille Vieux-Port","Seller_18","Earbuds",220.86,2,38,"F","Card",441.72
2024-02-17,"Marseille Vieux-Port","Seller_19","Accessories",1329.4,1,34,"F","Card",1329.4
2023-05-30,"Toulouse Capitole","Seller_17","Laptop",538.51,1,22,"F","Cash",538.51
2023-11-02,"Toulouse Capitole","Seller_5","Smartphone",282.38,1,36,"M","Cash",282.38
2023-02-14,"Marseille Vieux-Port","Seller_8","Laptop",261.62,2,35,NA,"Card",523.24
2023-08-24,"Nice Promenade","Seller_14","Laptop",1160.85,2,26,"M","Card",2321.7
2023-07-17,"Lyon Part-Dieu","Seller_6","Tablet",569.41,1,33,"M","Cash",569.41
2023-03-05,"Toulouse Capitole","Seller_18","Smartphone",1186.78,2,34,"M","Card",2373.56
2023-03-30,"Lyon Part-Dieu","Seller_10","Earbuds",474.8,2,44,"F","Card",949.6
2024-07-26,"Paris Centre","Seller_22","Earbuds",952.06,1,27,"F","Card",952.06
2024-01-28,"Nice Promenade","Seller_15","Smartphone",487.71,2,21,"M","Card",975.42
2023-07-07,"Marseille Vieux-Port","Seller_17","Accessories",1358.71,1,30,"F","Card",1358.71
2024-06-09,"Toulouse Capitole","Seller_22","Smartphone",109,1,26,"F","Card",109
2023-03-18,"Lyon Part-Dieu","Seller_13","Laptop",287.64,2,20,NA,"Card",575.28
2023-03-23,"Lyon Part-Dieu","Seller_25","Earbuds",1414.27,1,20,"F","Card",1414.27
2024-04-23,"Lyon Part-Dieu","Seller_20","Earbuds",454.41,2,16,"F","Card",908.82
2024-07-01,"Lyon Part-Dieu","Seller_20","Smartphone",99.45,2,31,"F","Card",198.9
2024-05-30,"Marseille Vieux-Port","Seller_14","Tablet",791.4,2,25,"M","",1582.8
2024-03-01,"Nice Promenade","Seller_13","Smartphone",1027.25,1,33,"M","Card",1027.25
2024-03-09,"Lyon Part-Dieu","Seller_15","Smartphone",415.71,1,46,"F","Check",415.71
2024-05-06,"Paris Centre","Seller_19","Laptop",1476.15,2,16,"F","Card",2952.3
2024-12-23,"Lyon Part-Dieu","Seller_1","Smartphone",1392.98,1,23,"F","Check",1392.98
2023-05-09,"Paris Centre","Seller_8","Laptop",668.6,4,26,"M","",2674.4
2024-02-24,"Paris Centre","Seller_4","Tablet",318.88,1,40,"F","Check",318.88
2023-12-27,"Nice Promenade","Seller_9","Laptop",941.92,1,18,"F","Card",941.92
2024-09-13,"Marseille Vieux-Port","Seller_13","Earbuds",1408.62,3,30,"M","Card",4225.86
2023-06-16,"Lyon Part-Dieu","Seller_18","Laptop",1280.39,1,27,"M","",1280.39
2023-03-15,"Nice Promenade","Seller_6","Smartphone",440.3,1,51,"F","Card",440.3
2024-08-03,"Paris Centre","Seller_3","Tablet",576.05,3,37,"F","Card",1728.15
2024-10-02,"Paris Centre","Seller_1","Tablet",1062.1,1,53,"F","Check",1062.1
2023-03-21,"Lyon Part-Dieu","Seller_2","Smartphone",1459.23,1,56,"F","Cash",1459.23
2024-05-30,"Nice Promenade","Seller_15","Smartphone",476.17,1,38,"M","Card",476.17
2023-12-26,"Nice Promenade","Seller_25","Smartphone",1288.11,1,26,"M","Card",1288.11
2023-08-30,"Toulouse Capitole","Seller_14","Smartphone",860.84,2,52,"F","Card",1721.68
2024-09-27,"Nice Promenade","Seller_2","Laptop",446.26,1,33,"M","Cash",446.26
2024-12-31,"Marseille Vieux-Port","Seller_19","Tablet",543.27,1,25,"M","Cash",543.27
2024-05-21,"Toulouse Capitole","Seller_10","Tablet",411.57,2,42,"F","Cash",823.14
2023-04-09,"Nice Promenade","Seller_19","Tablet",525.99,3,37,"F","Card",1577.97
2023-02-28,"Marseille Vieux-Port","Seller_12","Earbuds",174.44,1,53,"F","Card",174.44
2024-09-09,"Lyon Part-Dieu","Seller_11","Earbuds",1470.49,1,38,"M","Card",1470.49
2023-05-20,"Toulouse Capitole","Seller_11","Tablet",289.12,2,32,"F","Cash",578.24
2023-03-12,"Marseille Vieux-Port","Seller_17","Laptop",NA,1,54,"F","Card",NA
2023-12-16,"Nice Promenade","Seller_6","Accessories",457.72,1,48,NA,"Card",457.72
2023-01-19,"Lyon Part-Dieu","Seller_22","Tablet",1045.59,1,55,"M","Card",1045.59
2024-09-19,"Marseille Vieux-Port","Seller_18","Accessories",917.94,1,29,NA,"Card",917.94
2024-05-22,"Paris Centre","Seller_2","Laptop",203.45,1,29,"F","Check",203.45
2024-11-05,"Paris Centre","Seller_15","Earbuds",1391.03,1,32,"F","Cash",1391.03
2023-01-13,"Nice Promenade","Seller_22","Smartphone",175.89,1,68,"F","Cash",175.89
2023-10-30,"Paris Centre","Seller_18","Smartphone",76.91,1,23,"F","Card",76.91
2024-01-31,"Nice Promenade","Seller_6","Smartphone",517.2,1,39,"M","Card",517.2
2024-04-18,"Lyon Part-Dieu","Seller_9","Earbuds",1073.85,1,45,"M","Card",1073.85
2023-08-20,"Marseille Vieux-Port","Seller_22","Tablet",157.22,1,65,"M","Check",157.22
2024-06-19,"Lyon Part-Dieu","Seller_21","Laptop",1405.91,1,37,"M","Card",1405.91
2024-05-03,"Toulouse Capitole","Seller_18","Smartphone",624.4,2,17,"M","Card",1248.8
2024-12-04,"Marseille Vieux-Port","Seller_2","Smartphone",60.27,1,16,"F","Card",60.27
2023-06-16,"Paris Centre","Seller_15","Laptop",254.54,3,40,NA,"Cash",763.62
2023-11-08,"Paris Centre","Seller_9","Earbuds",1328.27,1,27,"M","Cash",1328.27
2024-02-05,"Lyon Part-Dieu","Seller_19","Laptop",605.1,2,41,"F","Card",1210.2
2024-02-01,"Paris Centre","Seller_7","Tablet",1190.19,1,31,"M","Card",1190.19
2024-06-28,"Toulouse Capitole","Seller_11","Smartphone",1161.68,2,43,"F","Card",2323.36
2023-04-28,"Lyon Part-Dieu","Seller_3","Accessories",1231.02,3,40,NA,"Card",3693.06
2023-07-10,"Paris Centre","Seller_4","Smartwatch",1183.98,1,41,NA,"Cash",1183.98
2024-03-10,"Nice Promenade","Seller_3","Smartphone",NA,1,51,"M","Card",NA
2024-07-13,"Lyon Part-Dieu","Seller_18","Tablet",584.78,1,30,"M","Cash",584.78
2024-02-06,"Marseille Vieux-Port","Seller_3","Smartphone",1197.14,3,46,"M","Card",3591.42
2024-09-14,"Paris Centre","Seller_21","Smartphone",1425.39,1,45,"M","Card",1425.39
2023-08-27,"Marseille Vieux-Port","Seller_10","Tablet",506.45,4,51,"F","Check",2025.8
2023-04-05,"Paris Centre","Seller_10","Smartphone",475.09,2,49,"F","Card",950.18
2024-05-16,"Toulouse Capitole","Seller_5","Smartphone",1117.07,3,39,"F","Card",3351.21
2024-03-13,"Nice Promenade","Seller_15","Accessories",1173.55,1,25,"F","Card",1173.55
2024-07-25,"Paris Centre","Seller_24","Tablet",567.03,1,35,"F","Check",567.03
2024-07-09,"Paris Centre","Seller_11","Tablet",1159.63,1,26,"F","Card",1159.63
2023-10-05,"Paris Centre","Seller_24","Smartphone",997.47,1,42,"M","Card",997.47
2024-08-26,"Nice Promenade","Seller_9","Earbuds",661.22,1,40,"F","Cash",661.22
2023-05-26,"Toulouse Capitole","Seller_4","Accessories",1173.87,1,41,"F","Card",1173.87
2023-02-05,"Paris Centre","Seller_6","Tablet",209.2,2,46,"F","Check",418.4
2023-10-17,"Paris Centre","Seller_4","Laptop",445.72,2,55,"M","Cash",891.44
2023-05-01,"Nice Promenade","Seller_23","Laptop",973.37,1,33,"M","Card",973.37
2024-12-12,"Lyon Part-Dieu","Seller_3","Accessories",1168.41,2,31,"M","Card",2336.82
2023-01-05,"Paris Centre","Seller_19","Tablet",1353.82,1,33,"M","Card",1353.82
2023-07-11,"Nice Promenade","Seller_15","Laptop",1220.16,1,46,"F","Card",1220.16
2024-05-26,"Paris Centre","Seller_19","Earbuds",127.24,1,44,"M","Cash",127.24
2024-07-23,"Marseille Vieux-Port","Seller_15","Smartwatch",562.96,4,53,"F","Card",2251.84
2024-12-08,"Nice Promenade","Seller_11","Smartphone",626.27,2,29,"M","Card",1252.54
2024-04-02,"Toulouse Capitole","Seller_3","Accessories",398.58,1,16,"M","Check",398.58
2024-03-11,"Paris Centre","Seller_5","Smartphone",1419.31,2,39,"F","Check",2838.62
2023-09-04,"Paris Centre","Seller_14","Tablet",708.52,1,42,"F","Card",708.52
2023-08-08,"Lyon Part-Dieu","Seller_12","Laptop",886.14,2,58,"M","Card",1772.28
2024-02-01,"Lyon Part-Dieu","Seller_10","Smartwatch",1199.66,2,29,NA,"Check",2399.32
2024-10-23,"Marseille Vieux-Port","Seller_19","Smartphone",1295.94,1,19,"M","Card",1295.94
2023-11-04,"Toulouse Capitole","Seller_5","Tablet",257.46,1,56,"M","Card",257.46
2024-01-06,"Nice Promenade","Seller_17","Accessories",1082.33,2,31,"F","Card",2164.66
2023-10-27,"Toulouse Capitole","Seller_14","Earbuds",1231.97,1,25,NA,"Card",1231.97
2024-12-19,"Marseille Vieux-Port","Seller_19","Accessories",520.98,1,16,"M","Check",520.98
2024-05-16,"Nice Promenade","Seller_6","Tablet",1310.78,1,22,"F","Card",1310.78
2023-02-07,"Paris Centre","Seller_7","Laptop",1039.45,1,17,"F","Cash",1039.45
2023-10-06,"Paris Centre","Seller_17","Laptop",1163.67,1,19,"M","Card",1163.67
2023-12-21,"Toulouse Capitole","Seller_23","Tablet",333.09,1,35,NA,"Card",333.09
2023-05-03,"Lyon Part-Dieu","Seller_14","Earbuds",960.63,1,43,"F","Cash",960.63
2024-12-20,"Marseille Vieux-Port","Seller_18","Earbuds",532.67,2,38,NA,"Check",1065.34
2024-08-26,"Toulouse Capitole","Seller_16","Tablet",913.24,1,26,NA,"Check",913.24
2023-10-29,"Toulouse Capitole","Seller_18","Smartphone",1466.99,1,16,"F","Card",1466.99
2023-01-08,"Marseille Vieux-Port","Seller_4","Smartphone",1443.82,1,39,"F","Card",1443.82
2023-05-27,"Toulouse Capitole","Seller_25","Smartphone",1455.17,2,41,"F","Card",2910.34
2023-06-29,"Toulouse Capitole","Seller_25","Laptop",1319.11,1,30,"M","Card",1319.11
2024-05-02,"Lyon Part-Dieu","Seller_12","Tablet",1382.83,4,16,"F","Card",5531.32
2023-07-23,"Marseille Vieux-Port","Seller_9","Smartphone",424.2,2,37,"M","Check",848.4
2023-06-21,"Marseille Vieux-Port","Seller_13","Tablet",917.14,2,39,"F","Card",1834.28
2024-04-13,"Nice Promenade","Seller_5","Laptop",926.33,1,26,"F","Cash",926.33
2024-09-05,"Paris Centre","Seller_1","Smartwatch",1204.25,3,57,"F","Cash",3612.75
2024-03-20,"Marseille Vieux-Port","Seller_25","Smartphone",1305.84,2,21,NA,"Card",2611.68
2023-04-23,"Marseille Vieux-Port","Seller_1","Earbuds",805.43,1,16,"M","Card",805.43
2023-08-05,"Marseille Vieux-Port","Seller_2","Tablet",464.94,1,49,NA,"Cash",464.94
2023-11-09,"Paris Centre","Seller_17","Smartwatch",1189.06,2,44,"F","Check",2378.12
2024-04-07,"Nice Promenade","Seller_18","Laptop",941.09,2,23,"F","Card",1882.18
2024-02-17,"Lyon Part-Dieu","Seller_16","Smartwatch",472.63,1,38,"M","Card",472.63
2023-06-03,"Lyon Part-Dieu","Seller_15","Accessories",1473.85,4,49,"F","Card",5895.4
2023-01-02,"Lyon Part-Dieu","Seller_20","Smartphone",378.8,3,35,"M","Check",1136.4
2024-06-14,"Lyon Part-Dieu","Seller_15","Laptop",1449.76,1,38,"M","Card",1449.76
2024-05-12,"Marseille Vieux-Port","Seller_24","Smartphone",499.71,2,40,"M","Card",999.42
2024-09-02,"Paris Centre","Seller_15","Earbuds",280.21,2,16,"F","Card",560.42
2023-07-24,"Lyon Part-Dieu","Seller_16","Tablet",764.55,1,21,"F","",764.55
2023-03-25,"Nice Promenade","Seller_25","Tablet",1267.57,1,51,"M","Check",1267.57
2024-09-03,"Paris Centre","Seller_13","Tablet",893.18,1,45,"F","Card",893.18
2023-05-02,"Nice Promenade","Seller_1","Tablet",145.39,1,38,"M","Check",145.39
2024-12-13,"Marseille Vieux-Port","Seller_7","Tablet",610.87,1,28,"M","Card",610.87
2024-11-27,"Toulouse Capitole","Seller_5","Accessories",1276.14,1,40,"M","Card",1276.14
2023-02-05,"Lyon Part-Dieu","Seller_18","Smartphone",1396.45,1,21,"F","Check",1396.45
2023-01-30,"Paris Centre","Seller_17","Smartphone",76.14,3,41,"F","Card",228.42
2024-07-09,"Toulouse Capitole","Seller_17","Laptop",458.26,1,33,"M","Card",458.26
2023-05-08,"Toulouse Capitole","Seller_7","Tablet",595.3,2,33,"M","Check",1190.6
2024-12-20,"Paris Centre","Seller_2","Laptop",309.09,4,33,"F","Cash",1236.36
2024-02-12,"Lyon Part-Dieu","Seller_24","Tablet",1312.16,2,51,"F","Check",2624.32
2024-12-05,"Nice Promenade","Seller_11","Tablet",190.91,3,40,"M","Card",572.73
2023-10-01,"Lyon Part-Dieu","Seller_6","Accessories",650.22,1,30,"F","Card",650.22
2023-05-09,"Marseille Vieux-Port","Seller_12","Smartphone",456.35,2,28,"F","Card",912.7
2023-12-21,"Paris Centre","Seller_12","Laptop",561.81,1,20,"F","Card",561.81
2024-01-28,"Lyon Part-Dieu","Seller_19","Earbuds",1047.05,1,29,NA,"Card",1047.05
2024-03-09,"Toulouse Capitole","Seller_18","Smartphone",1407.07,1,43,"M","",1407.07
2023-07-05,"Nice Promenade","Seller_13","Earbuds",92.61,1,24,"F","Card",92.61
2023-11-17,"Nice Promenade","Seller_24","Earbuds",605.42,1,53,"F","Cash",605.42
2024-01-16,"Toulouse Capitole","Seller_19","Laptop",1231.02,2,22,"M","Card",2462.04
2023-08-10,"Lyon Part-Dieu","Seller_12","Earbuds",971.95,1,21,"M","Card",971.95
2024-03-09,"Toulouse Capitole","Seller_6","Tablet",1034.34,1,25,"M","Cash",1034.34
2023-02-13,"Lyon Part-Dieu","Seller_23","Laptop",877.21,1,47,"M","Card",877.21
2023-02-09,"Paris Centre","Seller_7","Laptop",1320.73,1,47,"F","Card",1320.73
2023-01-22,"Nice Promenade","Seller_13","Smartphone",328.81,1,29,"F","Card",328.81
2024-08-20,"Nice Promenade","Seller_22","Tablet",530.43,1,44,"F","Card",530.43
2024-11-19,"Toulouse Capitole","Seller_19","Earbuds",477.83,1,49,"M","Cash",477.83
2024-11-24,"Lyon Part-Dieu","Seller_2","Laptop",935.46,1,25,"F","Cash",935.46
2023-04-10,"Toulouse Capitole","Seller_24","Smartphone",1253.47,1,46,"M","Card",1253.47
2024-06-15,"Toulouse Capitole","Seller_21","Tablet",1277.11,1,47,"F","Card",1277.11
2023-06-26,"Lyon Part-Dieu","Seller_11","Earbuds",614.94,1,16,"F","Card",614.94
2024-05-23,"Lyon Part-Dieu","Seller_6","Tablet",861.06,2,50,NA,"Card",1722.12
2023-01-22,"Paris Centre","Seller_18","Laptop",816.69,2,29,"F","Check",1633.38
2024-06-07,"Toulouse Capitole","Seller_12","Accessories",1014.33,1,33,NA,"",1014.33
2023-09-09,"Toulouse Capitole","Seller_16","Smartphone",1215,1,32,"M","Card",1215
2024-06-05,"Marseille Vieux-Port","Seller_11","Accessories",597.77,1,16,NA,"Card",597.77
2024-11-13,"Nice Promenade","Seller_4","Laptop",446.42,1,29,"M","Card",446.42
2023-08-10,"Marseille Vieux-Port","Seller_1","Earbuds",631.25,2,19,"F","Card",1262.5
2024-02-22,"Nice Promenade","Seller_20","Laptop",1194.02,1,39,"M","Card",1194.02
2024-11-26,"Lyon Part-Dieu","Seller_22","Tablet",151.54,1,40,NA,"",151.54
2024-03-20,"Marseille Vieux-Port","Seller_5","Tablet",536.92,1,46,"F","Card",536.92
2023-12-08,"Toulouse Capitole","Seller_12","Laptop",1217.25,1,40,"M","Card",1217.25
2024-03-05,"Toulouse Capitole","Seller_3","Tablet",199.94,1,43,"F","Card",199.94
2024-02-13,"Lyon Part-Dieu","Seller_23","Earbuds",484.33,1,32,"M","Card",484.33
2024-01-22,"Paris Centre","Seller_10","Smartphone",655.58,1,47,"M","Cash",655.58
2023-12-14,"Toulouse Capitole","Seller_10","Laptop",1358.77,1,66,"F","Card",1358.77
2024-10-05,"Nice Promenade","Seller_7","Smartwatch",151.23,2,39,"F","Cash",302.46
2023-12-24,"Paris Centre","Seller_5","Smartphone",234.91,3,40,"F","Card",704.73
2023-03-21,"Lyon Part-Dieu","Seller_6","Tablet",743.29,1,44,"M","Card",743.29
2024-10-18,"Nice Promenade","Seller_6","Smartphone",950.76,1,31,"F","Cash",950.76
2023-10-07,"Nice Promenade","Seller_10","Smartphone",1233.16,2,16,"F","Card",2466.32
2023-07-06,"Lyon Part-Dieu","Seller_20","Laptop",338.81,4,19,"F","Cash",1355.24
2024-06-25,"Nice Promenade","Seller_12","Tablet",1381.14,1,38,"M","Card",1381.14
2023-12-11,"Toulouse Capitole","Seller_19","Accessories",481.77,1,30,"F","Card",481.77
2023-01-07,"Lyon Part-Dieu","Seller_18","Smartwatch",1252.43,1,34,"F","Card",1252.43
2024-09-11,"Toulouse Capitole","Seller_7","Earbuds",586.41,1,30,NA,"Card",586.41
2024-12-09,"Toulouse Capitole","Seller_16","Accessories",975.67,3,20,"M","Card",2927.01
2023-03-01,"Nice Promenade","Seller_11","Smartphone",1231.69,1,38,"M","Card",1231.69
2023-06-02,"Toulouse Capitole","Seller_14","Laptop",310.39,1,16,"F","Card",310.39
2024-04-23,"Nice Promenade","Seller_21","Earbuds",728.55,3,45,"M","Card",2185.65
2024-08-04,"Paris Centre","Seller_19","Tablet",1434.38,1,19,NA,"Card",1434.38
2024-05-05,"Toulouse Capitole","Seller_2","Tablet",647.01,1,16,"M","Card",647.01
2024-02-05,"Lyon Part-Dieu","Seller_13","Earbuds",699.74,3,32,"M","Card",2099.22
2024-11-12,"Nice Promenade","Seller_21","Earbuds",388.62,1,41,"F","Cash",388.62
2024-05-29,"Marseille Vieux-Port","Seller_11","Earbuds",1465.87,2,37,"M","Cash",2931.74
2024-07-27,"Marseille Vieux-Port","Seller_8","Laptop",957.15,1,32,"F","Card",957.15
2024-03-04,"Lyon Part-Dieu","Seller_21","Laptop",241.98,1,33,"M","Card",241.98
2024-11-19,"Nice Promenade","Seller_22","Laptop",780.2,2,51,"F","Card",1560.4
2024-03-02,"Nice Promenade","Seller_19","Smartphone",1162.11,1,17,NA,"Card",1162.11
2023-03-01,"Paris Centre","Seller_14","Smartphone",77.96,3,42,"F","Card",233.88
2023-05-29,"Lyon Part-Dieu","Seller_13","Tablet",686.15,3,28,"M","Card",2058.45
2023-11-29,"Toulouse Capitole","Seller_18","Smartphone",989.8,2,53,"F","Card",1979.6
2023-03-02,"Paris Centre","Seller_19","Smartphone",956.52,3,18,NA,"Card",2869.56
2024-12-24,"Marseille Vieux-Port","Seller_25","Laptop",1410.08,1,40,"M","Card",1410.08
2023-03-25,"Marseille Vieux-Port","Seller_13","Tablet",402.15,1,28,"F","Card",402.15
2024-06-26,"Paris Centre","Seller_18","Tablet",1298.43,1,33,"F","Card",1298.43
2023-07-30,"Lyon Part-Dieu","Seller_22","Accessories",1053.07,1,29,"F","Card",1053.07
2024-01-03,"Nice Promenade","Seller_22","Laptop",1125.16,2,26,"F","Card",2250.32
2024-02-29,"Toulouse Capitole","Seller_23","Laptop",319.18,1,39,NA,"Card",319.18
2024-03-12,"Marseille Vieux-Port","Seller_1","Laptop",345.2,1,46,"M","Card",345.2
2024-03-16,"Toulouse Capitole","Seller_2","Laptop",1315.88,1,35,"M","Cash",1315.88
2024-12-02,"Paris Centre","Seller_14","Accessories",674.32,2,54,"M","Card",1348.64
2024-09-16,"Toulouse Capitole","Seller_16","Smartphone",378.66,2,16,"M","Card",757.32
2023-10-25,"Toulouse Capitole","Seller_11","Smartphone",1214.39,1,36,"M","Check",1214.39
2024-03-19,"Paris Centre","Seller_7","Smartphone",1361.1,1,43,"F","Card",1361.1
2024-11-28,"Lyon Part-Dieu","Seller_14","Laptop",276.52,1,42,NA,"Card",276.52
2024-04-04,"Nice Promenade","Seller_14","Tablet",932.35,2,35,"F","Cash",1864.7
2023-06-15,"Paris Centre","Seller_22","Smartphone",1191.42,1,42,"F","Check",1191.42
2024-10-18,"Marseille Vieux-Port","Seller_10","Tablet",310.68,2,29,"M","Card",621.36
2023-01-24,"Marseille Vieux-Port","Seller_12","Tablet",922.44,2,16,"M","Card",1844.88
2024-08-08,"Nice Promenade","Seller_17","Laptop",154.3,2,30,"M","Card",308.6
2024-04-11,"Toulouse Capitole","Seller_14","Laptop",794.42,3,26,"F","Card",2383.26
2023-10-25,"Paris Centre","Seller_3","Smartphone",693.45,1,36,"M","Card",693.45
2024-08-02,"Nice Promenade","Seller_19","Smartphone",163.74,1,33,"M","Card",163.74
2024-07-06,"Marseille Vieux-Port","Seller_10","Smartphone",473.26,2,33,"F","Card",946.52
2023-10-17,"Paris Centre","Seller_24","Smartphone",502.17,1,33,NA,"",502.17
2024-03-30,"Paris Centre","Seller_24","Laptop",696.56,2,33,"F","Card",1393.12
2023-12-18,"Paris Centre","Seller_23","Laptop",834.4,2,34,"F","Card",1668.8
2023-02-19,"Paris Centre","Seller_21","Laptop",1294.44,1,49,"F","Card",1294.44
2023-05-19,"Marseille Vieux-Port","Seller_15","Earbuds",369.3,1,46,"M","Check",369.3
2024-03-18,"Paris Centre","Seller_6","Laptop",355.87,4,37,"F","Card",1423.48
2023-08-09,"Paris Centre","Seller_4","Earbuds",355.58,1,55,"F","Check",355.58
2024-07-30,"Nice Promenade","Seller_8","Accessories",1436.85,1,39,NA,"Card",1436.85
2024-09-09,"Lyon Part-Dieu","Seller_20","Earbuds",181.79,1,28,"M","Card",181.79
2024-08-07,"Marseille Vieux-Port","Seller_16","Laptop",598.57,1,34,"F","Card",598.57
2023-07-14,"Nice Promenade","Seller_5","Laptop",472.37,1,39,"M","",472.37
2023-09-04,"Marseille Vieux-Port","Seller_7","Smartphone",234.54,2,44,"F","Card",469.08
2024-09-04,"Marseille Vieux-Port","Seller_9","Laptop",953.28,1,49,"M","Card",953.28
2023-05-14,"Paris Centre","Seller_16","Smartphone",186.29,1,34,NA,"Check",186.29
2023-02-12,"Paris Centre","Seller_23","Tablet",419.05,2,22,"M","Card",838.1
2024-02-26,"Marseille Vieux-Port","Seller_25","Accessories",907.56,3,39,NA,"Card",2722.68
2023-07-25,"Lyon Part-Dieu","Seller_8","Earbuds",667.43,2,47,"M","Cash",1334.86
2023-06-10,"Lyon Part-Dieu","Seller_20","Smartphone",457.13,3,16,"F","Card",1371.39
2023-10-02,"Marseille Vieux-Port","Seller_7","Smartphone",453.42,2,48,"F","Card",906.84
2024-01-25,"Paris Centre","Seller_19","Smartphone",152.99,1,29,"F","Card",152.99
2024-08-04,"Nice Promenade","Seller_9","Laptop",821.75,2,30,"F","Card",1643.5
2023-04-23,"Lyon Part-Dieu","Seller_22","Laptop",1360.79,4,39,"F","Card",5443.16
2023-04-30,"Paris Centre","Seller_16","Tablet",1344.21,4,31,"M","Card",5376.84
2023-03-09,"Lyon Part-Dieu","Seller_23","Laptop",74.29,2,36,"F","Card",148.58
2023-02-09,"Toulouse Capitole","Seller_12","Laptop",938.95,1,38,"M","Card",938.95
2024-04-22,"Nice Promenade","Seller_12","Smartphone",1332.4,1,26,"F","Check",1332.4
2024-05-01,"Paris Centre","Seller_21","Smartphone",327.04,2,43,"M","Cash",654.08
2024-08-07,"Paris Centre","Seller_14","Smartphone",374.23,1,32,"F","Card",374.23
2023-02-12,"Nice Promenade","Seller_11","Laptop",347.33,1,50,"M","Check",347.33
2023-05-25,"Marseille Vieux-Port","Seller_14","Laptop",224.09,1,28,"M","Card",224.09
2023-11-30,"Marseille Vieux-Port","Seller_12","Smartphone",1487.25,1,32,"F","Card",1487.25
2024-04-10,"Marseille Vieux-Port","Seller_16","Tablet",875.34,3,28,NA,"Card",2626.02
2023-11-04,"Lyon Part-Dieu","Seller_6","Laptop",315.25,1,39,"F","Card",315.25
2023-06-10,"Marseille Vieux-Port","Seller_18","Tablet",683.67,4,36,"M","Card",2734.68
2024-12-08,"Toulouse Capitole","Seller_9","Smartphone",153.76,1,35,"F","Check",153.76
2024-05-06,"Nice Promenade","Seller_1","Smartphone",1299.04,1,19,"M","Card",1299.04
2023-07-30,"Paris Centre","Seller_1","Smartphone",137.77,2,21,"F","Cash",275.54
2023-09-30,"Paris Centre","Seller_3","Smartphone",650.75,1,53,NA,"Cash",650.75
2023-08-22,"Toulouse Capitole","Seller_11","Smartphone",1004.75,1,27,"F","Cash",1004.75
2024-02-28,"Toulouse Capitole","Seller_15","Tablet",782.35,2,22,"M","Card",1564.7
2023-10-18,"Lyon Part-Dieu","Seller_19","Accessories",683.53,1,47,NA,"Cash",683.53
2023-08-15,"Nice Promenade","Seller_23","Smartphone",565.61,1,16,"F","Card",565.61
2024-08-24,"Lyon Part-Dieu","Seller_15","Laptop",345.42,2,59,"F","Card",690.84
2024-07-10,"Marseille Vieux-Port","Seller_3","Laptop",941.86,1,28,"M","",941.86
2023-02-06,"Toulouse Capitole","Seller_10","Smartwatch",215.06,2,34,"F","Card",430.12
2023-09-29,"Marseille Vieux-Port","Seller_19","Laptop",890.54,1,40,"F","Check",890.54
2023-03-08,"Nice Promenade","Seller_6","Tablet",1315.46,2,26,NA,"Card",2630.92
2023-05-26,"Lyon Part-Dieu","Seller_1","Laptop",530.89,2,16,"F","Card",1061.78
2024-03-25,"Lyon Part-Dieu","Seller_19","Tablet",596.02,2,23,"M","",1192.04
2023-08-26,"Paris Centre","Seller_18","Smartwatch",210.98,1,27,"M","Card",210.98
2023-10-05,"Nice Promenade","Seller_6","Laptop",264.83,1,36,"F","Card",264.83
2023-10-11,"Nice Promenade","Seller_19","Tablet",1103.95,2,16,NA,"Card",2207.9
2023-01-10,"Toulouse Capitole","Seller_18","Earbuds",168.62,1,46,"F","Card",168.62
2023-06-22,"Lyon Part-Dieu","Seller_6","Laptop",1480.35,1,22,"M","Card",1480.35
2024-06-29,"Toulouse Capitole","Seller_24","Laptop",430.42,3,28,"F","Card",1291.26
2024-04-09,"Paris Centre","Seller_16","Tablet",675.99,1,33,"F","Card",675.99
2024-08-06,"Marseille Vieux-Port","Seller_5","Laptop",903.02,2,45,"M","Card",1806.04
2024-06-13,"Paris Centre","Seller_20","Smartphone",892.39,3,40,"M","Card",2677.17
2024-05-08,"Marseille Vieux-Port","Seller_21","Tablet",607.11,1,38,"M","Card",607.11
2023-08-15,"Paris Centre","Seller_22","Earbuds",893.53,1,45,"F","Card",893.53
2024-09-16,"Lyon Part-Dieu","Seller_15","Laptop",997.6,1,36,NA,"Card",997.6
2024-11-01,"Lyon Part-Dieu","Seller_9","Smartphone",1468.44,1,23,"M","Check",1468.44
2024-06-14,"Lyon Part-Dieu","Seller_6","Laptop",512.35,1,34,"M","Card",512.35
2023-12-01,"Marseille Vieux-Port","Seller_16","Tablet",365.58,1,37,"M","Card",365.58
2023-12-01,"Nice Promenade","Seller_23","Smartphone",329.68,2,30,"M","Cash",659.36
2024-12-27,"Paris Centre","Seller_2","Laptop",470.22,1,38,NA,"Card",470.22
2023-06-19,"Marseille Vieux-Port","Seller_11","Smartphone",808.28,2,41,"F","Check",1616.56
2024-10-03,"Nice Promenade","Seller_6","Earbuds",487.25,2,30,"M","Card",974.5
2024-10-13,"Nice Promenade","Seller_22","Tablet",496.26,2,40,"M","Card",992.52
2023-03-20,"Marseille Vieux-Port","Seller_21","Laptop",566.2,5,49,"M","Card",2831
2024-09-09,"Paris Centre","Seller_12","Smartphone",1149.35,1,49,"M","Cash",1149.35
2023-04-19,"Nice Promenade","Seller_21","Smartphone",1263.92,1,46,"F","Card",1263.92
2023-09-29,"Marseille Vieux-Port","Seller_9","Smartphone",698.92,1,22,"M","Card",698.92
2023-12-03,"Paris Centre","Seller_9","Laptop",1163.81,1,23,"M","Cash",1163.81
2023-09-22,"Toulouse Capitole","Seller_9","Tablet",1375.74,1,47,"M","Card",1375.74
2023-11-22,"Lyon Part-Dieu","Seller_21","Earbuds",1324.74,1,33,"F","Card",1324.74
2023-12-31,"Lyon Part-Dieu","Seller_12","Smartphone",738.72,2,19,"M","Check",1477.44
2024-08-17,"Lyon Part-Dieu","Seller_20","Smartphone",653.11,1,34,"M","Card",653.11
2023-12-24,"Marseille Vieux-Port","Seller_14","Smartphone",204.05,1,38,"M","Card",204.05
2024-03-23,"Nice Promenade","Seller_14","Laptop",1416.7,1,33,"F","Card",1416.7
2023-05-29,"Marseille Vieux-Port","Seller_2","Laptop",354.14,1,39,"M","Check",354.14
2023-11-18,"Nice Promenade","Seller_12","Tablet",197.53,1,42,"F","Card",197.53
2024-04-25,"Paris Centre","Seller_14","Smartphone",1036.27,1,39,"M","Card",1036.27
2023-08-04,"Paris Centre","Seller_18","Smartphone",182.49,3,24,"M","Card",547.47
2023-05-12,"Toulouse Capitole","Seller_6","Smartphone",490.29,3,44,"M","Card",1470.87
2024-04-27,"Lyon Part-Dieu","Seller_25","Smartphone",534.82,2,27,"F","Check",1069.64
2024-11-20,"Nice Promenade","Seller_11","Smartphone",821.19,4,44,"F","Card",3284.76
2024-06-15,"Nice Promenade","Seller_19","Laptop",170.3,1,16,NA,"Card",170.3
2024-05-15,"Paris Centre","Seller_9","Laptop",684.83,1,33,NA,"Card",684.83
2024-05-09,"Marseille Vieux-Port","Seller_3","Accessories",1043.81,2,36,NA,"Card",2087.62
2024-08-21,"Toulouse Capitole","Seller_19","Laptop",87.55,1,27,"F","Card",87.55
2023-12-12,"Paris Centre","Seller_25","Smartphone",NA,1,38,"F","Cash",NA
2024-08-02,"Toulouse Capitole","Seller_22","Smartphone",1279.83,1,27,"M","Card",1279.83
2024-04-29,"Toulouse Capitole","Seller_16","Laptop",254.47,4,53,"M","Card",1017.88
2023-08-10,"Paris Centre","Seller_1","Smartphone",1310.5,2,50,"M","Card",2621
2024-08-30,"Marseille Vieux-Port","Seller_1","Laptop",1291.69,3,41,"M","Card",3875.07
2023-01-21,"Lyon Part-Dieu","Seller_2","Earbuds",777.88,2,37,"M","Card",1555.76
2024-07-07,"Paris Centre","Seller_6","Smartphone",1013.57,1,27,"F","Card",1013.57
2023-01-30,"Paris Centre","Seller_20","Smartphone",264.76,3,32,"F","Card",794.28
2024-10-06,"Toulouse Capitole","Seller_10","Smartwatch",1073.66,3,40,"M","Cash",3220.98
2023-08-25,"Marseille Vieux-Port","Seller_11","Tablet",446.1,3,46,"M","Check",1338.3
2023-05-21,"Marseille Vieux-Port","Seller_20","Tablet",1262.79,1,26,"F","Card",1262.79
2024-11-23,"Paris Centre","Seller_25","Accessories",1171.9,1,17,"F","Card",1171.9
2023-05-14,"Nice Promenade","Seller_20","Tablet",977.46,1,39,"F","Card",977.46
2024-09-28,"Paris Centre","Seller_22","Laptop",1483.7,1,29,"M","Card",1483.7
2024-04-23,"Toulouse Capitole","Seller_9","Smartwatch",1074.22,1,39,"F","Check",1074.22
2023-07-20,"Toulouse Capitole","Seller_23","Smartphone",392.41,1,37,"F","Card",392.41
2023-10-03,"Marseille Vieux-Port","Seller_9","Laptop",1358.98,1,44,"F","Card",1358.98
2023-09-08,"Toulouse Capitole","Seller_4","Accessories",978.18,1,31,"F","Check",978.18
2023-05-17,"Paris Centre","Seller_4","Tablet",1016.98,2,16,"F","Card",2033.96
2023-01-16,"Nice Promenade","Seller_18","Tablet",960.03,1,22,"F","Card",960.03
2023-02-20,"Paris Centre","Seller_25","Tablet",1077.2,1,58,"F","Card",1077.2
2023-10-12,"Marseille Vieux-Port","Seller_21","Tablet",174.88,1,55,"F","Card",174.88
2023-03-09,"Paris Centre","Seller_22","Smartphone",1214.9,2,27,"M","Card",2429.8
2024-08-01,"Paris Centre","Seller_22","Smartphone",1156.43,1,40,"M","Card",1156.43
2024-08-01,"Toulouse Capitole","Seller_19","Tablet",842.96,2,26,"F","Check",1685.92
2023-10-05,"Lyon Part-Dieu","Seller_6","Smartphone",751.89,1,23,"M","Check",751.89
2023-12-04,"Marseille Vieux-Port","Seller_19","Smartphone",144.04,1,16,"F","Card",144.04
2023-05-16,"Toulouse Capitole","Seller_5","Laptop",372.12,2,47,"M","Check",744.24
2023-03-07,"Lyon Part-Dieu","Seller_15","Tablet",1294.7,1,30,"M","Check",1294.7
2023-12-28,"Nice Promenade","Seller_7","Smartphone",1098.82,1,54,"F","Card",1098.82
2023-06-01,"Nice Promenade","Seller_10","Laptop",136.41,1,20,NA,"Check",136.41
2023-10-05,"Lyon Part-Dieu","Seller_2","Laptop",238.56,2,34,"M","Card",477.12
2024-01-14,"Nice Promenade","Seller_5","Earbuds",754.84,1,33,"M","Card",754.84
2024-09-27,"Nice Promenade","Seller_15","Laptop",739.6,2,29,"F","Card",1479.2
2023-03-17,"Nice Promenade","Seller_25","Tablet",1252.2,2,18,"M","Card",2504.4
2024-12-13,"Nice Promenade","Seller_3","Smartphone",1115.46,1,36,NA,"",1115.46
2024-11-24,"Marseille Vieux-Port","Seller_6","Tablet",507.92,1,31,"M","Card",507.92
2023-11-17,"Toulouse Capitole","Seller_17","Tablet",1396.31,3,51,"M","Cash",4188.93
2023-05-28,"Toulouse Capitole","Seller_11","Smartphone",147.27,1,36,"F","Card",147.27
2024-11-12,"Marseille Vieux-Port","Seller_12","Smartwatch",623,3,30,"F","Card",1869
2023-01-07,"Nice Promenade","Seller_20","Earbuds",142.97,1,34,"F","",142.97
2024-01-31,"Lyon Part-Dieu","Seller_12","Accessories",1190.11,1,16,"M","Card",1190.11
2024-09-28,"Toulouse Capitole","Seller_3","Tablet",786.35,3,19,"F","Card",2359.05
2024-09-18,"Lyon Part-Dieu","Seller_2","Smartwatch",839.3,1,20,"F","Card",839.3
2024-08-08,"Paris Centre","Seller_25","Laptop",1071.73,1,45,"M","Card",1071.73
2024-02-10,"Paris Centre","Seller_13","Smartphone",404.86,2,39,"M","Card",809.72
2024-03-20,"Nice Promenade","Seller_2","Earbuds",1460.7,3,47,"M","Card",4382.1
2024-01-02,"Nice Promenade","Seller_4","Smartphone",729.1,2,18,"F","Card",1458.2
2024-10-09,"Toulouse Capitole","Seller_24","Earbuds",515.25,1,20,"F","Card",515.25
2023-09-23,"Paris Centre","Seller_4","Laptop",1075.76,2,25,"M","Card",2151.52
2024-07-09,"Nice Promenade","Seller_3","Smartphone",205.13,1,36,NA,"Card",205.13
2024-06-03,"Nice Promenade","Seller_18","Smartwatch",352.02,1,41,"M","Card",352.02
2023-07-14,"Lyon Part-Dieu","Seller_16","Laptop",661.97,1,51,"F","Cash",661.97
2024-03-21,"Lyon Part-Dieu","Seller_7","Smartphone",1279.27,1,33,"M","Card",1279.27
2024-09-06,"Paris Centre","Seller_14","Tablet",75.13,1,16,"M","Cash",75.13
2024-07-25,"Toulouse Capitole","Seller_4","Tablet",596.14,1,22,"F","Card",596.14
2024-09-08,"Paris Centre","Seller_21","Accessories",1459.27,1,56,NA,"Check",1459.27
2024-01-24,"Marseille Vieux-Port","Seller_6","Earbuds",423.82,2,32,"M","Cash",847.64
2023-06-05,"Lyon Part-Dieu","Seller_4","Laptop",1177.99,2,25,"M","Check",2355.98
2024-09-30,"Nice Promenade","Seller_2","Earbuds",1234.16,1,29,"F","Check",1234.16
2024-03-04,"Paris Centre","Seller_17","Smartphone",1459.8,3,19,"M","Check",4379.4
2023-06-05,"Paris Centre","Seller_9","Smartphone",460.16,2,17,"F","Card",920.32
2023-11-01,"Lyon Part-Dieu","Seller_5","Smartphone",761.84,1,31,"M","Card",761.84
2024-08-27,"Nice Promenade","Seller_13","Smartwatch",1079.04,2,49,"F","Card",2158.08
2023-03-14,"Lyon Part-Dieu","Seller_14","Tablet",394.53,2,35,"M","Card",789.06
2023-02-06,"Paris Centre","Seller_18","Smartphone",332.43,1,20,"M","Check",332.43
2024-02-10,"Marseille Vieux-Port","Seller_11","Smartphone",1123.3,2,61,"F","Card",2246.6
2024-07-05,"Marseille Vieux-Port","Seller_2","Smartphone",1336.48,1,26,"M","Check",1336.48
2024-01-11,"Paris Centre","Seller_15","Laptop",85.82,1,16,"M","Card",85.82
2023-08-25,"Toulouse Capitole","Seller_4","Earbuds",561.19,1,33,"F","Card",561.19
2023-07-12,"Marseille Vieux-Port","Seller_6","Smartphone",197.31,3,40,"F","Check",591.93
2023-04-25,"Lyon Part-Dieu","Seller_5","Tablet",583.48,1,39,"M","Card",583.48
2023-02-19,"Marseille Vieux-Port","Seller_8","Smartphone",370.79,1,29,"F","Card",370.79
2024-05-17,"Marseille Vieux-Port","Seller_25","Earbuds",874.68,1,52,"M","",874.68
2024-07-27,"Nice Promenade","Seller_24","Smartphone",1219.21,3,41,"F","Card",3657.63
2023-01-21,"Nice Promenade","Seller_16","Tablet",948.43,3,18,"F","Card",2845.29
2024-01-22,"Marseille Vieux-Port","Seller_11","Laptop",1435.73,1,43,"F","Card",1435.73
2023-07-25,"Toulouse Capitole","Seller_10","Smartphone",203.88,1,40,"M","Card",203.88
2024-05-29,"Lyon Part-Dieu","Seller_22","Earbuds",572.56,2,34,"F","Card",1145.12
2024-12-27,"Paris Centre","Seller_8","Smartphone",385.16,4,43,"F","Card",1540.64
2023-11-28,"Toulouse Capitole","Seller_14","Laptop",699.34,1,34,"F","Card",699.34
2023-11-27,"Paris Centre","Seller_10","Accessories",1375.8,1,42,"M","Card",1375.8
2024-09-06,"Lyon Part-Dieu","Seller_11","Smartphone",1057.15,1,33,"M","Card",1057.15
2023-01-25,"Toulouse Capitole","Seller_3","Laptop",1213.73,1,51,"M","Cash",1213.73
2024-01-18,"Nice Promenade","Seller_3","Smartphone",1366.67,1,39,NA,"Card",1366.67
2023-03-06,"Marseille Vieux-Port","Seller_25","Smartphone",460.91,1,31,"M","Card",460.91
2023-04-04,"Marseille Vieux-Port","Seller_2","Earbuds",1019.63,1,24,"M","Card",1019.63
2023-01-19,"Nice Promenade","Seller_22","Accessories",1161.32,1,18,"F","Card",1161.32
2024-01-30,"Marseille Vieux-Port","Seller_8","Smartphone",307.67,5,49,NA,"Cash",1538.35
2023-06-10,"Toulouse Capitole","Seller_4","Earbuds",704.96,1,29,"F","Cash",704.96
2024-01-09,"Marseille Vieux-Port","Seller_19","Tablet",702.24,1,28,NA,"Card",702.24
2023-02-05,"Nice Promenade","Seller_13","Laptop",974.83,1,33,"M","Check",974.83
2023-01-04,"Marseille Vieux-Port","Seller_25","Laptop",54.75,1,45,"F","Card",54.75
2024-07-05,"Nice Promenade","Seller_11","Laptop",433.6,1,36,"F","Check",433.6
2024-12-28,"Toulouse Capitole","Seller_6","Tablet",326.44,1,36,NA,"Card",326.44
2024-11-15,"Marseille Vieux-Port","Seller_18","Smartphone",1414.2,1,48,"M","Cash",1414.2
2023-03-16,"Marseille Vieux-Port","Seller_13","Accessories",944.46,1,46,"F","Card",944.46
2023-07-24,"Nice Promenade","Seller_12","Smartphone",1071.18,1,62,NA,"Card",1071.18
2024-03-02,"Marseille Vieux-Port","Seller_11","Earbuds",831.39,1,56,"F","Card",831.39
2024-10-23,"Marseille Vieux-Port","Seller_11","Smartphone",487.34,4,33,"M","Check",1949.36
2023-06-21,"Paris Centre","Seller_21","Smartwatch",346.4,1,43,"M","Card",346.4
2024-07-23,"Marseille Vieux-Port","Seller_11","Smartwatch",1453.96,2,26,"M","Card",2907.92
2024-09-05,"Paris Centre","Seller_4","Smartphone",1089.96,1,26,"M","Card",1089.96
2024-09-10,"Toulouse Capitole","Seller_25","Tablet",1358.76,1,24,"F","Cash",1358.76
2024-09-05,"Marseille Vieux-Port","Seller_23","Tablet",835.78,1,23,NA,"Check",835.78
2023-12-25,"Marseille Vieux-Port","Seller_4","Laptop",253.68,1,64,"F","Card",253.68
2023-03-18,"Nice Promenade","Seller_22","Smartphone",564.21,1,35,"F","Cash",564.21
2023-03-12,"Marseille Vieux-Port","Seller_11","Accessories",273.25,4,45,"M","Card",1093
2024-11-30,"Nice Promenade","Seller_5","Smartphone",293.7,1,27,NA,"Check",293.7
2024-10-28,"Toulouse Capitole","Seller_10","Laptop",914.22,1,45,NA,"Cash",914.22
2023-09-04,"Marseille Vieux-Port","Seller_6","Smartphone",231.92,1,34,NA,"Card",231.92
2023-07-24,"Paris Centre","Seller_8","Smartphone",1296.26,2,43,"M","Card",2592.52
2023-02-22,"Marseille Vieux-Port","Seller_15","Earbuds",205.03,1,20,"F","Card",205.03
2023-02-10,"Nice Promenade","Seller_24","Earbuds",696.71,1,35,"F","Card",696.71
2024-01-27,"Marseille Vieux-Port","Seller_17","Smartwatch",1156.06,1,43,"M","Card",1156.06
2023-07-01,"Nice Promenade","Seller_1","Laptop",232.82,2,44,"M","Card",465.64
2023-05-18,"Toulouse Capitole","Seller_7","Smartphone",1038.03,3,45,"F","Card",3114.09
2023-02-13,"Paris Centre","Seller_13","Laptop",649.4,1,28,"F","Card",649.4
2023-02-23,"Toulouse Capitole","Seller_18","Accessories",1356.98,3,20,"F","Card",4070.94
2023-06-25,"Marseille Vieux-Port","Seller_19","Laptop",698.09,1,27,NA,"Card",698.09
2023-12-31,"Paris Centre","Seller_16","Laptop",1463.21,2,39,"F","Cash",2926.42
2023-03-15,"Nice Promenade","Seller_9","Earbuds",542.21,2,31,"M","Card",1084.42
2023-03-24,"Lyon Part-Dieu","Seller_3","Laptop",851.71,1,23,"F","Cash",851.71
2024-05-15,"Toulouse Capitole","Seller_23","Smartphone",950.02,1,16,"F","Check",950.02
2023-05-15,"Marseille Vieux-Port","Seller_9","Smartphone",1214.29,3,52,"M","Card",3642.87
2024-02-08,"Marseille Vieux-Port","Seller_23","Tablet",87.33,3,30,"F","Cash",261.99
2024-07-28,"Toulouse Capitole","Seller_6","Laptop",654.5,1,30,"F","Card",654.5
2023-09-27,"Nice Promenade","Seller_6","Tablet",313.26,2,26,"M","Card",626.52
2023-08-22,"Toulouse Capitole","Seller_7","Laptop",546.61,1,41,"M","",546.61
2024-08-27,"Lyon Part-Dieu","Seller_9","Tablet",514.53,2,49,NA,"Card",1029.06
2024-09-07,"Nice Promenade","Seller_6","Smartphone",1143.42,1,46,NA,"Cash",1143.42
2024-04-11,"Paris Centre","Seller_5","Accessories",750.01,1,39,"M","",750.01
2023-07-01,"Lyon Part-Dieu","Seller_18","Tablet",1471.07,1,31,"M","Card",1471.07
2023-07-17,"Lyon Part-Dieu","Seller_17","Laptop",1181.73,1,38,"F","Card",1181.73
2023-03-23,"Paris Centre","Seller_4","Tablet",1499.83,1,31,"F","Card",1499.83
2023-06-12,"Marseille Vieux-Port","Seller_22","Smartphone",74.16,1,33,"F","Card",74.16
2023-09-25,"Paris Centre","Seller_19","Smartphone",751.12,2,42,"F","Card",1502.24
2023-05-16,"Nice Promenade","Seller_7","Smartphone",453.06,1,44,"F","Card",453.06
2024-06-28,"Nice Promenade","Seller_8","Laptop",798.55,1,16,"M","Card",798.55
2024-05-05,"Marseille Vieux-Port","Seller_15","Smartphone",1110.81,1,28,"M","Card",1110.81
2024-08-20,"Paris Centre","Seller_22","Tablet",1368.35,2,25,NA,"Card",2736.7
2024-11-21,"Toulouse Capitole","Seller_8","Laptop",1430.45,2,21,"M","Check",2860.9
2024-04-27,"Paris Centre","Seller_19","Tablet",1449.95,3,16,"F","Card",4349.85
2023-03-30,"Toulouse Capitole","Seller_25","Laptop",950.04,1,36,"M","Card",950.04
2024-04-01,"Lyon Part-Dieu","Seller_25","Tablet",128.91,1,36,"F","Card",128.91
2023-02-11,"Toulouse Capitole","Seller_19","Laptop",500.25,1,33,"F","Card",500.25
2024-06-01,"Lyon Part-Dieu","Seller_23","Tablet",150.41,1,34,"F","Card",150.41
2023-10-07,"Marseille Vieux-Port","Seller_17","Accessories",1310.53,1,42,"F","Card",1310.53
2024-01-18,"Toulouse Capitole","Seller_4","Laptop",693.62,1,35,"F","",693.62
2023-10-17,"Toulouse Capitole","Seller_13","Smartphone",554.06,1,29,"M","Card",554.06
2024-05-28,"Lyon Part-Dieu","Seller_7","Smartphone",1302.9,1,43,"M","Card",1302.9
2023-04-09,"Nice Promenade","Seller_3","Laptop",954.55,3,53,"M","Card",2863.65
2023-12-23,"Marseille Vieux-Port","Seller_11","Laptop",1100.84,1,16,"F","Card",1100.84
2023-03-22,"Marseille Vieux-Port","Seller_14","Smartphone",874.69,2,23,"M","Card",1749.38
2023-06-19,"Toulouse Capitole","Seller_8","Earbuds",1233.19,2,42,"M","Check",2466.38
2024-05-24,"Toulouse Capitole","Seller_16","Smartphone",729.88,3,16,"M","Card",2189.64
2023-05-29,"Nice Promenade","Seller_14","Earbuds",1207.21,1,19,"M","Check",1207.21
2024-09-03,"Nice Promenade","Seller_19","Laptop",1344.02,2,18,NA,"Card",2688.04
2023-02-27,"Toulouse Capitole","Seller_13","Smartwatch",584.43,1,53,"F","Card",584.43
2024-12-29,"Lyon Part-Dieu","Seller_7","Laptop",724.96,1,20,NA,"Card",724.96
2023-07-07,"Toulouse Capitole","Seller_15","Smartwatch",167.32,1,27,"F","Card",167.32
2023-01-08,"Toulouse Capitole","Seller_5","Laptop",1379.09,1,34,"M","Card",1379.09
2024-07-21,"Lyon Part-Dieu","Seller_18","Tablet",912.71,1,32,"M","Card",912.71
2023-07-27,"Nice Promenade","Seller_1","Smartphone",417.64,1,41,"F","Card",417.64
2023-04-11,"Toulouse Capitole","Seller_5","Earbuds",949.33,5,34,"F","Cash",4746.65
2024-10-02,"Paris Centre","Seller_13","Laptop",264.67,2,48,"M","Cash",529.34
2023-03-05,"Marseille Vieux-Port","Seller_1","Laptop",1450.59,1,49,"M","Card",1450.59
2024-12-21,"Paris Centre","Seller_13","Laptop",589.35,1,28,"F","Card",589.35
2023-09-26,"Marseille Vieux-Port","Seller_3","Earbuds",1180.48,2,53,"F","Check",2360.96
2023-04-20,"Toulouse Capitole","Seller_5","Smartphone",467.34,1,32,"M","Cash",467.34
2024-02-28,"Paris Centre","Seller_14","Laptop",980.72,1,43,"M","Check",980.72
2024-04-18,"Paris Centre","Seller_10","Laptop",854.45,1,54,"M","Check",854.45
2024-12-13,"Toulouse Capitole","Seller_13","Earbuds",320.78,1,22,"M","Check",320.78
2023-11-27,"Lyon Part-Dieu","Seller_21","Earbuds",446.59,1,38,"M","Card",446.59
2024-07-15,"Nice Promenade","Seller_22","Tablet",859.96,2,43,"M","Card",1719.92
2023-01-12,"Paris Centre","Seller_9","Earbuds",390.93,2,47,"M","Cash",781.86
2024-12-28,"Nice Promenade","Seller_7","Smartphone",344.43,3,27,"M","Card",1033.29
2023-08-13,"Toulouse Capitole","Seller_13","Tablet",1352.55,1,52,"M","Card",1352.55
2024-03-14,"Marseille Vieux-Port","Seller_3","Accessories",1386.64,1,39,"F","Cash",1386.64
2024-05-26,"Paris Centre","Seller_15","Tablet",1411.35,1,49,"F","",1411.35
2023-04-21,"Toulouse Capitole","Seller_20","Smartphone",584.76,1,38,"M","Card",584.76
2024-02-19,"Paris Centre","Seller_22","Earbuds",566.04,1,24,"F","Card",566.04
2024-07-09,"Paris Centre","Seller_22","Smartphone",1317.74,2,37,"F","Card",2635.48
2024-06-10,"Paris Centre","Seller_11","Tablet",1486.58,1,27,"F","Card",1486.58
2023-12-06,"Marseille Vieux-Port","Seller_2","Laptop",691.99,4,49,"M","Card",2767.96
2023-03-20,"Lyon Part-Dieu","Seller_14","Laptop",597.59,3,39,"M","Card",1792.77
2024-08-09,"Toulouse Capitole","Seller_22","Tablet",148.9,1,29,"F","Check",148.9
2023-08-12,"Paris Centre","Seller_21","Accessories",235.55,1,28,"F","Card",235.55
2024-07-02,"Nice Promenade","Seller_12","Smartwatch",67.92,1,42,"M","Card",67.92
2023-01-20,"Lyon Part-Dieu","Seller_14","Smartphone",726.72,2,35,NA,"",1453.44
2023-01-28,"Lyon Part-Dieu","Seller_22","Smartphone",1023.66,1,33,"M","Card",1023.66
2023-04-25,"Toulouse Capitole","Seller_9","Tablet",1498.9,1,22,"F","Card",1498.9
2023-01-03,"Toulouse Capitole","Seller_12","Earbuds",659.07,2,25,"M","Card",1318.14
2024-10-11,"Toulouse Capitole","Seller_17","Smartphone",749.63,1,21,"M","Card",749.63
2024-03-11,"Marseille Vieux-Port","Seller_10","Laptop",361.59,1,16,"M","",361.59
2024-02-26,"Nice Promenade","Seller_11","Tablet",429.85,3,45,"F","Check",1289.55
2024-06-25,"Paris Centre","Seller_24","Earbuds",365.37,4,29,"M","Card",1461.48
2024-04-25,"Marseille Vieux-Port","Seller_1","Laptop",1447.98,2,66,"F","Check",2895.96
2024-05-16,"Lyon Part-Dieu","Seller_6","Laptop",1028.6,1,35,"F","Card",1028.6
2023-02-14,"Marseille Vieux-Port","Seller_10","Smartphone",821.94,1,17,"M","Card",821.94
2023-04-02,"Paris Centre","Seller_20","Tablet",72.19,1,37,"M","Card",72.19
2023-02-09,"Lyon Part-Dieu","Seller_4","Tablet",1198,1,16,"F","Check",1198
2023-07-21,"Marseille Vieux-Port","Seller_16","Tablet",1134.15,1,33,"F","Card",1134.15
2024-08-28,"Paris Centre","Seller_11","Accessories",1106.1,1,37,NA,"Card",1106.1
2023-12-20,"Toulouse Capitole","Seller_18","Laptop",1425.9,2,39,"M","Cash",2851.8
2024-09-26,"Nice Promenade","Seller_15","Smartphone",1191.46,1,16,"F","Card",1191.46
2023-05-05,"Toulouse Capitole","Seller_23","Laptop",481.4,1,34,"F","Cash",481.4
2023-04-13,"Marseille Vieux-Port","Seller_8","Smartphone",655.3,1,28,"F","Card",655.3
2024-02-11,"Toulouse Capitole","Seller_17","Tablet",1384.11,1,36,"F","Check",1384.11
2023-08-04,"Paris Centre","Seller_11","Laptop",1173.17,1,22,"M","Card",1173.17
2024-04-07,"Paris Centre","Seller_9","Smartphone",99.47,3,24,"M","Check",298.41
2023-11-25,"Nice Promenade","Seller_5","Earbuds",1022.52,3,29,"F","Card",3067.56
2024-02-14,"Lyon Part-Dieu","Seller_20","Tablet",647.21,2,38,"F","Card",1294.42
2023-08-11,"Toulouse Capitole","Seller_19","Tablet",1447.25,1,33,NA,"Check",1447.25
2023-09-21,"Nice Promenade","Seller_13","Smartphone",1394.78,3,43,"M","Cash",4184.34
2023-12-04,"Nice Promenade","Seller_8","Tablet",1180.36,1,34,"M","Card",1180.36
2023-09-21,"Paris Centre","Seller_9","Earbuds",1126.61,1,43,"F","Card",1126.61
2023-05-11,"Toulouse Capitole","Seller_8","Tablet",155.46,1,20,"M","Card",155.46
2024-09-24,"Toulouse Capitole","Seller_24","Earbuds",800.75,1,37,NA,"",800.75
2024-05-13,"Marseille Vieux-Port","Seller_12","Tablet",1186.57,1,29,"F","Card",1186.57
2023-12-07,"Lyon Part-Dieu","Seller_7","Smartphone",211.43,1,36,"F","Card",211.43
2024-02-27,"Nice Promenade","Seller_3","Smartphone",1442.1,1,31,"M","Card",1442.1
2023-12-08,"Lyon Part-Dieu","Seller_21","Tablet",603.15,2,19,"M","Card",1206.3
2024-04-17,"Toulouse Capitole","Seller_19","Earbuds",191.99,1,18,"F","Card",191.99
2023-11-07,"Nice Promenade","Seller_10","Accessories",782.04,1,28,"M","Card",782.04
2023-12-06,"Lyon Part-Dieu","Seller_7","Laptop",292.46,1,22,"M","Check",292.46
2023-02-13,"Nice Promenade","Seller_2","Smartphone",665.37,1,37,"F","",665.37
2023-05-01,"Paris Centre","Seller_3","Earbuds",1159.74,1,33,"M","Card",1159.74
2023-05-25,"Nice Promenade","Seller_4","Smartphone",1344.66,1,54,NA,"Card",1344.66
2024-08-10,"Lyon Part-Dieu","Seller_4","Laptop",798.4,2,16,"M","Check",1596.8
2024-03-14,"Lyon Part-Dieu","Seller_12","Smartphone",652.37,1,23,"F","Cash",652.37
2024-11-06,"Marseille Vieux-Port","Seller_9","Laptop",138.92,2,16,"F","Card",277.84
2024-08-31,"Paris Centre","Seller_14","Laptop",1373.89,1,52,"M","Card",1373.89
2024-02-04,"Lyon Part-Dieu","Seller_7","Laptop",457.17,1,26,"M","Card",457.17
2023-07-03,"Toulouse Capitole","Seller_8","Laptop",1402.55,1,41,"M","",1402.55
2023-06-16,"Paris Centre","Seller_5","Laptop",1364.27,4,28,"M","Cash",5457.08
2024-11-16,"Paris Centre","Seller_9","Tablet",619.86,1,16,"M","Cash",619.86
2024-11-28,"Lyon Part-Dieu","Seller_6","Earbuds",812.42,2,56,"F","Cash",1624.84
2023-07-16,"Toulouse Capitole","Seller_3","Laptop",620.71,3,27,NA,"Card",1862.13
2023-11-25,"Paris Centre","Seller_9","Tablet",1493.25,1,19,"F","Card",1493.25
2023-07-11,"Toulouse Capitole","Seller_13","Smartphone",691.66,1,22,"M","Check",691.66
2024-04-15,"Paris Centre","Seller_11","Smartwatch",134.35,2,48,"F","Cash",268.7
2023-08-17,"Marseille Vieux-Port","Seller_13","Laptop",1226.98,2,45,"M","Card",2453.96
2024-12-28,"Marseille Vieux-Port","Seller_18","Laptop",1016.47,1,40,"F","Card",1016.47
2023-03-24,"Lyon Part-Dieu","Seller_3","Smartphone",398.11,1,23,"M","Card",398.11
2024-04-04,"Toulouse Capitole","Seller_14","Smartphone",1333.84,1,42,"M","Card",1333.84
2024-02-26,"Paris Centre","Seller_11","Laptop",1212.57,4,31,"F","Card",4850.28
2024-05-18,"Paris Centre","Seller_6","Laptop",336.48,1,45,"F","Card",336.48
2023-03-21,"Nice Promenade","Seller_5","Laptop",1379.79,1,49,"F","Card",1379.79
2024-06-15,"Lyon Part-Dieu","Seller_18","Laptop",667.14,1,55,NA,"Card",667.14
2024-02-06,"Toulouse Capitole","Seller_2","Smartphone",1188.83,1,16,"M","Card",1188.83
2024-11-07,"Marseille Vieux-Port","Seller_2","Tablet",1470.31,1,18,"F","Card",1470.31
2024-10-26,"Marseille Vieux-Port","Seller_4","Smartphone",217.02,1,53,"M","Card",217.02
2023-04-23,"Toulouse Capitole","Seller_9","Smartphone",285.04,3,27,"M","Cash",855.12
2023-08-04,"Paris Centre","Seller_14","Laptop",1130.3,2,29,"F","",2260.6
2023-07-29,"Marseille Vieux-Port","Seller_14","Smartwatch",726.93,1,33,"F","Check",726.93
2023-07-16,"Marseille Vieux-Port","Seller_5","Smartphone",521.13,1,18,"M","Card",521.13
2023-09-17,"Paris Centre","Seller_23","Laptop",926.36,2,49,"F","Card",1852.72
2024-06-11,"Lyon Part-Dieu","Seller_23","Laptop",78.69,1,36,"F","Cash",78.69
2023-11-25,"Paris Centre","Seller_22","Smartphone",1431.86,2,23,"F","Cash",2863.72
2023-09-15,"Toulouse Capitole","Seller_6","Earbuds",192.74,1,49,"M","Card",192.74
2024-02-16,"Toulouse Capitole","Seller_22","Laptop",974.47,2,45,"F","Card",1948.94
2024-08-12,"Lyon Part-Dieu","Seller_22","Smartphone",634.14,1,41,"F","Card",634.14
2024-03-10,"Lyon Part-Dieu","Seller_14","Tablet",157.54,1,43,"M","Card",157.54
2024-12-02,"Lyon Part-Dieu","Seller_1","Smartphone",1286.72,1,16,"M","Card",1286.72
2023-08-10,"Marseille Vieux-Port","Seller_15","Tablet",1093.72,2,31,"F","Card",2187.44
2023-03-04,"Paris Centre","Seller_1","Smartphone",544.56,1,42,"F","Card",544.56
2024-06-03,"Nice Promenade","Seller_3","Laptop",1026.99,2,21,"F","Card",2053.98
2024-08-09,"Lyon Part-Dieu","Seller_15","Tablet",1444,1,31,NA,"Card",1444
2023-08-29,"Lyon Part-Dieu","Seller_5","Smartphone",1412.63,1,55,"F","Card",1412.63
2024-10-15,"Toulouse Capitole","Seller_21","Tablet",646.8,1,53,"M","Card",646.8
2024-01-24,"Marseille Vieux-Port","Seller_10","Smartwatch",1173.75,1,39,"F","Card",1173.75
2023-06-12,"Marseille Vieux-Port","Seller_20","Tablet",598.67,1,21,"M","Card",598.67
2023-02-07,"Nice Promenade","Seller_15","Smartphone",345.36,1,54,"M","Card",345.36
2024-09-06,"Paris Centre","Seller_24","Laptop",453.21,3,41,"M","Check",1359.63
2023-09-23,"Paris Centre","Seller_12","Smartphone",123.05,1,30,"M","Card",123.05
2023-11-26,"Lyon Part-Dieu","Seller_15","Smartphone",1353.6,3,29,"F","Card",4060.8
2023-06-30,"Paris Centre","Seller_8","Laptop",449.5,1,62,"F","Card",449.5
2023-08-04,"Toulouse Capitole","Seller_6","Earbuds",926.13,1,42,"M","Card",926.13
2024-05-03,"Marseille Vieux-Port","Seller_1","Smartwatch",210.84,1,39,"F","Card",210.84
2023-04-07,"Nice Promenade","Seller_5","Smartphone",586.44,1,56,"F","Check",586.44
2023-01-05,"Nice Promenade","Seller_19","Smartphone",1345.53,1,26,"F","Card",1345.53
2023-07-02,"Toulouse Capitole","Seller_13","Laptop",914.71,1,44,"M","",914.71
2024-11-04,"Toulouse Capitole","Seller_22","Laptop",1287.56,1,31,"F","Card",1287.56
2024-12-11,"Toulouse Capitole","Seller_17","Laptop",1083.54,1,30,"F","Cash",1083.54
2023-05-31,"Toulouse Capitole","Seller_12","Smartphone",679.44,1,28,"M","Card",679.44
2023-03-21,"Paris Centre","Seller_18","Smartphone",232.22,1,29,"F","Card",232.22
2023-09-24,"Nice Promenade","Seller_25","Smartwatch",468.24,1,39,"M","Card",468.24
2024-07-03,"Nice Promenade","Seller_22","Smartphone",63.22,2,42,"F","Card",126.44
2023-12-29,"Marseille Vieux-Port","Seller_8","Smartphone",678.63,2,28,"F","Card",1357.26
2024-11-21,"Paris Centre","Seller_7","Laptop",292.74,4,28,NA,"Card",1170.96
2024-10-15,"Paris Centre","Seller_11","Earbuds",1157.71,1,45,"F","Card",1157.71
2024-03-17,"Paris Centre","Seller_5","Smartphone",641.5,1,55,"F","Card",641.5
2024-06-19,"Lyon Part-Dieu","Seller_7","Smartphone",280.19,1,47,"M","Card",280.19
2023-05-25,"Nice Promenade","Seller_6","Earbuds",1305.3,3,47,NA,"Cash",3915.9
2024-04-25,"Nice Promenade","Seller_12","Laptop",1415.45,1,40,"M","Card",1415.45
2023-01-21,"Lyon Part-Dieu","Seller_21","Earbuds",284.52,1,16,"M","Check",284.52
2024-05-24,"Lyon Part-Dieu","Seller_12","Laptop",850.18,1,27,"F","Card",850.18
2023-10-19,"Nice Promenade","Seller_1","Tablet",1054.96,2,16,"M","Card",2109.92
2024-01-24,"Nice Promenade","Seller_4","Laptop",1128.4,1,33,"M","",1128.4
2024-07-20,"Nice Promenade","Seller_10","Earbuds",637.78,1,37,"F","Card",637.78
2024-12-08,"Nice Promenade","Seller_4","Earbuds",1108.67,4,43,"M","Cash",4434.68
2024-09-15,"Marseille Vieux-Port","Seller_3","Smartphone",809.36,2,40,"F","Card",1618.72
2023-09-30,"Marseille Vieux-Port","Seller_16","Laptop",687.28,1,39,"F","Check",687.28
2023-04-21,"Toulouse Capitole","Seller_18","Smartphone",1458.09,1,29,"M","Card",1458.09
2023-10-25,"Marseille Vieux-Port","Seller_14","Tablet",350.19,4,51,"M","Card",1400.76
2024-06-03,"Lyon Part-Dieu","Seller_2","Smartphone",217.21,2,43,"M","Check",434.42
2023-08-01,"Toulouse Capitole","Seller_23","Earbuds",841.08,4,30,"M","Card",3364.32
2023-10-25,"Lyon Part-Dieu","Seller_16","Earbuds",991.45,1,17,"F","Cash",991.45
2023-04-03,"Nice Promenade","Seller_11","Earbuds",886.56,2,40,"M","Card",1773.12
2024-09-04,"Marseille Vieux-Port","Seller_8","Tablet",939.92,3,30,"F","Card",2819.76
2023-01-12,"Toulouse Capitole","Seller_4","Smartphone",779.58,1,70,NA,"Card",779.58
2023-12-20,"Marseille Vieux-Port","Seller_15","Smartphone",846.09,1,51,"M","Card",846.09
2024-08-12,"Lyon Part-Dieu","Seller_16","Laptop",313.64,2,16,"F","Card",627.28
2023-12-19,"Lyon Part-Dieu","Seller_10","Smartphone",980.35,2,31,"M","Check",1960.7
2024-02-09,"Paris Centre","Seller_2","Smartphone",1180.5,1,35,NA,"Card",1180.5
2023-10-03,"Marseille Vieux-Port","Seller_19","Accessories",1313.64,2,42,"F","Card",2627.28
2023-05-16,"Marseille Vieux-Port","Seller_25","Earbuds",1135.43,3,43,"M","Card",3406.29
2023-03-10,"Paris Centre","Seller_16","Smartphone",601.45,1,16,"F","Card",601.45
2023-03-25,"Lyon Part-Dieu","Seller_12","Smartphone",908.73,3,24,"F","Card",2726.19
2023-07-20,"Paris Centre","Seller_9","Smartphone",658.38,3,25,"M","Card",1975.14
2023-06-30,"Marseille Vieux-Port","Seller_14","Laptop",1158.02,1,38,"M","Card",1158.02
2024-11-03,"Nice Promenade","Seller_5","Smartwatch",992.53,2,43,"M","Card",1985.06
2024-01-31,"Toulouse Capitole","Seller_14","Smartphone",1096.62,3,23,"M","",3289.86
2023-03-28,"Lyon Part-Dieu","Seller_1","Tablet",428.87,1,22,"M","Card",428.87
2023-10-28,"Toulouse Capitole","Seller_9","Laptop",1199.57,1,43,"F","Card",1199.57
2023-10-04,"Paris Centre","Seller_7","Smartphone",502.46,1,34,"F","Cash",502.46
2023-05-15,"Marseille Vieux-Port","Seller_18","Laptop",1073.98,2,37,"F","Card",2147.96
2023-03-21,"Toulouse Capitole","Seller_19","Smartphone",946.38,1,18,"F","Card",946.38
2024-03-20,"Toulouse Capitole","Seller_11","Smartwatch",837.31,4,64,"M","Card",3349.24
2023-08-01,"Marseille Vieux-Port","Seller_14","Earbuds",166.66,2,31,"M","Cash",333.32
2024-06-01,"Nice Promenade","Seller_5","Laptop",1443.51,1,45,NA,"Card",1443.51
2024-06-02,"Paris Centre","Seller_13","Tablet",1414.14,1,48,"M","Card",1414.14
2023-07-26,"Paris Centre","Seller_9","Accessories",1450.61,2,16,"M","Card",2901.22
2023-10-08,"Toulouse Capitole","Seller_3","Earbuds",267.44,2,46,"F","Cash",534.88
2024-08-28,"Marseille Vieux-Port","Seller_18","Tablet",649.14,2,49,"F","Card",1298.28
2023-02-26,"Toulouse Capitole","Seller_16","Smartphone",809.98,2,71,"M","Check",1619.96
2023-07-21,"Paris Centre","Seller_18","Tablet",829.14,1,38,"M","Cash",829.14
2024-12-11,"Nice Promenade","Seller_11","Tablet",779.47,1,16,NA,"Card",779.47
2023-09-11,"Nice Promenade","Seller_6","Tablet",1307.07,1,41,"M","Cash",1307.07
2024-10-29,"Lyon Part-Dieu","Seller_13","Laptop",1114.86,4,44,"F","Card",4459.44
2024-05-05,"Nice Promenade","Seller_23","Smartphone",1245.18,1,32,"M","Cash",1245.18
2023-06-30,"Paris Centre","Seller_1","Tablet",1430.09,1,28,"F","Cash",1430.09
2024-11-07,"Lyon Part-Dieu","Seller_18","Tablet",55.45,2,39,"F","Card",110.9
2023-05-28,"Lyon Part-Dieu","Seller_16","Tablet",787.19,1,36,"M","Card",787.19
2023-12-22,"Marseille Vieux-Port","Seller_1","Smartphone",1205.66,1,32,"M","Card",1205.66
2024-06-14,"Marseille Vieux-Port","Seller_13","Smartphone",592.21,1,31,"M","",592.21
2024-08-02,"Nice Promenade","Seller_5","Smartphone",1451.11,1,16,"F","Card",1451.11
2024-10-13,"Nice Promenade","Seller_16","Smartphone",375.92,1,50,NA,"Cash",375.92
2023-08-13,"Marseille Vieux-Port","Seller_25","Laptop",1104.47,1,34,"F","Card",1104.47
2023-06-15,"Toulouse Capitole","Seller_9","Smartphone",166.63,1,21,"M","Card",166.63
2024-06-12,"Nice Promenade","Seller_3","Laptop",876.88,1,46,"F","Card",876.88
2024-11-13,"Toulouse Capitole","Seller_4","Tablet",526.85,1,33,"M","Card",526.85
2024-08-11,"Paris Centre","Seller_21","Laptop",313.21,1,29,"M","Card",313.21
2024-05-17,"Toulouse Capitole","Seller_12","Smartphone",236.97,1,43,"F","Card",236.97
2023-08-24,"Paris Centre","Seller_22","Smartphone",721.53,1,40,"M","Cash",721.53
2023-07-12,"Marseille Vieux-Port","Seller_20","Smartwatch",642.09,1,17,"F","Card",642.09
2024-04-25,"Marseille Vieux-Port","Seller_1","Tablet",725,2,37,"M","Card",1450
2023-04-16,"Toulouse Capitole","Seller_10","Earbuds",1102.12,1,57,"F","Card",1102.12
2024-03-30,"Toulouse Capitole","Seller_2","Earbuds",1069.26,1,31,"F","Card",1069.26
2024-12-21,"Lyon Part-Dieu","Seller_8","Smartphone",715.42,1,22,"F","",715.42
2024-06-05,"Marseille Vieux-Port","Seller_25","Tablet",1378.22,1,48,"F","Card",1378.22
2023-10-13,"Marseille Vieux-Port","Seller_2","Smartphone",1011.15,2,57,"M","Card",2022.3
2023-12-14,"Lyon Part-Dieu","Seller_11","Smartphone",1180.75,1,22,"F","Cash",1180.75
2023-04-03,"Nice Promenade","Seller_7","Earbuds",619.83,2,32,"M","Cash",1239.66
2023-07-13,"Toulouse Capitole","Seller_8","Tablet",189.72,1,44,"F","Card",189.72
2024-05-28,"Nice Promenade","Seller_23","Smartphone",550.68,1,52,"F","Card",550.68
2024-11-15,"Paris Centre","Seller_8","Laptop",795.36,2,52,"M","Card",1590.72
2024-11-17,"Toulouse Capitole","Seller_17","Laptop",516.58,1,39,"M","Card",516.58
2023-06-21,"Paris Centre","Seller_5","Laptop",1017.49,2,40,"M","Card",2034.98
2023-03-20,"Lyon Part-Dieu","Seller_7","Laptop",373.6,1,46,"M","Card",373.6
2023-03-17,"Marseille Vieux-Port","Seller_20","Tablet",886.71,3,40,"F","Check",2660.13
2024-01-19,"Toulouse Capitole","Seller_16","Smartphone",294.05,1,41,"M","Card",294.05
2024-02-06,"Lyon Part-Dieu","Seller_5","Tablet",384.6,1,36,"M","Check",384.6
2024-04-20,"Toulouse Capitole","Seller_5","Laptop",927.02,1,43,NA,"Cash",927.02
2024-08-03,"Paris Centre","Seller_2","Laptop",1438.89,1,44,"F","Card",1438.89
2024-10-27,"Nice Promenade","Seller_19","Smartphone",1229.4,2,29,"M","Check",2458.8
2023-05-30,"Paris Centre","Seller_15","Earbuds",282.1,1,30,"M","Cash",282.1
2023-11-29,"Paris Centre","Seller_25","Laptop",918.56,2,27,"M","Card",1837.12
2023-09-03,"Marseille Vieux-Port","Seller_24","Earbuds",713.83,1,33,"F","Card",713.83
2023-09-24,"Paris Centre","Seller_15","Laptop",1362.35,1,28,"M","Card",1362.35
2023-01-12,"Nice Promenade","Seller_8","Earbuds",1214.62,3,38,"F","Card",3643.86
2023-11-29,"Nice Promenade","Seller_19","Smartwatch",532.48,2,28,"M","Card",1064.96
2023-01-25,"Nice Promenade","Seller_19","Accessories",1498.39,1,49,"F","Card",1498.39
2024-10-19,"Lyon Part-Dieu","Seller_14","Smartphone",354.72,1,23,"F","Card",354.72
2024-12-22,"Paris Centre","Seller_25","Laptop",1178.53,2,44,"F","Cash",2357.06
2023-11-24,"Paris Centre","Seller_23","Laptop",128.33,2,29,"F","Card",256.66
2024-06-17,"Paris Centre","Seller_17","Tablet",534.46,2,52,"M","Card",1068.92
2023-04-03,"Marseille Vieux-Port","Seller_8","Laptop",500.7,5,16,"M","Card",2503.5
2024-10-02,"Paris Centre","Seller_7","Laptop",782.82,3,16,"F","Cash",2348.46
2023-02-07,"Toulouse Capitole","Seller_15","Laptop",974.46,2,37,"M","Check",1948.92
2024-01-25,"Marseille Vieux-Port","Seller_12","Smartphone",408.24,1,25,"F","Card",408.24
2023-09-27,"Toulouse Capitole","Seller_4","Laptop",942.7,1,35,"F","Card",942.7
2024-01-30,"Nice Promenade","Seller_24","Smartphone",1098.74,1,36,"F","",1098.74
2023-08-20,"Lyon Part-Dieu","Seller_6","Laptop",552.6,1,33,"F","Card",552.6
2023-01-12,"Paris Centre","Seller_23","Tablet",728.84,3,27,"F","Card",2186.52
2024-12-05,"Lyon Part-Dieu","Seller_21","Smartphone",1230.83,2,59,"F","Cash",2461.66
2024-09-23,"Toulouse Capitole","Seller_16","Smartwatch",1452.79,3,54,"M","Check",4358.37
2024-05-29,"Nice Promenade","Seller_15","Tablet",474.87,3,23,"M","Check",1424.61
2024-12-05,"Toulouse Capitole","Seller_15","Tablet",577.98,1,44,"M","Cash",577.98
2023-12-27,"Paris Centre","Seller_8","Smartphone",534.3,1,31,"M","Card",534.3
2024-05-01,"Nice Promenade","Seller_11","Smartphone",1240.9,1,24,"F","Card",1240.9
2024-10-30,"Marseille Vieux-Port","Seller_4","Tablet",139.91,3,25,"F","Card",419.73
2024-05-06,"Nice Promenade","Seller_2","Smartphone",268.97,1,43,"M","Cash",268.97
2023-06-16,"Lyon Part-Dieu","Seller_24","Tablet",1391.48,4,60,"F","Card",5565.92
2023-08-19,"Lyon Part-Dieu","Seller_1","Laptop",1246.17,1,39,"F","",1246.17
2023-12-23,"Lyon Part-Dieu","Seller_9","Laptop",1343.19,1,20,"M","Card",1343.19
2024-01-04,"Lyon Part-Dieu","Seller_10","Earbuds",1299.44,1,45,"M","Card",1299.44
2023-07-23,"Marseille Vieux-Port","Seller_4","Laptop",1111.09,1,43,NA,"Check",1111.09
2023-03-22,"Marseille Vieux-Port","Seller_17","Earbuds",246.53,2,44,"F","Card",493.06
2024-11-28,"Nice Promenade","Seller_5","Smartphone",1288.36,1,52,"F","Card",1288.36
2023-04-16,"Lyon Part-Dieu","Seller_8","Tablet",1197.17,2,45,"M","Card",2394.34
2023-09-10,"Marseille Vieux-Port","Seller_19","Smartphone",481.84,1,29,"M","Card",481.84
2024-04-02,"Nice Promenade","Seller_10","Tablet",1191.74,1,20,"M","Check",1191.74
2024-02-12,"Lyon Part-Dieu","Seller_16","Smartwatch",1040.63,1,22,"F","Card",1040.63
2023-03-28,"Marseille Vieux-Port","Seller_15","Tablet",348.29,4,52,"F","Card",1393.16
2024-03-19,"Nice Promenade","Seller_13","Smartphone",1132.48,1,24,"F","Card",1132.48
2023-10-21,"Paris Centre","Seller_22","Laptop",356.04,3,16,"M","Card",1068.12
2024-08-23,"Nice Promenade","Seller_18","Earbuds",838.2,2,21,"F","Card",1676.4
2023-11-28,"Toulouse Capitole","Seller_18","Earbuds",226.53,4,26,"M","Card",906.12
2024-10-03,"Marseille Vieux-Port","Seller_20","Earbuds",803.7,3,18,"M","",2411.1
2024-09-14,"Marseille Vieux-Port","Seller_25","Earbuds",158.98,1,31,"F","Cash",158.98
2024-03-19,"Marseille Vieux-Port","Seller_9","Earbuds",256.73,1,34,"M","Card",256.73
2023-09-22,"Nice Promenade","Seller_2","Smartphone",464.04,3,54,"M","Card",1392.12
2023-05-05,"Marseille Vieux-Port","Seller_21","Laptop",122.71,1,22,NA,"Card",122.71
2023-07-18,"Toulouse Capitole","Seller_21","Smartwatch",1359.2,1,45,"F","Cash",1359.2
2023-06-13,"Marseille Vieux-Port","Seller_16","Tablet",1385.7,4,41,"F","Card",5542.8
2024-09-14,"Marseille Vieux-Port","Seller_24","Laptop",693.58,2,51,"M","Cash",1387.16
2024-11-11,"Nice Promenade","Seller_22","Smartphone",589.47,2,16,"M","Card",1178.94
2023-01-18,"Marseille Vieux-Port","Seller_21","Laptop",1003.49,1,34,"M","Card",1003.49
2023-01-12,"Nice Promenade","Seller_4","Tablet",506.37,1,49,"F","Cash",506.37
2023-07-22,"Paris Centre","Seller_3","Tablet",803.51,1,58,"M","Card",803.51
2023-08-15,"Paris Centre","Seller_16","Accessories",1485.52,1,33,"F","Check",1485.52
2023-10-24,"Lyon Part-Dieu","Seller_14","Smartphone",865.4,2,47,"M","Card",1730.8
2023-07-07,"Lyon Part-Dieu","Seller_4","Laptop",793.69,2,32,"F","Card",1587.38
2023-11-06,"Paris Centre","Seller_3","Smartphone",1237.97,4,45,"F","Card",4951.88
2024-07-24,"Marseille Vieux-Port","Seller_16","Tablet",1284.37,2,35,NA,"Card",2568.74
2024-02-04,"Paris Centre","Seller_13","Accessories",165.9,2,55,"F","Card",331.8
2024-11-21,"Lyon Part-Dieu","Seller_14","Smartphone",688.09,1,34,"F","Card",688.09
2023-07-08,"Paris Centre","Seller_6","Smartphone",820.82,2,34,"F","Card",1641.64
2023-03-17,"Lyon Part-Dieu","Seller_17","Accessories",279.97,3,38,"M","Cash",839.91
2024-08-25,"Toulouse Capitole","Seller_15","Earbuds",351.29,1,29,"F","Card",351.29
2023-09-28,"Paris Centre","Seller_19","Laptop",811.55,3,24,"M","Card",2434.65
2024-10-14,"Toulouse Capitole","Seller_5","Earbuds",436.12,2,52,"F","Card",872.24
2023-10-24,"Nice Promenade","Seller_3","Smartphone",1042.76,3,44,"M","Card",3128.28
2024-02-28,"Marseille Vieux-Port","Seller_15","Tablet",763.31,1,24,"M","Card",763.31
2023-06-10,"Nice Promenade","Seller_10","Earbuds",896.63,2,20,"F","Check",1793.26
2024-11-27,"Toulouse Capitole","Seller_16","Laptop",653.77,2,33,"F","Card",1307.54
2024-11-27,"Paris Centre","Seller_2","Laptop",448.79,1,49,"F","Check",448.79
2023-04-03,"Nice Promenade","Seller_5","Earbuds",519.92,1,25,NA,"Card",519.92
2024-02-17,"Nice Promenade","Seller_6","Laptop",594.12,1,43,"F","Card",594.12
2024-01-28,"Nice Promenade","Seller_19","Tablet",938.95,3,38,"F","Card",2816.85
2023-03-06,"Toulouse Capitole","Seller_24","Laptop",389.16,4,46,"F","Card",1556.64
2024-05-28,"Lyon Part-Dieu","Seller_13","Tablet",1486.96,2,60,"M","",2973.92
2023-01-03,"Marseille Vieux-Port","Seller_10","Smartwatch",680.86,3,29,"M","Card",2042.58
2023-03-28,"Nice Promenade","Seller_22","Smartphone",188.36,2,38,NA,"Card",376.72
2023-04-17,"Paris Centre","Seller_15","Smartphone",283.96,1,22,"M","Card",283.96
2024-09-04,"Nice Promenade","Seller_1","Accessories",1312.28,1,33,"F","Card",1312.28
2024-06-04,"Marseille Vieux-Port","Seller_1","Laptop",1239.66,1,37,"F","Card",1239.66
2023-12-25,"Nice Promenade","Seller_11","Smartwatch",343.5,1,33,"M","",343.5
2023-02-28,"Nice Promenade","Seller_18","Accessories",365.04,1,46,"F","Card",365.04
2024-12-20,"Lyon Part-Dieu","Seller_22","Earbuds",213.07,3,23,"F","Check",639.21
2024-08-30,"Toulouse Capitole","Seller_3","Laptop",62.7,2,17,"M","Card",125.4
2024-10-17,"Lyon Part-Dieu","Seller_5","Smartphone",1168.42,1,32,"F","Cash",1168.42
2024-04-19,"Toulouse Capitole","Seller_19","Earbuds",290.56,3,38,"M","Card",871.68
2024-11-10,"Lyon Part-Dieu","Seller_17","Tablet",617.06,1,16,"F","Card",617.06
2024-01-21,"Nice Promenade","Seller_16","Smartphone",479.66,3,44,"M","Check",1438.98
2023-03-10,"Lyon Part-Dieu","Seller_8","Smartphone",759.1,1,32,"M","Card",759.1
2023-05-27,"Marseille Vieux-Port","Seller_24","Laptop",605.65,3,46,"M","Card",1816.95
2024-08-31,"Marseille Vieux-Port","Seller_15","Laptop",401.64,1,17,"M","Cash",401.64
2023-12-13,"Marseille Vieux-Port","Seller_22","Accessories",332.72,2,37,"M","Card",665.44
2024-06-17,"Paris Centre","Seller_8","Laptop",1123.67,1,29,"F","Check",1123.67
2024-05-23,"Marseille Vieux-Port","Seller_10","Smartphone",271.05,1,45,NA,"Card",271.05
2023-03-06,"Marseille Vieux-Port","Seller_22","Smartphone",314.06,2,26,"M","Card",628.12
2024-06-13,"Paris Centre","Seller_3","Smartphone",638.31,1,50,"M","Card",638.31
2023-05-10,"Toulouse Capitole","Seller_19","Smartphone",375.74,1,35,"F","Card",375.74
2023-12-06,"Nice Promenade","Seller_6","Smartphone",1127.8,1,18,"F","Card",1127.8
2024-08-17,"Lyon Part-Dieu","Seller_21","Earbuds",1449.36,1,30,"F","Cash",1449.36
2024-11-23,"Marseille Vieux-Port","Seller_1","Laptop",688.06,1,16,"M","Card",688.06
2023-05-27,"Marseille Vieux-Port","Seller_22","Laptop",291.59,1,38,"M","Card",291.59
2024-05-07,"Lyon Part-Dieu","Seller_14","Smartphone",516,2,27,"F","Cash",1032
2024-05-29,"Nice Promenade","Seller_25","Laptop",1350.88,1,35,NA,"Check",1350.88
2023-10-29,"Nice Promenade","Seller_6","Earbuds",221.15,1,23,"M","Check",221.15
2023-03-10,"Paris Centre","Seller_8","Accessories",845.84,2,33,"M","Cash",1691.68
2023-03-10,"Marseille Vieux-Port","Seller_10","Tablet",370.82,2,62,"M","Card",741.64
2024-05-23,"Marseille Vieux-Port","Seller_10","Tablet",328.37,1,33,"F","Cash",328.37
2023-12-02,"Paris Centre","Seller_14","Tablet",1184.48,2,41,"F","Card",2368.96
2024-08-03,"Nice Promenade","Seller_19","Tablet",134.54,1,45,"F","Card",134.54
2023-11-23,"Nice Promenade","Seller_3","Smartphone",1197.09,1,30,"F","",1197.09
2024-04-09,"Marseille Vieux-Port","Seller_15","Smartphone",198.86,2,25,"F","Check",397.72
2024-07-15,"Marseille Vieux-Port","Seller_4","Laptop",1221.86,1,37,"F","Card",1221.86
2024-08-03,"Nice Promenade","Seller_20","Laptop",681.83,2,45,"F","Card",1363.66
2023-01-03,"Paris Centre","Seller_2","Smartphone",1084.55,1,44,"M","Cash",1084.55
2024-04-21,"Marseille Vieux-Port","Seller_3","Tablet",1387.11,2,68,"M","Cash",2774.22
2023-10-12,"Toulouse Capitole","Seller_16","Tablet",1037.98,1,54,"F","Card",1037.98
2024-10-04,"Lyon Part-Dieu","Seller_19","Smartphone",1313.43,2,30,"M","",2626.86
2024-02-21,"Paris Centre","Seller_14","Tablet",254.71,1,23,"F","Card",254.71
2023-07-27,"Nice Promenade","Seller_5","Smartwatch",1163.95,2,41,"F","Card",2327.9
2023-05-13,"Marseille Vieux-Port","Seller_23","Smartphone",1173.21,1,18,"F","Card",1173.21
2023-01-21,"Nice Promenade","Seller_7","Tablet",1193.47,1,16,"F","Cash",1193.47
2023-12-09,"Lyon Part-Dieu","Seller_9","Laptop",650.19,1,20,"F","Card",650.19
2023-07-17,"Toulouse Capitole","Seller_10","Smartphone",1333.07,3,38,"F","Card",3999.21
2023-09-28,"Marseille Vieux-Port","Seller_19","Smartwatch",597.54,3,16,"F","Card",1792.62
2023-06-10,"Nice Promenade","Seller_7","Tablet",92.41,1,44,NA,"Card",92.41
2023-03-16,"Paris Centre","Seller_19","Smartphone",506.49,3,41,"F","Cash",1519.47
2023-12-28,"Toulouse Capitole","Seller_19","Laptop",388.98,2,27,"M","Cash",777.96
2023-02-02,"Lyon Part-Dieu","Seller_7","Tablet",297.07,2,51,"M","",594.14
2023-10-16,"Marseille Vieux-Port","Seller_7","Laptop",1070.8,1,45,"M","Card",1070.8
2023-08-12,"Lyon Part-Dieu","Seller_15","Laptop",924.53,1,16,"M","Check",924.53
2024-05-21,"Lyon Part-Dieu","Seller_11","Laptop",1089.84,1,27,"M","Card",1089.84
2024-04-07,"Lyon Part-Dieu","Seller_3","Laptop",1025.27,1,16,"F","Card",1025.27
2024-02-20,"Marseille Vieux-Port","Seller_17","Earbuds",484.1,3,42,"M","Card",1452.3
2023-01-06,"Toulouse Capitole","Seller_20","Tablet",973.49,1,30,NA,"Card",973.49
2023-06-11,"Nice Promenade","Seller_11","Tablet",1080.92,1,30,"M","Card",1080.92
2023-01-09,"Nice Promenade","Seller_18","Earbuds",605.36,1,31,"M","Card",605.36
2023-01-01,"Marseille Vieux-Port","Seller_17","Laptop",497.35,1,38,"M","Check",497.35
2024-04-26,"Nice Promenade","Seller_5","Smartphone",497.1,2,39,"M","Cash",994.2
2024-08-04,"Marseille Vieux-Port","Seller_8","Earbuds",446.19,1,35,"F","Card",446.19
2023-05-25,"Paris Centre","Seller_11","Smartphone",759.63,2,39,"M","Card",1519.26
2023-11-08,"Nice Promenade","Seller_8","Laptop",947.96,3,40,"M","Cash",2843.88
2024-03-10,"Marseille Vieux-Port","Seller_6","Smartphone",1151.59,2,53,"F","Card",2303.18
2024-07-21,"Marseille Vieux-Port","Seller_22","Accessories",743.36,1,38,"M","Card",743.36
2024-05-09,"Lyon Part-Dieu","Seller_17","Laptop",442.86,1,42,"F","",442.86
2023-11-02,"Marseille Vieux-Port","Seller_18","Earbuds",463.87,1,37,"M","",463.87
2023-08-24,"Marseille Vieux-Port","Seller_9","Laptop",1135.65,1,45,NA,"Card",1135.65
2024-08-30,"Lyon Part-Dieu","Seller_13","Smartphone",1208.84,1,39,NA,"Card",1208.84
2023-02-11,"Marseille Vieux-Port","Seller_14","Tablet",616.82,3,17,"M","Card",1850.46
2024-12-19,"Lyon Part-Dieu","Seller_12","Earbuds",1136.14,3,20,"M","Card",3408.42
2024-12-20,"Toulouse Capitole","Seller_3","Smartphone",1356.24,1,16,"M","Card",1356.24
2023-05-18,"Lyon Part-Dieu","Seller_25","Accessories",588.47,1,52,"M","Card",588.47
2023-01-17,"Paris Centre","Seller_16","Tablet",1028.41,1,40,NA,"Card",1028.41
2023-07-02,"Marseille Vieux-Port","Seller_7","Smartwatch",1330.93,1,25,"F","Card",1330.93
2024-10-27,"Paris Centre","Seller_16","Laptop",1043.75,3,28,"F","Card",3131.25
2024-03-18,"Paris Centre","Seller_3","Laptop",1292.27,1,41,"F","Card",1292.27
2023-03-08,"Paris Centre","Seller_4","Laptop",1190.97,1,38,"F","Card",1190.97
2023-09-13,"Marseille Vieux-Port","Seller_10","Earbuds",562.44,1,56,"F","Cash",562.44
2023-10-17,"Toulouse Capitole","Seller_23","Smartphone",739.74,1,16,"F","Card",739.74
2023-03-26,"Paris Centre","Seller_6","Tablet",354.29,1,50,"M","Card",354.29
2023-08-18,"Toulouse Capitole","Seller_6","Laptop",1236.2,1,29,"F","Card",1236.2
2023-06-25,"Lyon Part-Dieu","Seller_25","Smartphone",697.7,1,23,"F","Card",697.7
2023-08-02,"Toulouse Capitole","Seller_25","Smartphone",1465.66,1,40,"M","",1465.66
2023-11-30,"Paris Centre","Seller_9","Laptop",390.72,1,36,"M","Cash",390.72
2024-07-01,"Toulouse Capitole","Seller_22","Earbuds",1278.96,2,59,"M","Card",2557.92
2023-12-09,"Lyon Part-Dieu","Seller_16","Earbuds",1144.17,1,49,"F","Card",1144.17
2024-12-25,"Paris Centre","Seller_17","Smartphone",1491.31,1,20,"M","Check",1491.31
2023-07-31,"Paris Centre","Seller_20","Smartphone",736.48,2,37,"M","Card",1472.96
2023-09-27,"Toulouse Capitole","Seller_16","Tablet",1314.8,2,37,"M","Card",2629.6
2024-01-12,"Nice Promenade","Seller_20","Smartphone",1369.92,1,45,"F","Card",1369.92
2024-11-23,"Lyon Part-Dieu","Seller_17","Laptop",107.48,2,27,"F","Card",214.96
2024-08-11,"Paris Centre","Seller_5","Earbuds",159.21,1,25,"M","Card",159.21
2024-03-25,"Paris Centre","Seller_21","Laptop",1417.58,1,50,"M","Card",1417.58
2023-02-15,"Toulouse Capitole","Seller_3","Laptop",637.37,1,26,"M","Card",637.37
2023-01-13,"Paris Centre","Seller_17","Laptop",1248.3,2,53,"F","Card",2496.6
2023-12-01,"Paris Centre","Seller_16","Laptop",723.77,1,36,NA,"Card",723.77
2023-11-05,"Toulouse Capitole","Seller_10","Laptop",1189.66,2,19,"F","Card",2379.32
2023-06-27,"Toulouse Capitole","Seller_25","Earbuds",1307.97,2,33,"F","Card",2615.94
2024-03-06,"Lyon Part-Dieu","Seller_12","Smartphone",922.72,1,33,"M","Check",922.72
2024-07-10,"Paris Centre","Seller_14","Accessories",311.13,1,44,"M","Card",311.13
2024-09-03,"Marseille Vieux-Port","Seller_9","Tablet",1460.38,1,52,"M","Card",1460.38
2023-05-24,"Toulouse Capitole","Seller_15","Smartphone",1286.51,1,40,"F","Card",1286.51
2024-08-18,"Lyon Part-Dieu","Seller_14","Earbuds",405.9,1,34,"F","Card",405.9
2024-11-30,"Toulouse Capitole","Seller_19","Smartphone",821.75,1,37,"M","Check",821.75
2023-02-08,"Marseille Vieux-Port","Seller_12","Smartwatch",1381.44,1,32,NA,"Card",1381.44
2023-03-16,"Toulouse Capitole","Seller_18","Smartwatch",1015.56,4,26,"M","Check",4062.24
2023-04-03,"Paris Centre","Seller_23","Laptop",768.04,1,31,"M","Cash",768.04
2023-03-28,"Lyon Part-Dieu","Seller_8","Tablet",1291.02,3,30,"F","Card",3873.06
2024-02-22,"Paris Centre","Seller_8","Laptop",1346.64,1,24,"F","Cash",1346.64
2023-04-28,"Lyon Part-Dieu","Seller_25","Smartwatch",274.32,1,36,"M","Card",274.32
2024-01-17,"Marseille Vieux-Port","Seller_4","Laptop",1179.28,1,28,NA,"Check",1179.28
2024-11-17,"Marseille Vieux-Port","Seller_13","Smartphone",1469.43,1,36,NA,"Cash",1469.43
2023-02-15,"Nice Promenade","Seller_8","Earbuds",1116.73,1,27,"M","Card",1116.73
2024-01-10,"Toulouse Capitole","Seller_15","Earbuds",1329.08,3,42,"F","Card",3987.24
2023-06-06,"Marseille Vieux-Port","Seller_21","Smartphone",872.15,3,36,"F","Card",2616.45
2024-04-30,"Lyon Part-Dieu","Seller_20","Smartphone",300.66,1,30,"M","Card",300.66
2023-01-29,"Paris Centre","Seller_22","Smartphone",280.03,1,29,"M","",280.03
2023-07-25,"Paris Centre","Seller_6","Tablet",308.5,1,39,NA,"Card",308.5
2023-06-21,"Lyon Part-Dieu","Seller_22","Accessories",1292.6,1,23,"F","Cash",1292.6
2023-07-09,"Lyon Part-Dieu","Seller_24","Accessories",1237.83,3,62,"M","Card",3713.49
2023-04-26,"Toulouse Capitole","Seller_13","Smartphone",1049.89,1,47,NA,"Card",1049.89
2023-01-07,"Marseille Vieux-Port","Seller_24","Smartphone",1204.33,3,26,"F","Card",3612.99
2024-02-22,"Toulouse Capitole","Seller_17","Earbuds",223.84,3,37,"F","Cash",671.52
2023-12-10,"Marseille Vieux-Port","Seller_24","Smartphone",202.93,1,45,"F","Check",202.93
2024-03-19,"Toulouse Capitole","Seller_25","Accessories",965.06,4,39,"F","Card",3860.24
2024-10-12,"Toulouse Capitole","Seller_24","Tablet",1360.46,1,31,"F","Card",1360.46
2024-10-29,"Paris Centre","Seller_13","Tablet",1497.33,1,37,"M","Card",1497.33
2024-01-27,"Nice Promenade","Seller_10","Smartphone",1098.32,1,51,"F","Card",1098.32
2023-09-21,"Toulouse Capitole","Seller_12","Tablet",899.34,2,27,"M","Cash",1798.68
2024-12-25,"Marseille Vieux-Port","Seller_9","Earbuds",1282.88,1,39,"M","Cash",1282.88
2024-01-09,"Nice Promenade","Seller_22","Tablet",1416.22,1,26,"M","Card",1416.22
2024-10-12,"Toulouse Capitole","Seller_14","Smartwatch",664.86,2,16,"F","Card",1329.72
2023-02-23,"Nice Promenade","Seller_24","Laptop",118.33,1,55,"M","Card",118.33
2023-09-14,"Paris Centre","Seller_24","Earbuds",1192.6,1,46,"M","Card",1192.6
2023-09-23,"Nice Promenade","Seller_10","Smartwatch",810.01,1,19,"F","Card",810.01
2023-01-12,"Paris Centre","Seller_19","Tablet",1312.23,2,42,"F","Cash",2624.46
2024-02-04,"Toulouse Capitole","Seller_10","Tablet",133.12,1,26,"F","Cash",133.12
2024-10-04,"Marseille Vieux-Port","Seller_7","Laptop",330.89,1,19,"M","Card",330.89
2023-10-02,"Toulouse Capitole","Seller_11","Smartwatch",588.79,1,38,"F","Card",588.79
2023-09-12,"Paris Centre","Seller_22","Laptop",889.21,1,30,NA,"Card",889.21
2024-06-23,"Toulouse Capitole","Seller_17","Laptop",1243.45,1,16,"F","",1243.45
2023-01-15,"Paris Centre","Seller_25","Laptop",203.21,2,34,"F","Card",406.42
2023-05-10,"Toulouse Capitole","Seller_10","Laptop",739.91,1,44,"M","Card",739.91
2024-12-14,"Nice Promenade","Seller_10","Smartwatch",1047.74,4,36,"F","Card",4190.96
2024-06-08,"Nice Promenade","Seller_5","Tablet",177.76,1,33,NA,"Card",177.76
2024-07-23,"Nice Promenade","Seller_13","Tablet",63.12,1,40,"M","Card",63.12
2024-04-18,"Nice Promenade","Seller_2","Accessories",766.01,1,36,"F","Card",766.01
2023-05-20,"Nice Promenade","Seller_1","Smartphone",327.68,2,29,"M","Cash",655.36
2023-11-13,"Lyon Part-Dieu","Seller_4","Smartwatch",1024.36,2,29,"F","Card",2048.72
2024-12-20,"Paris Centre","Seller_4","Smartphone",885.93,1,42,"M","Card",885.93
2023-06-13,"Toulouse Capitole","Seller_22","Accessories",1472.16,1,46,"F","Cash",1472.16
2024-11-19,"Paris Centre","Seller_23","Smartphone",728.89,1,48,"F","Check",728.89
2023-06-21,"Lyon Part-Dieu","Seller_24","Smartphone",1293.36,1,44,"F","Card",1293.36
2023-03-13,"Nice Promenade","Seller_7","Laptop",426.18,1,16,"M","Cash",426.18
2023-08-04,"Marseille Vieux-Port","Seller_9","Laptop",1451.46,1,43,"F","Card",1451.46
2023-04-04,"Lyon Part-Dieu","Seller_19","Laptop",1466.94,2,31,"M","Check",2933.88
2024-02-21,"Paris Centre","Seller_3","Smartwatch",701.82,2,23,"M","Card",1403.64
2023-04-10,"Paris Centre","Seller_17","Earbuds",695.55,2,34,"M","",1391.1
2024-07-29,"Lyon Part-Dieu","Seller_4","Earbuds",569.69,4,16,"M","Card",2278.76
2024-06-29,"Lyon Part-Dieu","Seller_3","Smartphone",306.24,1,27,"M","Card",306.24
2023-11-18,"Nice Promenade","Seller_1","Smartphone",1128.01,3,25,"M","Card",3384.03
2023-09-11,"Nice Promenade","Seller_8","Smartphone",1267.05,2,50,"F","",2534.1
2023-06-03,"Marseille Vieux-Port","Seller_5","Earbuds",246.63,2,22,NA,"Card",493.26
2023-07-16,"Paris Centre","Seller_5","Earbuds",1466.74,2,51,"F","Check",2933.48
2024-07-09,"Nice Promenade","Seller_20","Accessories",103,2,19,"M","Cash",206
2024-04-05,"Marseille Vieux-Port","Seller_13","Smartphone",621.57,1,44,"F","Card",621.57
2023-04-19,"Nice Promenade","Seller_3","Tablet",119.19,1,16,NA,"",119.19
2024-03-12,"Toulouse Capitole","Seller_1","Tablet",762.36,1,25,"F","Card",762.36
2023-05-19,"Toulouse Capitole","Seller_18","Tablet",96.67,3,42,"F","",290.01
2023-12-08,"Toulouse Capitole","Seller_5","Tablet",1045.59,1,53,"F","Cash",1045.59
2023-04-15,"Marseille Vieux-Port","Seller_1","Smartphone",1191.8,1,38,"M","Check",1191.8
2023-03-11,"Paris Centre","Seller_11","Smartphone",192.93,2,23,"M","Check",385.86
2024-05-31,"Marseille Vieux-Port","Seller_11","Smartphone",562.33,1,44,"F","Card",562.33
2024-08-05,"Paris Centre","Seller_17","Smartwatch",719.45,1,32,"M","Cash",719.45
2023-04-20,"Paris Centre","Seller_20","Tablet",764.37,1,37,"F","Card",764.37
2024-03-24,"Nice Promenade","Seller_25","Smartwatch",702.79,1,16,"M","Cash",702.79
2024-07-14,"Marseille Vieux-Port","Seller_3","Laptop",1074.13,1,16,"M","",1074.13
2023-04-21,"Toulouse Capitole","Seller_25","Smartphone",1267.63,1,56,"F","Card",1267.63
2024-02-06,"Nice Promenade","Seller_14","Accessories",355.54,1,21,NA,"Card",355.54
2023-03-05,"Paris Centre","Seller_5","Laptop",1412.56,1,41,"M","Card",1412.56
2023-08-04,"Lyon Part-Dieu","Seller_3","Laptop",517.67,4,63,NA,"Cash",2070.68
2024-06-10,"Marseille Vieux-Port","Seller_6","Smartphone",846.33,1,36,"M","Card",846.33
2023-02-04,"Paris Centre","Seller_2","Smartphone",258.61,1,39,"F","Cash",258.61
2023-10-16,"Lyon Part-Dieu","Seller_21","Earbuds",701.51,3,19,"F","Card",2104.53
2024-08-21,"Toulouse Capitole","Seller_10","Tablet",865.76,2,20,"F","Check",1731.52
2024-06-23,"Paris Centre","Seller_21","Earbuds",251.52,2,24,"F","Card",503.04
2023-05-31,"Lyon Part-Dieu","Seller_6","Tablet",213.1,2,38,"F","Card",426.2
2023-06-07,"Nice Promenade","Seller_18","Tablet",725.89,2,38,"F","Check",1451.78
2023-08-09,"Marseille Vieux-Port","Seller_24","Laptop",1245.45,1,37,NA,"Card",1245.45
2024-02-15,"Marseille Vieux-Port","Seller_10","Laptop",476.97,3,41,"F","Card",1430.91
2023-11-01,"Paris Centre","Seller_1","Laptop",745.97,1,34,"F","Card",745.97
2024-04-14,"Toulouse Capitole","Seller_18","Smartwatch",1223.41,1,39,NA,"Cash",1223.41
2023-02-28,"Lyon Part-Dieu","Seller_21","Tablet",1121.62,1,30,NA,"Card",1121.62
2023-11-22,"Lyon Part-Dieu","Seller_23","Smartphone",438.86,1,42,"F","Card",438.86
2023-04-06,"Marseille Vieux-Port","Seller_13","Laptop",824.74,1,53,"M","",824.74
2024-09-18,"Marseille Vieux-Port","Seller_25","Laptop",494.7,1,29,"F","Cash",494.7
2023-05-16,"Nice Promenade","Seller_10","Tablet",221.27,1,37,"F","Card",221.27
2024-09-19,"Paris Centre","Seller_16","Smartwatch",1473.22,2,39,"F","Check",2946.44
2023-07-25,"Lyon Part-Dieu","Seller_25","Smartphone",1004.05,2,44,"M","Card",2008.1
2024-10-19,"Paris Centre","Seller_7","Smartphone",196.97,1,16,"M","Card",196.97
2023-09-24,"Toulouse Capitole","Seller_13","Laptop",1060.33,1,44,"F","Card",1060.33
2024-11-03,"Nice Promenade","Seller_12","Tablet",147.64,1,24,"M","Check",147.64
2024-09-13,"Toulouse Capitole","Seller_7","Smartphone",954.37,1,34,NA,"Cash",954.37
2024-04-23,"Lyon Part-Dieu","Seller_9","Tablet",781.93,2,52,"M","Card",1563.86
2024-02-28,"Paris Centre","Seller_10","Earbuds",483.81,1,16,"M","",483.81
2023-05-27,"Marseille Vieux-Port","Seller_15","Tablet",1301.33,1,32,"M","Cash",1301.33
2023-05-28,"Marseille Vieux-Port","Seller_21","Laptop",923.82,3,18,"F","Card",2771.46
2023-03-28,"Nice Promenade","Seller_8","Smartphone",1235.83,1,32,NA,"Card",1235.83
2023-12-20,"Marseille Vieux-Port","Seller_1","Smartphone",244.16,1,37,"M","Cash",244.16
2023-05-06,"Nice Promenade","Seller_25","Tablet",1222.16,1,30,"F","Card",1222.16
2023-10-09,"Paris Centre","Seller_12","Laptop",735.2,1,24,"F","Card",735.2
2024-02-17,"Lyon Part-Dieu","Seller_4","Tablet",273.4,1,16,"M","Card",273.4
2023-12-05,"Nice Promenade","Seller_12","Smartphone",700.28,1,39,"F","Check",700.28
2024-02-05,"Lyon Part-Dieu","Seller_11","Tablet",610.57,1,35,NA,"Check",610.57
2024-10-26,"Nice Promenade","Seller_18","Tablet",597.58,1,16,"F","Card",597.58
2023-03-12,"Paris Centre","Seller_1","Laptop",653.27,1,37,"M","Card",653.27
2023-11-16,"Toulouse Capitole","Seller_22","Tablet",1408.16,1,33,NA,"Card",1408.16
2023-12-21,"Paris Centre","Seller_15","Laptop",1121.73,3,35,NA,"Card",3365.19
2024-03-31,"Paris Centre","Seller_18","Tablet",555.77,1,50,"M","Card",555.77
2023-04-02,"Marseille Vieux-Port","Seller_22","Laptop",887.92,1,34,"F","Check",887.92
2024-04-11,"Marseille Vieux-Port","Seller_19","Laptop",1066.9,1,36,"M","Check",1066.9
2023-05-28,"Nice Promenade","Seller_3","Smartphone",468.85,1,41,"M","Card",468.85
2024-05-05,"Lyon Part-Dieu","Seller_21","Earbuds",970.52,1,28,"F","",970.52
2024-09-07,"Toulouse Capitole","Seller_3","Laptop",197.46,1,43,"F","Card",197.46
2023-09-11,"Lyon Part-Dieu","Seller_24","Smartphone",340.81,2,24,"M","Card",681.62
2024-10-02,"Paris Centre","Seller_5","Earbuds",1147.39,3,30,"M","Card",3442.17
2023-11-23,"Marseille Vieux-Port","Seller_4","Accessories",1080.5,3,25,"F","Card",3241.5
2023-09-23,"Toulouse Capitole","Seller_2","Smartphone",1295,2,52,NA,"Card",2590
2023-11-27,"Toulouse Capitole","Seller_15","Smartphone",591.81,3,23,"F","Card",1775.43
2024-01-29,"Lyon Part-Dieu","Seller_1","Laptop",1326.02,1,21,"F","Card",1326.02
2023-12-09,"Lyon Part-Dieu","Seller_6","Accessories",1431.86,2,40,"F","Cash",2863.72
2023-12-24,"Paris Centre","Seller_19","Tablet",1487.54,1,35,"F","Card",1487.54
2023-10-27,"Toulouse Capitole","Seller_1","Tablet",476.31,1,22,"F","Card",476.31
2024-07-20,"Paris Centre","Seller_15","Smartwatch",1053.68,2,34,"F","Card",2107.36
2023-02-14,"Paris Centre","Seller_8","Smartphone",1147.26,2,23,"F","Check",2294.52
2023-08-27,"Toulouse Capitole","Seller_3","Laptop",349.82,1,37,"F","Check",349.82
2024-01-24,"Toulouse Capitole","Seller_21","Laptop",1311.49,2,33,"F","Card",2622.98
2024-10-13,"Nice Promenade","Seller_18","Smartphone",1239.79,4,26,"F","Check",4959.16
2024-02-05,"Toulouse Capitole","Seller_17","Laptop",885.17,3,25,"F","Cash",2655.51
2023-07-10,"Marseille Vieux-Port","Seller_14","Tablet",1466.14,1,45,"M","Card",1466.14
2024-07-04,"Lyon Part-Dieu","Seller_11","Tablet",1495.4,1,40,"F","Card",1495.4
2023-09-02,"Nice Promenade","Seller_9","Tablet",445.34,1,30,"F","Cash",445.34
2023-10-24,"Lyon Part-Dieu","Seller_8","Tablet",741.47,1,19,"M","Card",741.47
2023-02-20,"Lyon Part-Dieu","Seller_14","Earbuds",555.98,1,47,"M","Card",555.98
2024-02-02,"Nice Promenade","Seller_1","Earbuds",990.29,1,19,"F","Card",990.29
2024-12-21,"Paris Centre","Seller_18","Smartphone",694.28,1,51,"M","Card",694.28
2024-05-31,"Toulouse Capitole","Seller_24","Tablet",915.23,1,30,"F","Cash",915.23
2024-06-09,"Paris Centre","Seller_4","Tablet",1388.22,1,40,"F","Card",1388.22
2024-12-10,"Lyon Part-Dieu","Seller_4","Tablet",493.76,1,22,"F","Cash",493.76
2023-08-26,"Marseille Vieux-Port","Seller_1","Smartphone",935.9,4,42,"M","Card",3743.6
2023-03-10,"Nice Promenade","Seller_11","Tablet",863.66,2,41,"M","Card",1727.32
2024-03-08,"Nice Promenade","Seller_2","Smartphone",1494.84,3,18,"M","Card",4484.52
2024-01-18,"Toulouse Capitole","Seller_12","Earbuds",874.18,1,41,"F","Card",874.18
2023-09-30,"Toulouse Capitole","Seller_7","Earbuds",199.41,1,16,"M","Card",199.41
2023-01-07,"Marseille Vieux-Port","Seller_22","Laptop",744.33,2,48,"M","Card",1488.66
2024-12-21,"Lyon Part-Dieu","Seller_25","Laptop",463.69,1,28,"M","Card",463.69
2023-12-13,"Nice Promenade","Seller_1","Smartphone",129.17,1,33,NA,"Cash",129.17
2024-05-16,"Paris Centre","Seller_5","Tablet",1300.78,3,34,"M","Card",3902.34
2023-02-11,"Paris Centre","Seller_6","Smartphone",260.95,1,50,"F","Card",260.95
2024-03-29,"Nice Promenade","Seller_12","Laptop",1359.56,3,27,"F","Card",4078.68
2024-04-23,"Paris Centre","Seller_1","Laptop",475.73,3,42,"M","Card",1427.19
2023-04-22,"Toulouse Capitole","Seller_12","Tablet",316.96,3,30,"M","Card",950.88
2023-02-07,"Paris Centre","Seller_23","Smartphone",1266.28,1,26,"F","Cash",1266.28
2023-07-11,"Marseille Vieux-Port","Seller_3","Smartphone",712.56,2,29,"M","Card",1425.12
2024-10-22,"Nice Promenade","Seller_11","Tablet",1111.51,1,55,"M","Check",1111.51
2023-04-01,"Lyon Part-Dieu","Seller_10","Earbuds",1290.63,1,22,"F","",1290.63
2023-03-23,"Paris Centre","Seller_16","Tablet",918.31,2,26,"M","Card",1836.62
2023-09-06,"Marseille Vieux-Port","Seller_6","Tablet",1426.54,1,28,"M","Card",1426.54
2023-03-21,"Paris Centre","Seller_2","Smartphone",484.39,1,32,"M","Card",484.39
2024-06-03,"Paris Centre","Seller_25","Smartwatch",861.29,1,38,"F","Card",861.29
2024-03-03,"Paris Centre","Seller_4","Laptop",472.16,1,21,"F","Card",472.16
2024-02-13,"Paris Centre","Seller_19","Tablet",1306.38,2,38,NA,"Card",2612.76
2024-11-21,"Marseille Vieux-Port","Seller_22","Smartphone",687.99,1,29,"F","Check",687.99
2024-07-28,"Paris Centre","Seller_3","Smartphone",738.59,1,19,"M","Cash",738.59
2024-05-28,"Toulouse Capitole","Seller_21","Smartphone",1303.31,4,34,"M","Check",5213.24
2023-08-28,"Marseille Vieux-Port","Seller_21","Smartphone",920.17,2,43,NA,"Card",1840.34
2024-07-27,"Nice Promenade","Seller_23","Smartphone",743.59,1,33,"F","Card",743.59
2023-08-20,"Marseille Vieux-Port","Seller_22","Earbuds",410.15,3,29,"F","Card",1230.45
2024-11-17,"Marseille Vieux-Port","Seller_18","Tablet",274.85,2,39,"M","Card",549.7
2023-11-09,"Toulouse Capitole","Seller_25","Tablet",579.44,1,28,"M","Card",579.44
2024-01-07,"Nice Promenade","Seller_20","Smartwatch",833.65,1,30,"F","Card",833.65
2023-09-24,"Paris Centre","Seller_23","Laptop",74.37,1,42,"F","Card",74.37
2024-01-21,"Paris Centre","Seller_11","Smartphone",135.23,1,56,"M","Check",135.23
2024-10-27,"Lyon Part-Dieu","Seller_18","Smartphone",424.44,1,55,"M","Card",424.44
2024-11-20,"Lyon Part-Dieu","Seller_18","Laptop",798.46,1,32,"F","Cash",798.46
2024-03-13,"Lyon Part-Dieu","Seller_12","Smartphone",422.56,1,16,NA,"Card",422.56
2024-04-29,"Lyon Part-Dieu","Seller_25","Smartwatch",831.56,1,27,"M","Card",831.56
2023-03-15,"Toulouse Capitole","Seller_20","Laptop",350.32,3,25,"F","Card",1050.96
2023-08-29,"Toulouse Capitole","Seller_24","Tablet",592.99,1,23,"M","",592.99
2024-01-22,"Paris Centre","Seller_16","Tablet",1342.84,1,29,"M","Cash",1342.84
2024-11-18,"Lyon Part-Dieu","Seller_12","Accessories",644.59,3,43,"M","Cash",1933.77
2023-10-23,"Marseille Vieux-Port","Seller_5","Laptop",833.16,3,33,"M","Card",2499.48
2023-11-26,"Marseille Vieux-Port","Seller_15","Earbuds",1411.29,1,29,NA,"Cash",1411.29
2023-03-22,"Marseille Vieux-Port","Seller_21","Laptop",426.94,1,31,"F","Card",426.94
2023-08-01,"Paris Centre","Seller_12","Earbuds",600.78,2,24,"F","Card",1201.56
2024-02-25,"Nice Promenade","Seller_24","Laptop",1385.56,1,18,"F","Check",1385.56
2024-03-13,"Paris Centre","Seller_15","Laptop",82.06,1,35,"F","Card",82.06
2023-12-29,"Lyon Part-Dieu","Seller_2","Earbuds",546.08,2,43,"F","Card",1092.16
2024-12-27,"Paris Centre","Seller_5","Smartwatch",1075.16,1,36,"F","",1075.16
2024-09-23,"Toulouse Capitole","Seller_5","Smartphone",1165.31,1,20,NA,"Card",1165.31
2023-09-20,"Toulouse Capitole","Seller_8","Laptop",1424.93,2,16,"M","Check",2849.86
2024-03-20,"Nice Promenade","Seller_14","Earbuds",489.83,2,51,"F","Cash",979.66
2024-01-15,"Toulouse Capitole","Seller_1","Earbuds",1151.77,2,16,"M","",2303.54
2023-08-26,"Paris Centre","Seller_7","Earbuds",295.33,2,29,"M","Card",590.66
2024-03-17,"Marseille Vieux-Port","Seller_21","Accessories",710.22,1,42,"M","Cash",710.22
2023-03-22,"Nice Promenade","Seller_8","Tablet",1464.29,1,32,"M","Card",1464.29
2023-03-11,"Paris Centre","Seller_10","Laptop",957.69,1,35,"M","Card",957.69
2024-01-10,"Toulouse Capitole","Seller_22","Smartphone",534.47,2,43,"F","Card",1068.94
2024-08-09,"Toulouse Capitole","Seller_20","Tablet",1165.28,2,62,"M","Card",2330.56
2024-11-09,"Paris Centre","Seller_19","Smartphone",665.88,1,42,"M","Card",665.88
2024-03-11,"Nice Promenade","Seller_6","Earbuds",142.06,1,40,"M","Card",142.06
2024-05-12,"Marseille Vieux-Port","Seller_5","Smartphone",577.1,1,30,"M","Card",577.1
2024-09-30,"Nice Promenade","Seller_6","Laptop",69.11,1,36,"M","Card",69.11
2024-01-01,"Toulouse Capitole","Seller_3","Laptop",1365.84,2,32,"F","Card",2731.68
2024-06-26,"Nice Promenade","Seller_10","Tablet",1415.13,3,35,"M","Card",4245.39
2024-03-11,"Toulouse Capitole","Seller_8","Smartphone",349.38,1,36,"M","Check",349.38
2023-07-14,"Nice Promenade","Seller_24","Smartphone",442.65,2,33,"M","Card",885.3
2024-01-16,"Toulouse Capitole","Seller_12","Laptop",272.76,2,47,"M","Card",545.52
2024-03-11,"Lyon Part-Dieu","Seller_13","Laptop",766.6,1,37,"F","Card",766.6
2023-11-26,"Paris Centre","Seller_24","Accessories",1404.07,1,50,"M","Cash",1404.07
2024-02-19,"Toulouse Capitole","Seller_18","Laptop",1329.41,1,45,"M","Card",1329.41
2023-07-26,"Paris Centre","Seller_6","Earbuds",930.19,1,23,"F","Card",930.19
2024-09-24,"Toulouse Capitole","Seller_15","Smartphone",197.36,1,16,"M","Cash",197.36
2024-07-30,"Paris Centre","Seller_3","Smartphone",1039.64,2,25,"F","Check",2079.28
2024-07-21,"Toulouse Capitole","Seller_20","Laptop",167.6,1,16,"M","Card",167.6
2023-07-19,"Nice Promenade","Seller_9","Earbuds",664.42,1,16,"M","Card",664.42
2023-12-07,"Lyon Part-Dieu","Seller_19","Tablet",392.22,1,33,"M","",392.22
2024-11-24,"Paris Centre","Seller_23","Tablet",557.57,1,44,"F","Card",557.57
2023-01-27,"Lyon Part-Dieu","Seller_2","Earbuds",943.47,1,44,"F","Card",943.47
2023-06-11,"Lyon Part-Dieu","Seller_19","Accessories",1431.82,3,44,"F","Card",4295.46
2024-03-22,"Paris Centre","Seller_25","Laptop",665.33,2,58,NA,"Card",1330.66
2024-03-23,"Marseille Vieux-Port","Seller_19","Laptop",1325.31,1,46,"M","Card",1325.31
2024-11-25,"Nice Promenade","Seller_1","Smartphone",620.81,2,35,"M","Card",1241.62
2024-04-25,"Toulouse Capitole","Seller_15","Smartphone",810.38,2,30,"M","Check",1620.76
2023-12-19,"Marseille Vieux-Port","Seller_21","Accessories",947.06,1,35,"F","Card",947.06
2024-07-28,"Marseille Vieux-Port","Seller_12","Tablet",1002.65,2,25,"M","Card",2005.3
2023-07-21,"Nice Promenade","Seller_19","Laptop",605.58,2,40,"M","Card",1211.16
2023-01-11,"Toulouse Capitole","Seller_1","Laptop",845.65,2,28,"F","",1691.3
2023-04-27,"Marseille Vieux-Port","Seller_21","Tablet",732.27,2,34,"F","Card",1464.54
2023-04-09,"Toulouse Capitole","Seller_23","Smartphone",962.49,1,44,"F","Card",962.49
2024-12-21,"Marseille Vieux-Port","Seller_18","Laptop",409.4,1,47,"F","Card",409.4
2024-03-10,"Toulouse Capitole","Seller_12","Smartphone",1485.58,1,18,"M","Cash",1485.58
2023-08-22,"Nice Promenade","Seller_4","Tablet",215.05,2,36,"F","Card",430.1
2024-12-17,"Toulouse Capitole","Seller_7","Earbuds",620.61,2,32,"F","Card",1241.22
2023-04-14,"Lyon Part-Dieu","Seller_9","Earbuds",1281.75,1,50,"F","Card",1281.75
2023-12-17,"Marseille Vieux-Port","Seller_22","Smartphone",450.98,2,33,"M","Card",901.96
2023-11-18,"Lyon Part-Dieu","Seller_13","Smartphone",481.13,1,26,"F","Card",481.13
2023-03-13,"Nice Promenade","Seller_8","Laptop",581.23,1,36,"M","Card",581.23
2024-11-24,"Marseille Vieux-Port","Seller_16","Smartphone",1347,1,25,"M","Card",1347
2023-09-22,"Toulouse Capitole","Seller_11","Smartphone",766.35,1,43,"M","Card",766.35
2024-07-06,"Toulouse Capitole","Seller_2","Smartwatch",1056.37,1,55,NA,"Card",1056.37
2023-03-03,"Lyon Part-Dieu","Seller_2","Tablet",701.62,4,61,"F","Check",2806.48
2024-08-25,"Toulouse Capitole","Seller_10","Smartphone",1319.74,1,35,NA,"Card",1319.74
2024-03-14,"Toulouse Capitole","Seller_18","Earbuds",1310.09,2,27,"M","Card",2620.18
2024-11-11,"Lyon Part-Dieu","Seller_16","Laptop",248.27,4,47,"F","Card",993.08
2024-10-21,"Nice Promenade","Seller_1","Smartphone",1149.05,1,30,"M","Card",1149.05
2024-09-30,"Marseille Vieux-Port","Seller_4","Laptop",1487.52,1,48,"F","Card",1487.52
2023-06-12,"Lyon Part-Dieu","Seller_19","Accessories",656.27,2,51,"M","Card",1312.54
2024-02-17,"Toulouse Capitole","Seller_6","Laptop",835.84,2,27,"M","Check",1671.68
2023-05-16,"Toulouse Capitole","Seller_12","Laptop",1292.03,1,33,"F","",1292.03
2024-05-30,"Marseille Vieux-Port","Seller_17","Laptop",240.66,1,42,"M","",240.66
2024-09-09,"Lyon Part-Dieu","Seller_15","Smartwatch",1150.18,2,40,"F","Card",2300.36
2024-04-04,"Paris Centre","Seller_6","Smartphone",1488.5,1,43,"F","Card",1488.5
2024-05-12,"Toulouse Capitole","Seller_21","Laptop",364.06,1,38,"F","Card",364.06
2024-06-23,"Lyon Part-Dieu","Seller_11","Smartphone",637.87,4,52,"F","Cash",2551.48
2023-03-29,"Nice Promenade","Seller_5","Laptop",NA,2,43,"M","",NA
2024-08-25,"Toulouse Capitole","Seller_22","Laptop",897,1,27,"F","Card",897
2023-04-24,"Nice Promenade","Seller_7","Laptop",1053.59,1,44,NA,"Card",1053.59
2023-02-05,"Nice Promenade","Seller_5","Smartphone",1011.15,1,19,"M","Card",1011.15
2024-05-29,"Lyon Part-Dieu","Seller_5","Smartphone",400.43,1,38,"M","Check",400.43
2023-07-07,"Toulouse Capitole","Seller_13","Accessories",269.31,1,37,"F","Cash",269.31
2023-03-31,"Lyon Part-Dieu","Seller_19","Laptop",592.1,1,24,"M","Card",592.1
2023-05-25,"Marseille Vieux-Port","Seller_19","Tablet",1193.77,4,40,"F","Card",4775.08
2023-09-01,"Lyon Part-Dieu","Seller_24","Laptop",434.07,2,16,"M","Card",868.14
2024-08-21,"Marseille Vieux-Port","Seller_9","Tablet",848.39,2,17,"M","",1696.78
2023-11-10,"Paris Centre","Seller_13","Earbuds",1234.85,1,31,"F","Cash",1234.85
2024-11-14,"Lyon Part-Dieu","Seller_25","Laptop",1064.77,1,40,"M","Card",1064.77
2023-11-02,"Paris Centre","Seller_9","Laptop",297.37,1,21,"M","Check",297.37
2024-07-04,"Toulouse Capitole","Seller_9","Laptop",399.72,1,37,"M","Cash",399.72
2024-10-05,"Lyon Part-Dieu","Seller_18","Smartphone",563.99,1,32,"M","",563.99
2024-11-06,"Marseille Vieux-Port","Seller_14","Smartphone",375.99,2,40,"F","Card",751.98
2023-07-06,"Paris Centre","Seller_3","Laptop",366.65,1,45,NA,"Card",366.65
2023-02-24,"Nice Promenade","Seller_7","Tablet",923.29,1,57,"F","Card",923.29
2024-01-25,"Toulouse Capitole","Seller_7","Earbuds",1038.35,1,38,"F","Card",1038.35
2023-01-06,"Lyon Part-Dieu","Seller_16","Smartphone",501.29,1,36,"F","Card",501.29
2024-09-18,"Nice Promenade","Seller_12","Smartwatch",389.1,2,34,"F","Card",778.2
2024-01-14,"Paris Centre","Seller_24","Smartphone",452.15,2,36,"F","Card",904.3
2024-09-21,"Marseille Vieux-Port","Seller_17","Laptop",927.72,2,23,"F","Check",1855.44
2024-11-16,"Nice Promenade","Seller_5","Earbuds",464.91,2,34,"F","Card",929.82
2023-09-12,"Marseille Vieux-Port","Seller_25","Tablet",50.07,1,20,NA,"Card",50.07
2023-05-28,"Nice Promenade","Seller_11","Earbuds",111.13,1,16,"F","Check",111.13
2024-04-05,"Nice Promenade","Seller_22","Accessories",1069.24,2,48,"F","Cash",2138.48
2024-03-06,"Paris Centre","Seller_11","Earbuds",858.1,1,38,"F","Cash",858.1
2024-04-11,"Paris Centre","Seller_21","Earbuds",168.29,1,27,NA,"Card",168.29
2024-09-21,"Nice Promenade","Seller_13","Earbuds",139.21,1,37,"M","Card",139.21
2024-08-15,"Marseille Vieux-Port","Seller_1","Tablet",185.43,1,43,"M","",185.43
2024-04-24,"Paris Centre","Seller_17","Tablet",1290.03,1,34,"F","Card",1290.03
2024-05-22,"Nice Promenade","Seller_11","Smartphone",487.59,1,54,"M","Cash",487.59
2023-02-06,"Nice Promenade","Seller_16","Tablet",341.59,1,24,"M","Card",341.59
2024-12-25,"Lyon Part-Dieu","Seller_17","Smartphone",307.34,1,39,NA,"Card",307.34
2023-08-17,"Lyon Part-Dieu","Seller_5","Earbuds",1396.33,1,21,"M","Card",1396.33
2024-04-26,"Lyon Part-Dieu","Seller_10","Laptop",91.12,2,35,NA,"Card",182.24
2024-04-17,"Toulouse Capitole","Seller_7","Laptop",318.91,1,45,NA,"Card",318.91
2023-06-30,"Toulouse Capitole","Seller_13","Laptop",515.91,2,31,"F","Card",1031.82
2023-10-20,"Paris Centre","Seller_4","Earbuds",681.17,1,30,"F","Card",681.17
2023-01-03,"Nice Promenade","Seller_9","Laptop",801.32,1,38,"M","Cash",801.32
2023-12-02,"Lyon Part-Dieu","Seller_7","Tablet",782.34,1,36,"F","Card",782.34
2024-09-29,"Marseille Vieux-Port","Seller_2","Tablet",1434.73,1,32,"M","",1434.73
2023-08-23,"Toulouse Capitole","Seller_23","Smartwatch",1194.97,1,52,"M","",1194.97
2023-12-27,"Nice Promenade","Seller_16","Tablet",1365.6,2,16,"F","Card",2731.2
2024-06-02,"Lyon Part-Dieu","Seller_10","Smartphone",93.3,1,42,"F","Card",93.3
2023-03-08,"Nice Promenade","Seller_2","Earbuds",599.05,1,39,NA,"Cash",599.05
2024-05-13,"Marseille Vieux-Port","Seller_15","Smartphone",51.13,1,36,"M","",51.13
2023-04-05,"Nice Promenade","Seller_1","Laptop",159.67,2,45,"F","Card",319.34
2023-01-22,"Toulouse Capitole","Seller_5","Laptop",110.4,1,42,"M","Cash",110.4
2023-07-24,"Lyon Part-Dieu","Seller_24","Smartphone",774.41,1,37,"F","Card",774.41
2024-05-25,"Paris Centre","Seller_4","Smartphone",244.81,2,31,"F","Card",489.62
2023-02-23,"Nice Promenade","Seller_24","Earbuds",832.54,2,39,"F","Card",1665.08
2023-03-26,"Lyon Part-Dieu","Seller_15","Earbuds",1275.48,1,23,"M","Card",1275.48
2024-07-05,"Nice Promenade","Seller_9","Tablet",674.82,3,34,"M","Card",2024.46
2023-10-19,"Lyon Part-Dieu","Seller_17","Smartphone",798.89,1,72,"F","Card",798.89
2024-04-17,"Marseille Vieux-Port","Seller_2","Smartphone",1286.2,1,29,"M","Card",1286.2
2023-12-29,"Toulouse Capitole","Seller_7","Tablet",1329.2,1,45,"M","Card",1329.2
2024-09-01,"Nice Promenade","Seller_12","Tablet",858,2,31,"F","Card",1716
2024-10-18,"Marseille Vieux-Port","Seller_7","Smartwatch",1409.51,1,29,NA,"",1409.51
2024-09-23,"Nice Promenade","Seller_6","Tablet",877.83,1,33,NA,"Card",877.83
2023-10-25,"Toulouse Capitole","Seller_19","Smartphone",273.33,2,36,"M","Cash",546.66
2024-01-31,"Nice Promenade","Seller_17","Earbuds",777.41,1,46,"M","Card",777.41
2023-02-05,"Marseille Vieux-Port","Seller_23","Tablet",617.56,1,49,"F","Check",617.56
2023-01-11,"Nice Promenade","Seller_5","Smartphone",476.33,1,32,"M","Card",476.33
2023-11-18,"Toulouse Capitole","Seller_24","Smartwatch",1059.37,2,28,"F","Card",2118.74
2023-10-10,"Lyon Part-Dieu","Seller_20","Laptop",1165.48,1,27,NA,"Card",1165.48
2023-07-13,"Lyon Part-Dieu","Seller_6","Earbuds",941.79,2,31,"F","Cash",1883.58
2024-06-25,"Paris Centre","Seller_15","Earbuds",486.1,2,38,"F","Card",972.2
2024-03-28,"Lyon Part-Dieu","Seller_10","Laptop",1470.02,1,21,"F","Card",1470.02
2023-04-27,"Marseille Vieux-Port","Seller_11","Smartphone",467.83,2,33,"F","Card",935.66
2024-11-17,"Toulouse Capitole","Seller_11","Smartwatch",133.85,2,29,"M","Card",267.7
2023-01-21,"Marseille Vieux-Port","Seller_11","Tablet",1082.62,2,31,"M","Card",2165.24
2024-03-28,"Marseille Vieux-Port","Seller_19","Smartphone",559.08,1,27,NA,"Card",559.08
2023-09-04,"Marseille Vieux-Port","Seller_12","Earbuds",709.96,2,31,"M","Card",1419.92
2024-08-15,"Nice Promenade","Seller_17","Tablet",1131.45,1,23,"M","Card",1131.45
2023-06-14,"Toulouse Capitole","Seller_21","Smartwatch",654.05,4,36,"F","Card",2616.2
2023-03-13,"Marseille Vieux-Port","Seller_5","Laptop",997.2,4,29,NA,"Card",3988.8
2024-02-03,"Lyon Part-Dieu","Seller_12","Tablet",85.75,1,32,"M","",85.75
2023-03-17,"Lyon Part-Dieu","Seller_11","Smartphone",339,2,35,"M","Card",678
2023-07-29,"Marseille Vieux-Port","Seller_10","Laptop",1080.87,2,38,"M","Card",2161.74
2024-03-15,"Marseille Vieux-Port","Seller_7","Smartphone",969.16,1,54,"M","Cash",969.16
2024-03-22,"Paris Centre","Seller_3","Laptop",873.69,2,51,"F","Check",1747.38
2023-08-25,"Paris Centre","Seller_16","Accessories",400.21,2,51,NA,"Check",800.42
2023-01-22,"Marseille Vieux-Port","Seller_5","Laptop",263.3,2,24,"M","Cash",526.6
2023-10-27,"Lyon Part-Dieu","Seller_21","Earbuds",1318.46,1,43,"M","Card",1318.46
2024-02-11,"Marseille Vieux-Port","Seller_8","Earbuds",1190.31,1,39,"F","Card",1190.31
2024-11-13,"Marseille Vieux-Port","Seller_13","Laptop",1446.2,1,33,NA,"Card",1446.2
2023-09-30,"Toulouse Capitole","Seller_4","Tablet",762.64,1,26,"M","Card",762.64
2024-11-22,"Toulouse Capitole","Seller_19","Laptop",665.65,1,39,"M","Card",665.65
2024-02-23,"Marseille Vieux-Port","Seller_14","Tablet",1058.23,1,35,"F","Card",1058.23
2024-06-16,"Marseille Vieux-Port","Seller_10","Earbuds",252.61,1,38,"F","Card",252.61
2023-10-25,"Nice Promenade","Seller_17","Smartwatch",1137.19,2,25,"M","Check",2274.38
2023-07-15,"Toulouse Capitole","Seller_10","Tablet",1433.41,1,53,"F","",1433.41
2024-02-09,"Nice Promenade","Seller_24","Laptop",637.25,3,38,"M","Cash",1911.75
2023-07-28,"Marseille Vieux-Port","Seller_14","Earbuds",996.46,1,49,"M","",996.46
2024-02-09,"Toulouse Capitole","Seller_14","Smartphone",1478.74,1,17,"M","Card",1478.74
2023-05-05,"Paris Centre","Seller_9","Laptop",158.91,1,50,"F","Card",158.91
2024-12-14,"Marseille Vieux-Port","Seller_22","Smartphone",1018.96,2,22,"M","Cash",2037.92
2024-12-17,"Marseille Vieux-Port","Seller_8","Laptop",746.14,1,34,"F","Check",746.14
2024-03-13,"Paris Centre","Seller_12","Smartphone",72.95,1,16,"F","Card",72.95
2024-06-10,"Marseille Vieux-Port","Seller_3","Earbuds",236.47,2,16,"F","Card",472.94
2023-09-04,"Lyon Part-Dieu","Seller_23","Smartwatch",1481.92,2,35,NA,"Card",2963.84
2024-07-08,"Nice Promenade","Seller_16","Smartphone",1137.05,1,44,"F","Card",1137.05
2024-10-06,"Lyon Part-Dieu","Seller_20","Smartwatch",450.8,4,28,"M","Cash",1803.2
2023-09-24,"Lyon Part-Dieu","Seller_15","Laptop",534.12,2,24,"M","Card",1068.24
2024-07-27,"Lyon Part-Dieu","Seller_10","Smartphone",1082.42,1,16,"M","",1082.42
2023-01-01,"Paris Centre","Seller_9","Tablet",1320.27,1,24,"F","Card",1320.27
2023-12-13,"Toulouse Capitole","Seller_21","Earbuds",498.13,1,48,"M","Card",498.13
2023-12-19,"Paris Centre","Seller_22","Laptop",783.46,1,37,"F","Card",783.46
2024-01-04,"Paris Centre","Seller_6","Laptop",1223.87,3,16,"F","Card",3671.61
2024-01-20,"Nice Promenade","Seller_16","Laptop",536.93,1,44,"F","Card",536.93
2024-07-06,"Nice Promenade","Seller_4","Accessories",272.85,4,55,"M","Check",1091.4
2024-03-12,"Lyon Part-Dieu","Seller_8","Earbuds",637.14,1,40,"M","Card",637.14
2024-12-25,"Marseille Vieux-Port","Seller_17","Laptop",630.32,1,32,"M","Card",630.32
2024-03-26,"Paris Centre","Seller_22","Tablet",1153.73,1,33,"F","Cash",1153.73
2023-10-13,"Nice Promenade","Seller_16","Smartphone",876.81,1,45,"M","Card",876.81
2024-10-22,"Paris Centre","Seller_18","Earbuds",693.38,1,39,"M","Card",693.38
2023-04-13,"Paris Centre","Seller_16","Laptop",920.82,3,40,NA,"Card",2762.46
2023-03-07,"Lyon Part-Dieu","Seller_14","Accessories",901.17,2,37,"F","Card",1802.34
2023-12-31,"Marseille Vieux-Port","Seller_18","Laptop",663.98,1,24,"F","Card",663.98
2024-10-28,"Nice Promenade","Seller_14","Laptop",177.32,2,38,"M","Card",354.64
2024-03-23,"Nice Promenade","Seller_19","Laptop",1185.03,3,34,"F","Card",3555.09
2023-09-25,"Nice Promenade","Seller_5","Earbuds",525.32,1,18,"M","Card",525.32
2023-11-25,"Paris Centre","Seller_23","Smartphone",263.44,2,38,"M","Card",526.88
2024-08-04,"Marseille Vieux-Port","Seller_19","Smartwatch",NA,1,43,"F","Card",NA
2024-11-28,"Nice Promenade","Seller_23","Earbuds",753.59,1,22,"M","Cash",753.59
2024-01-16,"Paris Centre","Seller_13","Laptop",76.35,2,23,"F","Card",152.7
2024-01-08,"Paris Centre","Seller_16","Smartphone",147.5,1,45,"M","Cash",147.5
2024-11-05,"Marseille Vieux-Port","Seller_22","Smartphone",375.86,2,31,"F","Card",751.72
2023-06-17,"Marseille Vieux-Port","Seller_8","Tablet",821.04,1,23,"F","",821.04
2024-06-22,"Nice Promenade","Seller_4","Smartwatch",443.7,4,41,"M","",1774.8
2023-01-29,"Nice Promenade","Seller_6","Tablet",979.14,2,52,"F","Card",1958.28
2023-11-07,"Lyon Part-Dieu","Seller_3","Tablet",1167.82,2,20,"F","Card",2335.64
2024-12-25,"Lyon Part-Dieu","Seller_13","Smartphone",474.87,1,18,"M","Check",474.87
2023-02-12,"Toulouse Capitole","Seller_10","Laptop",418.46,1,28,"M","Cash",418.46
2024-08-24,"Toulouse Capitole","Seller_6","Smartphone",1053.03,1,21,"M","Check",1053.03
2023-07-03,"Paris Centre","Seller_17","Earbuds",1458.58,1,34,"F","Card",1458.58
2024-12-09,"Paris Centre","Seller_15","Earbuds",409.53,1,56,"M","Card",409.53
2024-12-29,"Paris Centre","Seller_1","Tablet",1242.26,1,33,"M","Card",1242.26
2023-01-19,"Nice Promenade","Seller_8","Smartphone",608.09,1,28,"F","Card",608.09
2023-10-06,"Toulouse Capitole","Seller_22","Laptop",700.41,4,41,"F","Card",2801.64
2023-11-14,"Marseille Vieux-Port","Seller_15","Smartphone",68.24,2,43,"F","Card",136.48
2023-05-13,"Marseille Vieux-Port","Seller_20","Tablet",797.67,1,16,"F","Card",797.67
2024-03-19,"Paris Centre","Seller_1","Laptop",1170.72,2,32,"F","Card",2341.44
2023-06-05,"Nice Promenade","Seller_2","Smartphone",1436.71,1,37,"F","Card",1436.71
2024-12-02,"Lyon Part-Dieu","Seller_21","Laptop",1125.29,1,49,"M","Cash",1125.29
2024-05-17,"Marseille Vieux-Port","Seller_23","Laptop",793.24,1,22,"M","Card",793.24
2023-03-04,"Marseille Vieux-Port","Seller_13","Earbuds",376.68,1,40,"M","Card",376.68
2024-09-30,"Lyon Part-Dieu","Seller_19","Smartphone",1039.82,2,31,"M","Card",2079.64
2024-05-20,"Paris Centre","Seller_14","Earbuds",648.55,1,44,"F","Check",648.55
2023-11-19,"Nice Promenade","Seller_16","Smartphone",750.81,2,16,"M","Check",1501.62
2024-03-14,"Toulouse Capitole","Seller_18","Smartwatch",750.39,2,50,"F","Cash",1500.78
2023-12-16,"Lyon Part-Dieu","Seller_18","Smartwatch",1429.08,1,19,"F","Check",1429.08
2023-08-10,"Nice Promenade","Seller_5","Smartphone",866.01,3,26,"M","Card",2598.03
2024-06-23,"Nice Promenade","Seller_3","Earbuds",374.14,1,57,"F","Card",374.14
2024-04-16,"Lyon Part-Dieu","Seller_13","Laptop",229.55,1,37,"M","Card",229.55
2023-01-18,"Nice Promenade","Seller_12","Laptop",486.32,2,48,"M","Cash",972.64
2023-07-01,"Lyon Part-Dieu","Seller_6","Laptop",101.47,1,48,"M","Card",101.47
2023-05-07,"Toulouse Capitole","Seller_8","Earbuds",843.17,1,16,NA,"Card",843.17
2023-03-18,"Nice Promenade","Seller_20","Earbuds",1187.6,1,49,"M","Card",1187.6
2023-06-03,"Marseille Vieux-Port","Seller_5","Smartphone",1365.59,1,37,"M","Card",1365.59
2023-10-15,"Marseille Vieux-Port","Seller_22","Smartphone",1057.8,1,34,"F","Card",1057.8
2024-03-11,"Paris Centre","Seller_5","Tablet",1117.57,2,32,"M","Cash",2235.14
2024-06-15,"Marseille Vieux-Port","Seller_18","Smartphone",676.48,1,30,NA,"Card",676.48
2023-06-15,"Nice Promenade","Seller_4","Tablet",1196.57,1,24,"M","Card",1196.57
2023-08-22,"Marseille Vieux-Port","Seller_21","Smartphone",936.17,1,42,"F","Cash",936.17
2023-04-23,"Marseille Vieux-Port","Seller_9","Smartphone",191.36,2,26,"F","Card",382.72
2024-05-09,"Toulouse Capitole","Seller_6","Earbuds",102.88,1,39,"M","Card",102.88
2023-04-22,"Paris Centre","Seller_6","Laptop",673.58,1,33,"M","Card",673.58
2024-01-06,"Paris Centre","Seller_7","Tablet",1137.36,2,57,"M","Cash",2274.72
2024-08-19,"Paris Centre","Seller_8","Tablet",601.95,1,36,"M","Card",601.95
2024-06-24,"Lyon Part-Dieu","Seller_25","Earbuds",856.81,1,49,"F","Card",856.81
2023-01-04,"Paris Centre","Seller_22","Earbuds",803.5,2,48,"M","Card",1607
2023-09-06,"Nice Promenade","Seller_7","Laptop",NA,1,33,"F","Cash",NA
2024-09-10,"Lyon Part-Dieu","Seller_22","Smartphone",545.06,1,29,"M","Card",545.06
2024-02-26,"Nice Promenade","Seller_18","Laptop",493.76,1,44,"F","Card",493.76
2024-05-20,"Lyon Part-Dieu","Seller_19","Earbuds",295.08,2,38,"F","Check",590.16
2023-03-22,"Lyon Part-Dieu","Seller_1","Tablet",818.85,2,42,NA,"Check",1637.7
2023-05-20,"Toulouse Capitole","Seller_11","Laptop",1393.89,3,52,"M","Card",4181.67
2023-08-17,"Marseille Vieux-Port","Seller_3","Earbuds",248.75,2,50,NA,"Card",497.5
2023-06-11,"Marseille Vieux-Port","Seller_1","Smartphone",933.21,1,44,NA,"Card",933.21
2023-01-29,"Toulouse Capitole","Seller_4","Earbuds",1406.05,2,32,"M","Card",2812.1
2024-01-03,"Paris Centre","Seller_15","Laptop",664.3,3,41,"F","Card",1992.9
2023-06-29,"Marseille Vieux-Port","Seller_4","Earbuds",825.61,1,44,"M","Cash",825.61
2024-09-17,"Lyon Part-Dieu","Seller_14","Smartphone",533.11,1,39,"F","Card",533.11
2023-02-22,"Nice Promenade","Seller_15","Smartphone",1208.22,3,60,"F","Check",3624.66
2024-08-18,"Lyon Part-Dieu","Seller_8","Accessories",403.36,1,51,"M","Card",403.36
2024-11-17,"Marseille Vieux-Port","Seller_22","Smartphone",1103.52,2,49,"F","Card",2207.04
2023-11-05,"Toulouse Capitole","Seller_25","Smartphone",762.41,3,46,"F","Card",2287.23
2023-01-23,"Marseille Vieux-Port","Seller_7","Smartphone",1419.74,1,38,"M","",1419.74
2024-09-07,"Toulouse Capitole","Seller_16","Accessories",1047.03,1,16,"F","Card",1047.03
2023-04-13,"Marseille Vieux-Port","Seller_1","Earbuds",1023.32,1,22,"F","Card",1023.32
2023-06-17,"Toulouse Capitole","Seller_8","Smartwatch",522.32,1,30,"M","Card",522.32
2024-06-24,"Toulouse Capitole","Seller_3","Earbuds",869.72,3,40,"F","Check",2609.16
2024-03-10,"Marseille Vieux-Port","Seller_8","Tablet",1004.58,2,35,"M","Card",2009.16
2024-11-18,"Paris Centre","Seller_19","Tablet",590.82,1,26,"F","",590.82
2023-04-16,"Nice Promenade","Seller_4","Smartphone",356.58,2,34,"F","Card",713.16
2023-10-24,"Toulouse Capitole","Seller_14","Tablet",1018.54,1,39,"M","Card",1018.54
2024-10-29,"Toulouse Capitole","Seller_24","Tablet",1439.68,1,36,"M","Check",1439.68
2024-03-10,"Nice Promenade","Seller_16","Smartphone",1170.58,1,37,"F","Card",1170.58
2023-05-29,"Toulouse Capitole","Seller_12","Smartphone",606.87,1,49,"M","Card",606.87
2024-12-02,"Toulouse Capitole","Seller_6","Smartphone",750.35,1,46,"M","Card",750.35
2024-09-10,"Toulouse Capitole","Seller_22","Smartwatch",1455.19,2,39,"M","Card",2910.38
2024-12-23,"Nice Promenade","Seller_5","Smartphone",430.2,1,38,"F","Cash",430.2
2024-11-01,"Lyon Part-Dieu","Seller_21","Smartphone",525.01,1,43,"F","Card",525.01
2023-08-09,"Lyon Part-Dieu","Seller_19","Smartphone",698.16,1,46,"M","Card",698.16
2023-10-23,"Toulouse Capitole","Seller_16","Smartphone",320.49,1,26,"F","",320.49
2023-11-13,"Lyon Part-Dieu","Seller_7","Tablet",597.09,4,59,"M","Card",2388.36
2023-01-21,"Paris Centre","Seller_19","Laptop",169.2,1,27,"F","Cash",169.2
2024-02-18,"Lyon Part-Dieu","Seller_14","Earbuds",72.91,2,37,"M","Cash",145.82
2024-06-19,"Marseille Vieux-Port","Seller_2","Tablet",926.93,1,18,"F","Check",926.93
2024-12-18,"Nice Promenade","Seller_14","Tablet",1001.25,1,55,NA,"Card",1001.25
2023-03-17,"Lyon Part-Dieu","Seller_15","Laptop",937.92,1,28,"F","Card",937.92
2024-08-29,"Paris Centre","Seller_5","Laptop",1374.19,2,34,"M","Cash",2748.38
2024-09-22,"Marseille Vieux-Port","Seller_12","Accessories",916.11,1,30,"M","Cash",916.11
2023-07-12,"Marseille Vieux-Port","Seller_13","Smartphone",627.54,2,41,"M","Check",1255.08
2024-01-02,"Marseille Vieux-Port","Seller_18","Smartphone",388.89,2,18,"F","Cash",777.78
2023-04-01,"Lyon Part-Dieu","Seller_7","Laptop",50.09,3,38,"F","Card",150.27
2024-03-21,"Marseille Vieux-Port","Seller_25","Earbuds",365.25,2,37,"M","Card",730.5
2023-10-12,"Toulouse Capitole","Seller_14","Laptop",875.6,2,38,NA,"Cash",1751.2
2023-12-11,"Toulouse Capitole","Seller_21","Laptop",329.09,1,41,"M","Check",329.09
2024-05-27,"Marseille Vieux-Port","Seller_4","Accessories",81.34,3,18,"M","Check",244.02
2024-01-14,"Paris Centre","Seller_10","Smartphone",308.31,1,60,"F","Card",308.31
2024-10-20,"Lyon Part-Dieu","Seller_22","Laptop",685.42,1,36,"F","Card",685.42
2024-05-27,"Toulouse Capitole","Seller_2","Smartphone",474.31,1,29,"M","Card",474.31
2023-07-01,"Nice Promenade","Seller_3","Smartwatch",304.88,1,16,"F","Card",304.88
2023-07-24,"Paris Centre","Seller_16","Earbuds",1129.51,2,33,"F","Card",2259.02
2024-11-16,"Toulouse Capitole","Seller_23","Smartphone",748.77,2,32,"M","Card",1497.54
2024-11-14,"Nice Promenade","Seller_12","Earbuds",732.04,1,46,"M","Check",732.04
2024-11-19,"Marseille Vieux-Port","Seller_22","Earbuds",1166.47,1,37,"M","Card",1166.47
2023-07-28,"Paris Centre","Seller_15","Smartphone",206.35,1,49,"F","Card",206.35
2023-02-28,"Marseille Vieux-Port","Seller_21","Smartphone",843.95,5,21,"M","Card",4219.75
2023-03-05,"Marseille Vieux-Port","Seller_4","Earbuds",617.05,1,41,NA,"Card",617.05
2024-05-23,"Lyon Part-Dieu","Seller_3","Smartphone",1271.86,2,42,NA,"Cash",2543.72
2024-07-29,"Toulouse Capitole","Seller_5","Smartwatch",1495.5,1,40,"M","Card",1495.5
2024-09-24,"Paris Centre","Seller_2","Accessories",1385.54,1,28,"F","Check",1385.54
2023-11-14,"Marseille Vieux-Port","Seller_11","Accessories",1301.99,1,33,"F","Card",1301.99
2024-11-06,"Paris Centre","Seller_25","Smartphone",1469,4,42,"M","",5876
2023-12-13,"Nice Promenade","Seller_15","Laptop",769.13,1,16,"F","Card",769.13
2024-01-23,"Paris Centre","Seller_11","Smartphone",384.68,4,42,"F","Card",1538.72
2024-09-26,"Paris Centre","Seller_19","Smartphone",148.82,1,22,"F","",148.82
2024-04-27,"Nice Promenade","Seller_11","Laptop",241.78,1,24,"M","",241.78
2023-11-03,"Toulouse Capitole","Seller_2","Smartphone",1340.03,2,43,"M","Card",2680.06
2023-03-07,"Marseille Vieux-Port","Seller_25","Laptop",1324.3,3,34,"F","Card",3972.9
2023-09-07,"Nice Promenade","Seller_3","Smartphone",287.17,1,53,"F","Card",287.17
2023-07-15,"Paris Centre","Seller_23","Smartphone",872.26,2,48,"M","Card",1744.52
2023-05-17,"Nice Promenade","Seller_24","Smartphone",1380.44,1,16,NA,"Card",1380.44
2024-03-18,"Nice Promenade","Seller_6","Smartphone",892.11,1,31,NA,"Card",892.11
2024-07-13,"Toulouse Capitole","Seller_1","Accessories",1482.38,1,41,"M","Card",1482.38
2024-02-14,"Paris Centre","Seller_5","Smartphone",66.27,2,25,NA,"Card",132.54
2023-04-26,"Marseille Vieux-Port","Seller_7","Tablet",1365.76,1,28,"M","Card",1365.76
2023-04-08,"Toulouse Capitole","Seller_13","Smartphone",309.74,3,36,NA,"Cash",929.22
2024-03-07,"Paris Centre","Seller_17","Smartphone",184.23,1,42,"M","Check",184.23
2024-01-11,"Paris Centre","Seller_10","Earbuds",425.46,1,30,NA,"Card",425.46
2024-04-22,"Toulouse Capitole","Seller_9","Smartphone",1459.08,1,54,"F","Card",1459.08
2023-09-03,"Marseille Vieux-Port","Seller_4","Smartphone",982.1,1,30,"M","Card",982.1
2023-01-04,"Lyon Part-Dieu","Seller_20","Laptop",152.37,2,30,"F","",304.74
2023-07-12,"Nice Promenade","Seller_17","Smartphone",1360.04,1,55,"M","Check",1360.04
2024-04-28,"Marseille Vieux-Port","Seller_15","Smartphone",477.44,1,43,"F","Card",477.44
2023-08-30,"Lyon Part-Dieu","Seller_20","Smartwatch",159.49,1,39,"M","Card",159.49
2024-05-28,"Nice Promenade","Seller_14","Earbuds",125.94,1,33,"M","",125.94
2024-05-01,"Nice Promenade","Seller_16","Smartphone",357.88,1,29,"F","Card",357.88
2024-08-14,"Nice Promenade","Seller_9","Smartwatch",181.09,1,29,NA,"Card",181.09
2023-10-28,"Toulouse Capitole","Seller_18","Earbuds",1138.3,1,30,"M","Card",1138.3
2023-01-04,"Marseille Vieux-Port","Seller_10","Laptop",248.42,1,27,"M","Card",248.42
2023-08-11,"Marseille Vieux-Port","Seller_23","Laptop",1317.65,1,42,"M","Card",1317.65
2024-07-31,"Marseille Vieux-Port","Seller_10","Tablet",1197.46,2,16,"M","Card",2394.92
2024-10-30,"Paris Centre","Seller_1","Tablet",1231.4,1,33,"M","Card",1231.4
2024-04-03,"Marseille Vieux-Port","Seller_9","Earbuds",1492.21,1,41,"F","Card",1492.21
2023-02-23,"Nice Promenade","Seller_2","Laptop",1335.51,1,32,"F","Check",1335.51
2024-12-26,"Lyon Part-Dieu","Seller_11","Smartphone",664.82,1,26,"F","Card",664.82
2023-12-22,"Toulouse Capitole","Seller_14","Smartphone",663.9,1,16,NA,"Cash",663.9
2023-02-27,"Lyon Part-Dieu","Seller_18","Laptop",1202.45,1,28,"M","Check",1202.45
2023-09-26,"Marseille Vieux-Port","Seller_2","Laptop",841.92,2,40,"M","Check",1683.84
2024-07-07,"Marseille Vieux-Port","Seller_10","Laptop",503.67,1,34,NA,"Card",503.67
2023-10-10,"Nice Promenade","Seller_19","Laptop",295.3,3,30,"F","Check",885.9
2024-02-06,"Toulouse Capitole","Seller_25","Smartphone",1433.61,2,26,"F","Card",2867.22
2024-02-16,"Nice Promenade","Seller_10","Smartphone",1124.92,3,49,"F","Cash",3374.76
2024-06-10,"Lyon Part-Dieu","Seller_22","Tablet",759.24,2,38,"F","Card",1518.48
2024-05-30,"Lyon Part-Dieu","Seller_23","Tablet",350.89,1,48,"F","Card",350.89
2023-01-14,"Marseille Vieux-Port","Seller_22","Tablet",104.58,1,31,"M","Card",104.58
2023-01-10,"Nice Promenade","Seller_20","Laptop",856.73,1,51,"M","Cash",856.73
2024-05-01,"Marseille Vieux-Port","Seller_17","Tablet",84.66,3,39,NA,"Card",253.98
2024-09-21,"Nice Promenade","Seller_6","Tablet",736.47,2,42,"F","Card",1472.94
2024-04-20,"Lyon Part-Dieu","Seller_8","Laptop",389.18,4,44,"M","Card",1556.72
2024-02-20,"Toulouse Capitole","Seller_18","Smartphone",1114.37,1,49,"F","Card",1114.37
2024-10-27,"Lyon Part-Dieu","Seller_15","Laptop",1324.67,2,26,"M","",2649.34
2023-08-25,"Lyon Part-Dieu","Seller_13","Tablet",459.5,1,27,"M","Card",459.5
2023-03-17,"Nice Promenade","Seller_14","Laptop",1219.23,4,49,"F","Card",4876.92
2023-11-11,"Toulouse Capitole","Seller_12","Smartphone",1483.33,1,38,"F","Card",1483.33
2024-06-01,"Lyon Part-Dieu","Seller_25","Smartphone",1210.58,2,38,"M","Card",2421.16
2023-08-13,"Paris Centre","Seller_9","Laptop",1391.72,1,16,"M","Card",1391.72
2024-06-21,"Toulouse Capitole","Seller_17","Tablet",70.25,1,22,"F","Card",70.25
2024-08-16,"Marseille Vieux-Port","Seller_12","Smartwatch",303.79,2,39,"M","Card",607.58
2023-12-22,"Marseille Vieux-Port","Seller_5","Smartphone",765.72,1,24,"M","Cash",765.72
2024-06-06,"Paris Centre","Seller_18","Earbuds",969,1,16,"F","Card",969
2024-12-26,"Paris Centre","Seller_23","Smartphone",1396.9,1,39,"F","Cash",1396.9
2023-06-18,"Lyon Part-Dieu","Seller_7","Smartphone",723.96,1,45,"M","Card",723.96
2024-02-15,"Nice Promenade","Seller_11","Smartphone",690.56,3,52,"M","Card",2071.68
2023-03-23,"Nice Promenade","Seller_25","Laptop",1470.93,1,21,"F","Cash",1470.93
2024-01-11,"Nice Promenade","Seller_6","Smartphone",724.46,1,32,"M","",724.46
2023-01-11,"Paris Centre","Seller_20","Laptop",371.96,1,23,"M","Card",371.96
2024-11-23,"Lyon Part-Dieu","Seller_11","Earbuds",1458.95,2,56,"F","Cash",2917.9
2023-12-24,"Marseille Vieux-Port","Seller_25","Smartwatch",1234.29,1,54,"M","Card",1234.29
2023-09-28,"Toulouse Capitole","Seller_2","Laptop",493.21,1,37,"M","Card",493.21
2024-09-21,"Paris Centre","Seller_20","Smartwatch",669.39,1,29,"M","Card",669.39
2023-06-11,"Lyon Part-Dieu","Seller_16","Laptop",697.39,1,51,"M","Check",697.39
2024-04-06,"Paris Centre","Seller_19","Smartphone",51.34,1,31,"F","Card",51.34
2023-01-05,"Nice Promenade","Seller_16","Earbuds",1305.48,1,30,"M","Check",1305.48
2024-06-14,"Toulouse Capitole","Seller_1","Smartwatch",875.4,5,34,NA,"Card",4377
2023-10-14,"Marseille Vieux-Port","Seller_7","Smartphone",277.47,1,47,"M","Card",277.47
2024-05-22,"Nice Promenade","Seller_7","Laptop",145.46,1,39,"F","Cash",145.46
2024-11-02,"Paris Centre","Seller_25","Laptop",262.42,1,58,"M","Check",262.42
2024-12-09,"Paris Centre","Seller_21","Accessories",575.13,3,46,"M","Card",1725.39
2023-02-15,"Marseille Vieux-Port","Seller_8","Tablet",1245.51,1,16,"F","Card",1245.51
2024-02-28,"Toulouse Capitole","Seller_25","Laptop",713.43,5,40,"F","Card",3567.15
2024-07-24,"Lyon Part-Dieu","Seller_5","Smartphone",794.65,2,59,NA,"Card",1589.3
2023-02-11,"Paris Centre","Seller_9","Earbuds",1069.25,1,22,"F","Card",1069.25
2024-05-20,"Toulouse Capitole","Seller_15","Accessories",548.87,1,40,"F","Card",548.87
2024-07-04,"Marseille Vieux-Port","Seller_15","Smartphone",125.25,1,41,"F","Card",125.25
2023-11-02,"Paris Centre","Seller_16","Smartphone",1346.47,2,37,"M","Card",2692.94
2024-09-19,"Nice Promenade","Seller_9","Smartphone",384.01,2,19,"F","Card",768.02
2024-08-15,"Lyon Part-Dieu","Seller_22","Accessories",99.82,2,32,"F","Card",199.64
2024-03-24,"Nice Promenade","Seller_1","Tablet",450.95,2,27,"M","Card",901.9
2023-07-06,"Lyon Part-Dieu","Seller_23","Laptop",800.14,1,45,"F","Card",800.14
2024-08-14,"Nice Promenade","Seller_15","Laptop",1330.16,3,42,"M","Cash",3990.48
2023-01-21,"Marseille Vieux-Port","Seller_17","Laptop",396.48,1,42,"M","Card",396.48
2023-01-13,"Marseille Vieux-Port","Seller_11","Smartphone",767.33,1,28,"M","Card",767.33
2024-06-30,"Paris Centre","Seller_4","Laptop",220.94,1,39,"M","Card",220.94
2023-07-09,"Paris Centre","Seller_25","Laptop",1450.67,1,38,"F","Card",1450.67
2024-04-24,"Lyon Part-Dieu","Seller_3","Tablet",1118.22,2,20,"F","Cash",2236.44
2024-05-01,"Lyon Part-Dieu","Seller_19","Earbuds",898.2,1,26,"M","Card",898.2
2023-04-04,"Toulouse Capitole","Seller_4","Tablet",365.64,1,61,"M","Card",365.64
2024-02-05,"Lyon Part-Dieu","Seller_3","Smartwatch",1478.18,4,37,"M","Card",5912.72
2024-03-19,"Nice Promenade","Seller_10","Earbuds",1188.53,1,34,"M","",1188.53
2024-11-07,"Toulouse Capitole","Seller_19","Smartphone",867.38,1,47,NA,"Card",867.38
2024-11-13,"Lyon Part-Dieu","Seller_11","Laptop",1414.72,1,20,"M","Card",1414.72
2024-11-09,"Paris Centre","Seller_1","Smartphone",263.33,1,45,"F","Card",263.33
2023-03-10,"Toulouse Capitole","Seller_23","Earbuds",845.69,1,41,"M","Card",845.69
2024-03-26,"Lyon Part-Dieu","Seller_23","Laptop",914.32,1,25,"M","Card",914.32
2024-05-29,"Paris Centre","Seller_15","Earbuds",988.76,1,28,NA,"Card",988.76
2024-01-29,"Paris Centre","Seller_14","Earbuds",1133.31,1,33,"M","",1133.31
2024-06-03,"Lyon Part-Dieu","Seller_21","Tablet",1080.58,1,22,NA,"Card",1080.58
2024-06-20,"Paris Centre","Seller_4","Tablet",1398.77,1,28,NA,"Card",1398.77
2023-10-24,"Toulouse Capitole","Seller_14","Accessories",929.19,1,23,"F","Card",929.19
2023-01-01,"Paris Centre","Seller_5","Smartphone",401.06,2,32,"M","Check",802.12
2023-09-27,"Lyon Part-Dieu","Seller_18","Tablet",155.24,1,23,"M","Card",155.24
2024-04-25,"Paris Centre","Seller_2","Tablet",189.99,3,52,"F","Card",569.97
2023-08-16,"Nice Promenade","Seller_5","Accessories",845.24,1,36,"M","Card",845.24
2023-03-02,"Paris Centre","Seller_16","Smartphone",624.64,4,37,"M","Cash",2498.56
2023-09-11,"Marseille Vieux-Port","Seller_12","Smartphone",1222.5,2,44,"F","Card",2445
2023-12-05,"Nice Promenade","Seller_21","Earbuds",634.46,1,20,NA,"Card",634.46
2023-03-13,"Toulouse Capitole","Seller_23","Tablet",1289.45,2,51,"M","Card",2578.9
2024-05-01,"Toulouse Capitole","Seller_15","Smartphone",470.94,1,41,NA,"Card",470.94
2024-09-15,"Toulouse Capitole","Seller_20","Laptop",967.56,1,24,"F","Card",967.56
2024-10-06,"Nice Promenade","Seller_1","Earbuds",1429.96,3,24,"F","Card",4289.88
2023-03-14,"Nice Promenade","Seller_7","Laptop",1181.05,3,44,"F","Card",3543.15
2023-06-13,"Toulouse Capitole","Seller_6","Laptop",183.01,3,44,"M","Card",549.03
2023-12-06,"Paris Centre","Seller_14","Smartphone",818.36,1,29,"F","Card",818.36
2023-06-23,"Toulouse Capitole","Seller_3","Tablet",646.18,1,39,"M","",646.18
2023-10-27,"Nice Promenade","Seller_1","Smartphone",451.73,1,35,"F","Card",451.73
2023-05-26,"Nice Promenade","Seller_8","Earbuds",361.45,2,27,"M","Card",722.9
2024-03-21,"Marseille Vieux-Port","Seller_17","Earbuds",732.55,1,27,"F","Card",732.55
2023-06-14,"Toulouse Capitole","Seller_9","Tablet",99.32,1,52,"M","Cash",99.32
2024-03-24,"Paris Centre","Seller_4","Smartwatch",58.34,1,42,NA,"Card",58.34
2023-01-17,"Nice Promenade","Seller_21","Tablet",318.13,1,35,NA,"Check",318.13
2024-10-30,"Toulouse Capitole","Seller_13","Laptop",1307.54,1,33,"M","Check",1307.54
2024-11-21,"Nice Promenade","Seller_2","Smartphone",330.68,1,29,"M","Card",330.68
2024-08-26,"Lyon Part-Dieu","Seller_6","Laptop",1256.38,2,24,"M","Card",2512.76
2023-01-30,"Lyon Part-Dieu","Seller_6","Tablet",129.63,1,48,"M","Card",129.63
2024-02-06,"Lyon Part-Dieu","Seller_2","Smartphone",750.97,2,32,"M","Card",1501.94
2024-09-05,"Lyon Part-Dieu","Seller_8","Laptop",423.29,1,47,"M","",423.29
2023-05-05,"Marseille Vieux-Port","Seller_11","Tablet",226.88,1,46,"F","Cash",226.88
2023-12-11,"Marseille Vieux-Port","Seller_7","Laptop",975.21,1,55,"M","Card",975.21
2024-09-07,"Marseille Vieux-Port","Seller_13","Tablet",1444.96,1,52,"F","Card",1444.96
2024-01-28,"Paris Centre","Seller_14","Laptop",1026.79,1,35,"M","Card",1026.79
2024-02-25,"Marseille Vieux-Port","Seller_1","Laptop",937.06,1,27,"F","Card",937.06
2024-08-11,"Toulouse Capitole","Seller_18","Accessories",600.15,2,44,"M","",1200.3
2023-10-10,"Paris Centre","Seller_9","Laptop",836.31,4,34,"M","Card",3345.24
2024-02-11,"Marseille Vieux-Port","Seller_14","Smartphone",1436.53,3,22,"M","Card",4309.59
2023-06-11,"Toulouse Capitole","Seller_25","Earbuds",667.56,3,16,"M","Card",2002.68
2024-02-08,"Marseille Vieux-Port","Seller_25","Smartphone",333.65,1,33,"F","Card",333.65
2024-10-10,"Toulouse Capitole","Seller_23","Smartphone",1082.38,3,39,"F","Card",3247.14
2023-01-15,"Nice Promenade","Seller_2","Laptop",1491.58,3,30,"F","Card",4474.74
2023-01-17,"Paris Centre","Seller_10","Smartwatch",111.75,2,35,"F","Card",223.5
2023-03-28,"Lyon Part-Dieu","Seller_12","Smartphone",686.95,3,16,"F","Card",2060.85
2024-06-23,"Toulouse Capitole","Seller_7","Tablet",1066.71,2,23,"F","Card",2133.42
2024-02-04,"Toulouse Capitole","Seller_1","Laptop",1297.91,1,17,"M","Card",1297.91
2023-05-11,"Paris Centre","Seller_10","Smartphone",147.65,1,60,"F","",147.65
2023-05-03,"Lyon Part-Dieu","Seller_21","Tablet",1265.67,2,47,NA,"Cash",2531.34
2023-07-22,"Nice Promenade","Seller_5","Smartphone",674.37,1,20,"F","Card",674.37
2024-03-25,"Nice Promenade","Seller_16","Smartphone",733.38,1,70,"F","Card",733.38
2024-02-06,"Toulouse Capitole","Seller_3","Tablet",209.16,1,50,"F","Card",209.16
2024-08-31,"Nice Promenade","Seller_7","Smartphone",822.83,1,30,"M","Card",822.83
2024-06-01,"Nice Promenade","Seller_16","Accessories",462.84,2,16,"F","Check",925.68
2024-12-03,"Nice Promenade","Seller_21","Smartphone",873.98,1,20,"F","Cash",873.98
2024-11-23,"Toulouse Capitole","Seller_23","Smartphone",1208.2,1,39,"M","",1208.2
2024-03-30,"Toulouse Capitole","Seller_25","Smartphone",277.06,2,29,"M","Card",554.12
2023-08-16,"Paris Centre","Seller_6","Smartphone",225.97,4,23,"F","Card",903.88
2024-08-23,"Lyon Part-Dieu","Seller_15","Tablet",754.74,1,20,"M","Cash",754.74
2023-01-13,"Paris Centre","Seller_25","Smartphone",352.17,3,33,"M","Card",1056.51
2023-04-11,"Lyon Part-Dieu","Seller_13","Earbuds",824.41,1,28,"M","Card",824.41
2023-06-21,"Lyon Part-Dieu","Seller_21","Smartphone",1330.19,1,37,"F","Card",1330.19
2024-03-19,"Lyon Part-Dieu","Seller_15","Laptop",1489.95,1,16,"F","Card",1489.95
2023-12-05,"Paris Centre","Seller_4","Earbuds",566.92,1,31,"M","Card",566.92
2023-01-20,"Toulouse Capitole","Seller_25","Laptop",1395.7,1,55,"M","",1395.7
2024-07-13,"Marseille Vieux-Port","Seller_1","Smartwatch",823.75,3,44,"F","Card",2471.25
2024-11-13,"Paris Centre","Seller_14","Tablet",191.02,2,34,"M","Check",382.04
2023-06-23,"Paris Centre","Seller_2","Tablet",1411.35,1,16,"M","Card",1411.35
2023-06-05,"Paris Centre","Seller_11","Smartphone",397.11,1,16,"M","Card",397.11
2023-02-09,"Marseille Vieux-Port","Seller_20","Earbuds",991.79,1,24,"F","Card",991.79
2023-05-31,"Toulouse Capitole","Seller_9","Smartwatch",228,1,50,"F","Card",228
2023-07-15,"Paris Centre","Seller_16","Smartphone",1239.49,1,29,"M","Check",1239.49
2023-01-02,"Paris Centre","Seller_18","Earbuds",1286.23,2,52,"M","Cash",2572.46
2024-02-23,"Toulouse Capitole","Seller_20","Smartphone",1464.12,1,41,"M","Card",1464.12
2023-06-15,"Marseille Vieux-Port","Seller_3","Smartphone",1427.13,1,25,"M","",1427.13
2024-04-06,"Paris Centre","Seller_8","Smartphone",1486.91,1,26,"F","Card",1486.91
2024-12-15,"Lyon Part-Dieu","Seller_8","Smartphone",526.27,1,17,"M","Check",526.27
2024-12-19,"Marseille Vieux-Port","Seller_22","Tablet",929.51,1,46,"F","Cash",929.51
2024-08-22,"Paris Centre","Seller_6","Earbuds",1299.05,1,46,"F","Card",1299.05
2023-05-15,"Toulouse Capitole","Seller_1","Smartphone",75.89,2,33,"F","Card",151.78
2024-06-10,"Paris Centre","Seller_17","Smartphone",1257.63,1,34,"M","Check",1257.63
2024-12-12,"Lyon Part-Dieu","Seller_15","Smartphone",320.11,1,49,"F","Card",320.11
2024-08-06,"Marseille Vieux-Port","Seller_2","Smartphone",456.01,3,28,"F","Card",1368.03
2023-04-02,"Nice Promenade","Seller_8","Smartphone",1041.66,1,29,"M","Card",1041.66
2024-08-09,"Lyon Part-Dieu","Seller_24","Tablet",1399.96,1,28,"M","Cash",1399.96
2024-02-20,"Marseille Vieux-Port","Seller_14","Accessories",560.86,1,35,"F","Card",560.86
2024-07-07,"Lyon Part-Dieu","Seller_23","Laptop",609.75,1,39,"F","Check",609.75
2023-03-01,"Nice Promenade","Seller_23","Earbuds",994.31,1,34,NA,"Card",994.31
2023-02-22,"Toulouse Capitole","Seller_24","Accessories",226.57,2,16,"F","Card",453.14
2024-09-06,"Nice Promenade","Seller_6","Smartphone",517.36,1,38,"F","Card",517.36
2024-03-02,"Lyon Part-Dieu","Seller_5","Smartphone",314.85,2,53,NA,"Card",629.7
2023-09-17,"Marseille Vieux-Port","Seller_2","Laptop",827.86,1,46,NA,"Card",827.86
2023-06-08,"Paris Centre","Seller_22","Earbuds",921.23,2,45,"F","Card",1842.46
2023-09-16,"Lyon Part-Dieu","Seller_24","Laptop",447.11,1,39,"F","Card",447.11
2024-02-21,"Nice Promenade","Seller_18","Accessories",1260.86,1,46,"M","Card",1260.86
2023-12-24,"Marseille Vieux-Port","Seller_1","Laptop",1103.41,2,29,NA,"Card",2206.82
2024-03-21,"Nice Promenade","Seller_3","Laptop",128.7,1,30,"M","Card",128.7
2024-06-26,"Lyon Part-Dieu","Seller_25","Smartphone",1158.03,1,40,"F","Card",1158.03
2023-08-16,"Lyon Part-Dieu","Seller_6","Earbuds",999.81,1,47,"M","Card",999.81
2024-08-30,"Nice Promenade","Seller_1","Laptop",456.82,1,35,"M","Card",456.82
2023-03-12,"Toulouse Capitole","Seller_3","Tablet",585.44,2,29,"M","Cash",1170.88
2024-06-02,"Paris Centre","Seller_4","Smartphone",750.97,1,16,"M","Cash",750.97
2023-04-13,"Paris Centre","Seller_10","Laptop",428.94,2,33,"M","Cash",857.88
2024-03-11,"Nice Promenade","Seller_23","Smartphone",481.49,3,44,"F","Card",1444.47
2024-07-10,"Paris Centre","Seller_5","Earbuds",933.87,1,34,"M","Cash",933.87
2023-01-02,"Marseille Vieux-Port","Seller_10","Laptop",842.68,2,42,"F","Card",1685.36
2024-03-27,"Marseille Vieux-Port","Seller_18","Laptop",132.55,1,26,"F","Card",132.55
2023-12-21,"Lyon Part-Dieu","Seller_3","Tablet",657.2,2,16,"M","Card",1314.4
2024-07-05,"Lyon Part-Dieu","Seller_3","Tablet",1009.15,2,25,"F","Card",2018.3
2024-06-14,"Toulouse Capitole","Seller_5","Smartphone",480.22,2,40,"M","Card",960.44
2023-05-25,"Toulouse Capitole","Seller_4","Earbuds",671.38,1,31,"M","Card",671.38
2024-03-30,"Lyon Part-Dieu","Seller_12","Smartphone",1130.81,1,36,"F","Card",1130.81
2024-04-12,"Lyon Part-Dieu","Seller_6","Laptop",605.74,2,16,"F","Card",1211.48
2023-10-14,"Lyon Part-Dieu","Seller_11","Smartphone",75.47,2,50,"M","Card",150.94
2023-11-12,"Marseille Vieux-Port","Seller_6","Tablet",1102.19,2,35,"F","Card",2204.38
2024-11-17,"Lyon Part-Dieu","Seller_20","Tablet",1310.64,1,39,"F","Card",1310.64
2024-08-20,"Nice Promenade","Seller_5","Smartphone",805.31,1,23,"M","Card",805.31
2023-06-12,"Marseille Vieux-Port","Seller_17","Earbuds",551.36,1,19,"F","Check",551.36
2023-03-18,"Lyon Part-Dieu","Seller_18","Laptop",293.87,3,61,"M","Card",881.61
2023-06-04,"Lyon Part-Dieu","Seller_4","Smartwatch",295.93,3,16,"M","Cash",887.79
2024-05-17,"Nice Promenade","Seller_24","Tablet",863.08,1,28,"F","Card",863.08
2023-05-15,"Paris Centre","Seller_5","Smartphone",694.42,1,33,"F","Card",694.42
2023-03-28,"Lyon Part-Dieu","Seller_10","Smartphone",NA,1,52,"M","Card",NA
2023-03-23,"Nice Promenade","Seller_2","Laptop",272.44,2,32,"F","Check",544.88
2023-05-20,"Marseille Vieux-Port","Seller_16","Smartphone",51.78,1,20,"M","Cash",51.78
2023-10-19,"Marseille Vieux-Port","Seller_2","Accessories",1118.45,1,28,NA,"",1118.45
2023-08-14,"Paris Centre","Seller_25","Smartphone",1120.7,3,25,"F","Cash",3362.1
2023-10-06,"Nice Promenade","Seller_23","Smartphone",225.43,2,20,"M","Card",450.86
2023-02-21,"Lyon Part-Dieu","Seller_1","Smartphone",729.64,3,42,NA,"Card",2188.92
2024-04-21,"Lyon Part-Dieu","Seller_22","Accessories",1159.18,4,37,"F","Card",4636.72
2024-10-05,"Marseille Vieux-Port","Seller_21","Smartphone",119.39,1,32,"F","Card",119.39
2023-05-05,"Marseille Vieux-Port","Seller_10","Smartphone",928.93,3,25,"M","Card",2786.79
2023-03-02,"Paris Centre","Seller_3","Smartphone",1182.93,1,33,"M","Cash",1182.93
2023-04-08,"Lyon Part-Dieu","Seller_6","Smartphone",845.11,2,45,"M","Card",1690.22
2023-11-22,"Lyon Part-Dieu","Seller_11","Smartphone",70.86,1,32,"M","Card",70.86
2023-08-29,"Marseille Vieux-Port","Seller_14","Tablet",902.85,1,37,"M","Card",902.85
2023-09-06,"Paris Centre","Seller_20","Tablet",694.92,2,48,"F","Cash",1389.84
2023-05-25,"Lyon Part-Dieu","Seller_3","Smartwatch",1227.29,1,35,"F","Card",1227.29
2024-07-24,"Marseille Vieux-Port","Seller_8","Smartphone",293.69,2,45,NA,"Cash",587.38
2023-04-25,"Paris Centre","Seller_8","Earbuds",341.38,1,34,"F","Card",341.38
2024-06-25,"Paris Centre","Seller_4","Smartphone",549.58,1,43,"F","Cash",549.58
2024-01-26,"Toulouse Capitole","Seller_14","Laptop",340.37,2,43,"F","Card",680.74
2023-06-28,"Paris Centre","Seller_8","Tablet",194.24,1,29,"M","Card",194.24
2023-01-16,"Toulouse Capitole","Seller_15","Smartphone",603.88,2,33,"F","Card",1207.76
2023-11-03,"Toulouse Capitole","Seller_18","Laptop",1318.71,3,16,"M","Card",3956.13
2024-08-28,"Nice Promenade","Seller_12","Tablet",1067.58,1,35,"M","Card",1067.58
2024-11-07,"Toulouse Capitole","Seller_16","Smartphone",1104.06,1,39,"F","Card",1104.06
2023-03-24,"Paris Centre","Seller_3","Laptop",105.36,3,32,"F","Card",316.08
2024-12-02,"Lyon Part-Dieu","Seller_24","Accessories",363.39,1,37,"F","Card",363.39
2023-06-09,"Paris Centre","Seller_6","Accessories",1492.67,1,31,"M","Cash",1492.67
2023-11-12,"Marseille Vieux-Port","Seller_21","Tablet",431.24,2,51,"F","Cash",862.48
2023-09-28,"Paris Centre","Seller_14","Earbuds",1445.99,1,48,"F","Card",1445.99
2023-09-04,"Marseille Vieux-Port","Seller_8","Earbuds",1256.77,1,29,NA,"Card",1256.77
2024-06-07,"Marseille Vieux-Port","Seller_11","Earbuds",791.08,3,32,"F","Card",2373.24
2024-12-07,"Nice Promenade","Seller_1","Tablet",529.1,2,44,"F","Check",1058.2
2024-11-06,"Nice Promenade","Seller_23","Smartphone",1068.55,2,37,"M","Card",2137.1
2023-11-12,"Paris Centre","Seller_3","Smartphone",294.6,1,21,"M","Card",294.6
2023-07-19,"Toulouse Capitole","Seller_25","Smartphone",688.6,2,33,NA,"Check",1377.2
2024-01-06,"Paris Centre","Seller_13","Laptop",1382.28,2,46,"F","Card",2764.56
2023-02-23,"Paris Centre","Seller_17","Laptop",1089.31,3,56,"M","Check",3267.93
2024-12-15,"Lyon Part-Dieu","Seller_16","Laptop",423.85,1,32,NA,"Card",423.85
2023-09-09,"Toulouse Capitole","Seller_25","Laptop",297.6,1,39,"F","Card",297.6
2024-12-07,"Paris Centre","Seller_10","Laptop",959.97,1,28,"F","Card",959.97
2024-05-01,"Marseille Vieux-Port","Seller_6","Earbuds",537.62,1,28,NA,"Card",537.62
2023-03-28,"Lyon Part-Dieu","Seller_3","Laptop",1024.25,2,47,"F","Check",2048.5
2023-06-28,"Marseille Vieux-Port","Seller_13","Tablet",1474.55,3,40,"F","Card",4423.65
2024-11-25,"Lyon Part-Dieu","Seller_17","Smartphone",1427.75,1,28,"M","Card",1427.75
2024-03-13,"Lyon Part-Dieu","Seller_18","Smartphone",265.45,1,32,"F","Cash",265.45
2024-05-08,"Lyon Part-Dieu","Seller_1","Smartphone",577.54,1,16,"F","Cash",577.54
2023-12-16,"Lyon Part-Dieu","Seller_21","Laptop",356.63,1,22,"M","Card",356.63
2023-02-13,"Paris Centre","Seller_6","Laptop",652.96,2,42,"M","Card",1305.92
2024-08-30,"Toulouse Capitole","Seller_10","Earbuds",1093.74,1,44,NA,"Card",1093.74
2024-12-10,"Toulouse Capitole","Seller_4","Laptop",975.14,1,33,"F","Cash",975.14
2024-02-03,"Toulouse Capitole","Seller_3","Smartphone",1150.54,2,33,"F","Card",2301.08
2023-07-25,"Paris Centre","Seller_24","Tablet",212.7,4,40,"F","Card",850.8
2024-01-31,"Paris Centre","Seller_17","Smartphone",852.82,2,24,"M","Cash",1705.64
2023-12-30,"Marseille Vieux-Port","Seller_9","Smartphone",724.87,3,32,"F","Card",2174.61
2023-03-25,"Paris Centre","Seller_16","Tablet",1257.82,1,43,"F","Cash",1257.82
2024-03-21,"Lyon Part-Dieu","Seller_25","Smartphone",715.71,2,30,"M","",1431.42
2023-10-17,"Paris Centre","Seller_11","Earbuds",140.91,2,38,"M","Card",281.82
2024-02-09,"Nice Promenade","Seller_11","Laptop",314.51,1,16,"F","Cash",314.51
2023-10-30,"Nice Promenade","Seller_1","Earbuds",1071.41,4,51,"F","Cash",4285.64
2024-08-01,"Lyon Part-Dieu","Seller_16","Tablet",654.46,2,16,NA,"Card",1308.92
2023-04-01,"Nice Promenade","Seller_19","Laptop",239.11,3,32,"F","Check",717.33
2023-12-19,"Marseille Vieux-Port","Seller_24","Laptop",702.77,1,34,"M","Card",702.77
2023-01-30,"Toulouse Capitole","Seller_2","Smartwatch",1334.72,1,41,"M","Check",1334.72
2024-01-31,"Paris Centre","Seller_2","Laptop",181.61,2,20,NA,"Card",363.22
2024-03-30,"Paris Centre","Seller_2","Laptop",182.16,5,48,"M","Card",910.8
2023-10-15,"Marseille Vieux-Port","Seller_22","Smartphone",1279.79,2,22,NA,"Card",2559.58
2023-05-09,"Lyon Part-Dieu","Seller_4","Smartphone",207.64,1,58,"F","Card",207.64
2023-04-02,"Marseille Vieux-Port","Seller_5","Tablet",1416.79,1,39,"F","Card",1416.79
2023-01-10,"Toulouse Capitole","Seller_17","Laptop",658.39,2,23,"F","Check",1316.78
2024-06-17,"Lyon Part-Dieu","Seller_4","Earbuds",1176.06,1,39,"F","Card",1176.06
2023-05-05,"Toulouse Capitole","Seller_8","Smartphone",363.88,2,24,NA,"Card",727.76
2023-11-06,"Marseille Vieux-Port","Seller_2","Smartphone",1190.91,1,60,"M","Card",1190.91
2023-11-04,"Lyon Part-Dieu","Seller_22","Tablet",891.21,2,32,"M","Card",1782.42
2023-04-27,"Nice Promenade","Seller_6","Smartphone",763.29,3,39,NA,"Cash",2289.87
2024-02-04,"Paris Centre","Seller_11","Smartphone",1099.47,1,23,"F","Card",1099.47
2023-04-06,"Lyon Part-Dieu","Seller_18","Laptop",925.1,1,49,NA,"Card",925.1
2023-05-07,"Marseille Vieux-Port","Seller_15","Smartphone",329.64,3,47,"F","Check",988.92
2024-09-25,"Toulouse Capitole","Seller_10","Laptop",1188.63,3,32,"F","Cash",3565.89
2024-09-16,"Marseille Vieux-Port","Seller_13","Smartphone",310.62,2,38,"F","Card",621.24
2023-06-01,"Marseille Vieux-Port","Seller_11","Accessories",276.94,1,46,"F","Check",276.94
2023-01-12,"Toulouse Capitole","Seller_17","Tablet",1036.09,4,33,"M","Card",4144.36
2024-12-10,"Marseille Vieux-Port","Seller_10","Earbuds",456.69,1,38,"M","Card",456.69
2024-08-04,"Paris Centre","Seller_22","Tablet",581.05,1,23,"F","Card",581.05
2023-09-18,"Lyon Part-Dieu","Seller_18","Smartphone",346.91,3,41,"M","Check",1040.73
2023-04-19,"Nice Promenade","Seller_24","Smartphone",789.94,1,35,"F","Card",789.94
2024-08-02,"Lyon Part-Dieu","Seller_15","Smartphone",102.49,1,44,"M","Cash",102.49
2024-03-27,"Toulouse Capitole","Seller_23","Smartphone",896.74,1,26,"M","Card",896.74
2023-03-14,"Toulouse Capitole","Seller_1","Tablet",1230.55,1,20,"F","Card",1230.55
2023-12-27,"Paris Centre","Seller_6","Laptop",649.83,1,39,"M","",649.83
2023-10-06,"Paris Centre","Seller_1","Tablet",212.29,1,38,"F","Cash",212.29
2024-02-13,"Nice Promenade","Seller_10","Smartphone",676.04,2,22,"F","Card",1352.08
2023-03-27,"Toulouse Capitole","Seller_4","Tablet",264.42,1,41,"M","Card",264.42
2024-03-30,"Paris Centre","Seller_13","Tablet",1456.69,1,37,"M","Card",1456.69
2023-03-07,"Toulouse Capitole","Seller_18","Laptop",646.85,1,45,"M","Card",646.85
2024-12-06,"Toulouse Capitole","Seller_22","Smartphone",1282.3,3,34,"F","Check",3846.9
2024-07-18,"Toulouse Capitole","Seller_23","Earbuds",544.46,2,43,"F","Card",1088.92
2023-09-23,"Lyon Part-Dieu","Seller_12","Smartphone",270.45,1,31,"M","Card",270.45
2024-10-31,"Marseille Vieux-Port","Seller_13","Smartphone",383.09,1,24,"F","Cash",383.09
2023-02-14,"Nice Promenade","Seller_9","Tablet",322.08,2,50,"F","Check",644.16
2024-10-04,"Nice Promenade","Seller_3","Laptop",621.8,2,41,"F","Card",1243.6
2024-06-11,"Nice Promenade","Seller_8","Smartphone",825.8,1,23,"F","Card",825.8
2023-08-12,"Lyon Part-Dieu","Seller_11","Smartphone",NA,1,18,"F","Card",NA
2023-06-26,"Marseille Vieux-Port","Seller_22","Smartphone",858.94,1,36,"F","Card",858.94
2023-09-08,"Paris Centre","Seller_18","Laptop",465.11,1,65,"F","Card",465.11
2023-05-08,"Paris Centre","Seller_4","Laptop",846.82,1,17,NA,"Card",846.82
2023-08-11,"Nice Promenade","Seller_10","Earbuds",499.59,1,30,"F","Card",499.59
2024-07-18,"Lyon Part-Dieu","Seller_16","Tablet",540.99,2,37,"M","Card",1081.98
2024-11-10,"Paris Centre","Seller_18","Smartphone",1438.75,2,31,"M","Card",2877.5
2023-11-05,"Lyon Part-Dieu","Seller_14","Smartphone",325.53,3,39,"F","Card",976.59
2024-01-14,"Nice Promenade","Seller_19","Tablet",1381.91,1,31,"F","Check",1381.91
2023-05-31,"Paris Centre","Seller_20","Earbuds",1002.87,1,50,"M","Cash",1002.87
2023-01-21,"Paris Centre","Seller_16","Smartphone",363.42,2,24,"M","Card",726.84
2023-02-15,"Nice Promenade","Seller_9","Laptop",354.59,3,22,"F","Card",1063.77
2024-02-03,"Marseille Vieux-Port","Seller_24","Earbuds",1049,1,39,NA,"Card",1049
2024-06-20,"Nice Promenade","Seller_14","Tablet",1323.48,2,27,"M","Card",2646.96
2024-06-12,"Marseille Vieux-Port","Seller_15","Smartphone",1381.9,1,41,"F","Card",1381.9
2023-04-24,"Toulouse Capitole","Seller_23","Tablet",343.86,2,31,"F","Card",687.72
2024-01-31,"Lyon Part-Dieu","Seller_11","Smartphone",466.97,1,41,"M","Card",466.97
2023-02-18,"Marseille Vieux-Port","Seller_7","Smartphone",987.99,1,26,"M","Card",987.99
2023-01-25,"Paris Centre","Seller_6","Tablet",1255.07,1,31,"F","Card",1255.07
2024-05-18,"Nice Promenade","Seller_18","Earbuds",1142.72,1,35,"F","Cash",1142.72
2023-04-01,"Paris Centre","Seller_15","Tablet",1064.12,1,57,"F","Card",1064.12
2023-01-02,"Marseille Vieux-Port","Seller_5","Smartphone",166.61,1,38,NA,"Card",166.61
2023-01-21,"Nice Promenade","Seller_1","Laptop",956.4,1,40,"F","Card",956.4
2023-08-28,"Lyon Part-Dieu","Seller_7","Laptop",65.38,2,25,"F","Card",130.76
2024-03-09,"Lyon Part-Dieu","Seller_11","Laptop",574.18,1,35,"M","Card",574.18
2023-01-13,"Toulouse Capitole","Seller_22","Laptop",407.04,1,29,"F","Card",407.04
2023-01-12,"Lyon Part-Dieu","Seller_20","Smartphone",753.69,2,22,"M","Card",1507.38
2023-06-12,"Paris Centre","Seller_14","Laptop",1220.31,3,56,"M","Card",3660.93
2023-12-10,"Paris Centre","Seller_5","Earbuds",367.75,1,46,"F","Card",367.75
2023-02-23,"Nice Promenade","Seller_6","Tablet",1026.79,1,47,"M","Card",1026.79
2024-01-05,"Paris Centre","Seller_23","Tablet",577.02,1,31,"F","Card",577.02
2024-06-04,"Paris Centre","Seller_19","Laptop",433.75,1,29,"M","Card",433.75
2024-08-27,"Lyon Part-Dieu","Seller_20","Smartphone",710.86,1,23,"F","Card",710.86
2024-05-07,"Paris Centre","Seller_9","Earbuds",90.4,1,29,"M","Card",90.4
2023-07-10,"Lyon Part-Dieu","Seller_17","Smartphone",268.58,4,26,"F","Card",1074.32
2023-12-08,"Marseille Vieux-Port","Seller_6","Smartphone",573.74,2,23,"M","Card",1147.48
2023-07-27,"Nice Promenade","Seller_4","Smartwatch",704.21,1,28,"F","Card",704.21
2024-12-22,"Toulouse Capitole","Seller_3","Earbuds",322.3,2,26,"F","Cash",644.6
2024-11-25,"Marseille Vieux-Port","Seller_24","Smartphone",1059.42,2,32,"M","Card",2118.84
2024-02-28,"Nice Promenade","Seller_13","Tablet",1108.22,3,16,"M","Card",3324.66
2024-10-11,"Lyon Part-Dieu","Seller_2","Tablet",460.64,2,36,"F","Card",921.28
2024-12-14,"Nice Promenade","Seller_10","Laptop",1446.93,1,16,"F","Card",1446.93
2024-04-22,"Nice Promenade","Seller_6","Earbuds",259.89,1,20,"F","Card",259.89
2023-08-26,"Marseille Vieux-Port","Seller_7","Smartphone",1217.9,1,48,"M","Card",1217.9
2024-03-02,"Toulouse Capitole","Seller_2","Tablet",385.81,2,35,"M","Card",771.62
2023-04-13,"Marseille Vieux-Port","Seller_20","Smartphone",229.36,1,34,NA,"Card",229.36
2023-01-13,"Marseille Vieux-Port","Seller_12","Laptop",674.51,3,20,"M","Card",2023.53
2024-05-27,"Marseille Vieux-Port","Seller_23","Laptop",1084.64,1,50,"M","Cash",1084.64
2023-08-29,"Toulouse Capitole","Seller_6","Smartwatch",496.92,1,33,"F","Check",496.92
2024-04-25,"Marseille Vieux-Port","Seller_13","Tablet",324.81,3,22,"M","Card",974.43
2023-07-24,"Nice Promenade","Seller_5","Smartphone",1121.31,1,34,"F","Card",1121.31
2024-08-20,"Marseille Vieux-Port","Seller_19","Laptop",1064.95,2,20,"M","Check",2129.9
2023-11-24,"Paris Centre","Seller_25","Tablet",299.83,2,44,"F","Card",599.66
2024-08-20,"Toulouse Capitole","Seller_5","Earbuds",233.65,1,16,"F","",233.65
2024-01-26,"Marseille Vieux-Port","Seller_21","Smartphone",251.71,1,31,"F","Check",251.71
2024-01-30,"Lyon Part-Dieu","Seller_8","Earbuds",180.06,3,44,"F","Card",540.18
2023-04-24,"Paris Centre","Seller_1","Laptop",1439.91,1,38,"M","Card",1439.91
2024-12-25,"Paris Centre","Seller_20","Tablet",1219.39,1,28,"F","Cash",1219.39
2023-08-17,"Toulouse Capitole","Seller_11","Laptop",632.82,1,16,"M","Card",632.82
2023-05-24,"Marseille Vieux-Port","Seller_18","Earbuds",581.66,1,45,"M","Card",581.66
2024-03-01,"Toulouse Capitole","Seller_22","Tablet",285.34,1,23,"M","Card",285.34
2024-08-22,"Paris Centre","Seller_5","Smartphone",1377.14,2,49,"M","Check",2754.28
2024-10-21,"Lyon Part-Dieu","Seller_2","Laptop",1177.24,1,31,"M","Check",1177.24
2023-05-08,"Nice Promenade","Seller_16","Smartphone",1188.96,1,27,"M","Card",1188.96
2023-09-30,"Marseille Vieux-Port","Seller_9","Laptop",439.87,1,34,"F","Cash",439.87
2024-10-20,"Marseille Vieux-Port","Seller_2","Accessories",276.02,3,44,"M","Card",828.06
2023-07-08,"Lyon Part-Dieu","Seller_10","Laptop",1157.76,4,65,"F","",4631.04
2024-03-29,"Toulouse Capitole","Seller_18","Tablet",442.92,3,50,"F","Card",1328.76
2023-08-07,"Nice Promenade","Seller_2","Earbuds",719.38,1,40,"F","Card",719.38
2024-04-19,"Paris Centre","Seller_25","Earbuds",419.8,1,25,"F","Card",419.8
2023-06-03,"Nice Promenade","Seller_19","Smartphone",576.42,1,32,"M","Card",576.42
2024-10-25,"Marseille Vieux-Port","Seller_4","Smartphone",605.67,1,48,"F","Card",605.67
2023-06-14,"Nice Promenade","Seller_23","Laptop",405.5,1,27,"M","",405.5
2023-02-13,"Marseille Vieux-Port","Seller_23","Smartphone",767.55,1,38,"M","Cash",767.55
2023-10-03,"Paris Centre","Seller_13","Earbuds",201.44,3,26,"F","Cash",604.32
2023-02-17,"Toulouse Capitole","Seller_22","Laptop",448.47,1,33,"M","Check",448.47
2023-09-28,"Toulouse Capitole","Seller_4","Accessories",1130.71,1,38,"M","Card",1130.71
2023-07-09,"Toulouse Capitole","Seller_15","Laptop",785.34,1,37,NA,"Card",785.34
2024-07-31,"Toulouse Capitole","Seller_15","Smartwatch",1247.31,1,51,"M","Card",1247.31
2023-03-04,"Marseille Vieux-Port","Seller_11","Tablet",519.97,1,23,"M","Card",519.97
2023-10-15,"Lyon Part-Dieu","Seller_12","Smartphone",1267.07,1,51,"F","Card",1267.07
2024-11-05,"Paris Centre","Seller_20","Laptop",1159.01,1,40,NA,"Card",1159.01
2024-03-01,"Marseille Vieux-Port","Seller_2","Earbuds",1427.08,2,32,"M","Card",2854.16
2024-02-25,"Nice Promenade","Seller_1","Earbuds",1363.48,5,47,"M","Card",6817.4
2024-08-06,"Toulouse Capitole","Seller_6","Earbuds",1039.65,1,50,"M","Card",1039.65
2023-08-09,"Nice Promenade","Seller_22","Tablet",1072.25,2,26,"F","Card",2144.5
2023-04-16,"Toulouse Capitole","Seller_24","Smartphone",927.73,1,32,"F","Cash",927.73
2024-02-16,"Lyon Part-Dieu","Seller_15","Smartphone",490.97,2,44,"F","",981.94
2023-12-28,"Nice Promenade","Seller_12","Laptop",1069.99,2,60,"M","Cash",2139.98
2023-02-11,"Lyon Part-Dieu","Seller_7","Laptop",53.17,2,16,"F","Card",106.34
2023-02-16,"Marseille Vieux-Port","Seller_25","Laptop",90.18,1,38,"F","Card",90.18
2024-04-01,"Toulouse Capitole","Seller_1","Smartphone",1484.52,2,47,"F","Cash",2969.04
2024-11-12,"Nice Promenade","Seller_2","Smartphone",413.95,2,22,"F","Card",827.9
2023-12-20,"Marseille Vieux-Port","Seller_22","Smartphone",971.23,2,38,"F","Cash",1942.46
2023-06-20,"Marseille Vieux-Port","Seller_3","Laptop",86.45,1,21,"M","Cash",86.45
2024-04-04,"Marseille Vieux-Port","Seller_9","Earbuds",242.19,1,24,"F","Cash",242.19
2023-07-08,"Marseille Vieux-Port","Seller_16","Accessories",478.1,3,45,NA,"Card",1434.3
2024-10-31,"Lyon Part-Dieu","Seller_7","Smartphone",1103.14,3,42,"F","Cash",3309.42
2024-12-17,"Paris Centre","Seller_5","Tablet",1374.59,1,16,"F","Card",1374.59
2023-02-07,"Nice Promenade","Seller_21","Laptop",1199.74,2,32,NA,"Check",2399.48
2023-03-04,"Paris Centre","Seller_19","Laptop",1182.38,2,31,"M","Card",2364.76
2023-09-19,"Lyon Part-Dieu","Seller_17","Laptop",1428.56,3,23,"M","Check",4285.68
2023-02-09,"Marseille Vieux-Port","Seller_3","Laptop",50.03,1,29,"F","Card",50.03
2024-11-01,"Lyon Part-Dieu","Seller_9","Smartphone",932.95,1,25,"M","Card",932.95
2023-01-19,"Lyon Part-Dieu","Seller_14","Smartphone",1026.78,2,53,"M","Card",2053.56
2024-12-18,"Toulouse Capitole","Seller_16","Laptop",1149.39,2,16,"M","Cash",2298.78
2023-11-21,"Toulouse Capitole","Seller_22","Smartphone",358.66,1,37,"F","Card",358.66
2024-03-08,"Nice Promenade","Seller_13","Tablet",383.27,1,44,"M","Card",383.27
2024-07-28,"Nice Promenade","Seller_6","Tablet",871.12,3,48,"M","Check",2613.36
2023-04-10,"Marseille Vieux-Port","Seller_12","Smartphone",168.25,2,26,"F","Cash",336.5
2023-11-10,"Toulouse Capitole","Seller_1","Earbuds",928.66,3,20,"M","Card",2785.98
2023-07-08,"Marseille Vieux-Port","Seller_24","Laptop",1253.34,2,60,"M","Card",2506.68
2024-04-17,"Nice Promenade","Seller_21","Tablet",940.78,2,67,"M","Card",1881.56
2023-05-21,"Nice Promenade","Seller_6","Smartphone",365.74,1,49,"F","Cash",365.74
2023-06-02,"Lyon Part-Dieu","Seller_1","Smartphone",315,1,28,"M","Card",315
2024-07-29,"Toulouse Capitole","Seller_19","Smartphone",1317.75,2,40,NA,"Card",2635.5
2023-06-12,"Nice Promenade","Seller_9","Laptop",496.18,1,41,"F","Card",496.18
2023-02-09,"Marseille Vieux-Port","Seller_4","Smartphone",1193.63,2,35,"F","Card",2387.26
2023-08-27,"Nice Promenade","Seller_12","Tablet",1228.22,3,34,"M","Card",3684.66
2023-12-18,"Marseille Vieux-Port","Seller_12","Smartphone",691.32,2,26,"F","Card",1382.64
2024-02-18,"Nice Promenade","Seller_6","Smartphone",534.28,1,30,NA,"Check",534.28
2023-03-10,"Marseille Vieux-Port","Seller_7","Accessories",1151.62,2,20,"F","Card",2303.24
2024-04-23,"Toulouse Capitole","Seller_17","Earbuds",179.67,2,33,"F","Card",359.34
2024-07-08,"Lyon Part-Dieu","Seller_2","Laptop",217.51,3,45,"M","Cash",652.53
2023-05-02,"Nice Promenade","Seller_17","Laptop",338.35,1,25,"F","Cash",338.35
2023-12-17,"Toulouse Capitole","Seller_25","Earbuds",671.4,1,58,"F","Card",671.4
2023-02-21,"Paris Centre","Seller_19","Smartphone",934.21,3,39,"M","Card",2802.63
2023-12-29,"Paris Centre","Seller_16","Smartphone",759.57,5,19,"M","Card",3797.85
2024-10-01,"Nice Promenade","Seller_18","Smartphone",1123.33,1,41,"F","Card",1123.33
2023-09-29,"Marseille Vieux-Port","Seller_20","Laptop",216.99,2,33,"F","Check",433.98
2023-03-14,"Lyon Part-Dieu","Seller_17","Tablet",1196.02,1,61,"M","Card",1196.02
2023-07-17,"Marseille Vieux-Port","Seller_21","Tablet",226.04,2,42,"M","Card",452.08
2024-06-19,"Toulouse Capitole","Seller_2","Smartwatch",539.69,2,39,"F","Card",1079.38
2024-12-09,"Paris Centre","Seller_5","Earbuds",357.03,1,23,"M","",357.03
2024-01-10,"Toulouse Capitole","Seller_14","Laptop",761.92,2,39,"F","Card",1523.84
2024-12-18,"Paris Centre","Seller_9","Earbuds",1413.29,3,36,"F","Card",4239.87
2024-12-26,"Lyon Part-Dieu","Seller_21","Laptop",407.21,1,26,"F","",407.21
2024-07-21,"Paris Centre","Seller_16","Smartphone",1313.99,1,16,"F","Card",1313.99
2023-02-02,"Lyon Part-Dieu","Seller_16","Tablet",1494.15,2,38,"M","Card",2988.3
2023-05-31,"Toulouse Capitole","Seller_12","Tablet",629.57,1,22,NA,"Card",629.57
2023-02-10,"Lyon Part-Dieu","Seller_18","Laptop",410.13,4,50,NA,"Card",1640.52
2024-11-08,"Marseille Vieux-Port","Seller_17","Tablet",109.95,1,38,"M","Card",109.95
2023-03-07,"Marseille Vieux-Port","Seller_7","Smartphone",70.89,2,41,"F","Card",141.78
2023-03-05,"Paris Centre","Seller_6","Laptop",583.74,1,17,"M","Card",583.74
2023-07-25,"Toulouse Capitole","Seller_22","Laptop",105.3,2,23,"F","Card",210.6
2023-04-10,"Paris Centre","Seller_19","Laptop",1495.05,1,26,"M","Card",1495.05
2023-11-08,"Lyon Part-Dieu","Seller_19","Earbuds",62.45,1,49,"F","Card",62.45
2023-08-28,"Paris Centre","Seller_14","Earbuds",639.77,1,51,"M","Card",639.77
2023-04-09,"Nice Promenade","Seller_19","Laptop",406.23,1,36,"F","Card",406.23
2023-12-26,"Nice Promenade","Seller_17","Earbuds",1004.8,2,28,"F","Check",2009.6
2023-09-20,"Lyon Part-Dieu","Seller_15","Smartphone",790.88,2,25,"M","Card",1581.76
2023-02-06,"Marseille Vieux-Port","Seller_8","Laptop",1068.99,2,36,NA,"Card",2137.98
2024-09-06,"Lyon Part-Dieu","Seller_13","Tablet",972.5,1,41,"M","Card",972.5
2023-08-30,"Toulouse Capitole","Seller_12","Smartphone",119.39,3,16,"M","Card",358.17
2024-03-16,"Nice Promenade","Seller_20","Laptop",116.65,1,37,"F","Card",116.65
2024-09-30,"Lyon Part-Dieu","Seller_2","Smartphone",1103.79,1,28,"F","Card",1103.79
2023-07-17,"Toulouse Capitole","Seller_17","Smartphone",328.57,2,26,"M","Card",657.14
2023-08-16,"Nice Promenade","Seller_19","Smartwatch",573.19,1,45,"F","Card",573.19
2023-04-13,"Nice Promenade","Seller_22","Smartwatch",1471.43,2,41,"F","Card",2942.86
2023-08-16,"Marseille Vieux-Port","Seller_20","Laptop",834.59,1,38,"F","Card",834.59
2023-12-18,"Toulouse Capitole","Seller_1","Earbuds",1464.45,3,41,"F","",4393.35
2024-11-13,"Lyon Part-Dieu","Seller_5","Tablet",455.68,2,35,"M","Cash",911.36
2024-01-24,"Nice Promenade","Seller_22","Tablet",349.47,2,18,"M","Card",698.94
2024-02-10,"Marseille Vieux-Port","Seller_3","Earbuds",1368.32,3,47,"M","Card",4104.96
2023-10-11,"Paris Centre","Seller_5","Smartwatch",1358.32,1,34,"F","Card",1358.32
2024-04-10,"Nice Promenade","Seller_6","Laptop",247.35,1,27,NA,"Cash",247.35
2023-01-08,"Marseille Vieux-Port","Seller_15","Smartphone",1188.76,2,16,"F","Card",2377.52
2023-08-04,"Paris Centre","Seller_18","Smartphone",426.73,1,39,"M","",426.73
2023-03-11,"Toulouse Capitole","Seller_25","Smartphone",569.79,2,49,"F","Check",1139.58
2023-07-14,"Toulouse Capitole","Seller_5","Earbuds",516.25,1,36,"F","Card",516.25
2024-06-03,"Toulouse Capitole","Seller_20","Smartphone",988.25,1,42,"M","Card",988.25
2023-01-03,"Marseille Vieux-Port","Seller_25","Smartphone",1276.84,1,49,NA,"Cash",1276.84
2023-05-06,"Toulouse Capitole","Seller_24","Smartphone",127.08,1,38,"M","Cash",127.08
2023-07-14,"Toulouse Capitole","Seller_24","Accessories",1217.76,1,27,"F","Card",1217.76
2023-03-21,"Nice Promenade","Seller_23","Smartphone",977.03,1,46,"M","Cash",977.03
2024-11-02,"Paris Centre","Seller_8","Smartphone",490.38,2,28,"F","",980.76
2024-02-25,"Toulouse Capitole","Seller_4","Tablet",627.6,3,36,"F","Card",1882.8
2023-05-23,"Lyon Part-Dieu","Seller_16","Smartphone",535.15,1,32,"M","Card",535.15
2024-05-30,"Toulouse Capitole","Seller_16","Laptop",793.81,1,16,"M","Cash",793.81
2023-01-12,"Nice Promenade","Seller_20","Earbuds",1187.76,1,27,"F","Card",1187.76
2023-11-29,"Marseille Vieux-Port","Seller_14","Laptop",1088.93,1,37,"M","Card",1088.93
2023-01-08,"Marseille Vieux-Port","Seller_22","Smartwatch",1075.72,1,32,"M","Cash",1075.72
2024-08-17,"Lyon Part-Dieu","Seller_3","Smartphone",1391.89,1,32,"M","Card",1391.89
2023-09-24,"Toulouse Capitole","Seller_7","Earbuds",1352.32,1,33,"M","Card",1352.32
2024-05-13,"Lyon Part-Dieu","Seller_1","Tablet",1170.05,1,41,"F","Card",1170.05
2024-05-19,"Lyon Part-Dieu","Seller_14","Laptop",1421.17,2,36,"F","Card",2842.34
2024-12-27,"Paris Centre","Seller_22","Laptop",1376.14,1,20,"M","Card",1376.14
2024-01-19,"Toulouse Capitole","Seller_12","Earbuds",695.51,3,38,NA,"Card",2086.53
2024-01-26,"Marseille Vieux-Port","Seller_5","Smartphone",63.97,1,26,"M","Card",63.97
2024-12-08,"Nice Promenade","Seller_24","Earbuds",67.04,2,35,"F","Card",134.08
2024-08-22,"Marseille Vieux-Port","Seller_14","Earbuds",1484.45,1,17,"F","Card",1484.45
2023-01-26,"Lyon Part-Dieu","Seller_2","Earbuds",863.23,1,16,"M","Card",863.23
2024-11-21,"Marseille Vieux-Port","Seller_4","Smartphone",1250.8,2,38,"M","Card",2501.6
2024-03-23,"Paris Centre","Seller_4","Smartphone",NA,2,18,"F","Cash",NA
2023-10-09,"Nice Promenade","Seller_21","Smartwatch",1201.13,1,28,"M","Check",1201.13
2023-01-25,"Nice Promenade","Seller_18","Accessories",435.48,1,42,"F","Check",435.48
2023-12-26,"Paris Centre","Seller_2","Smartwatch",606.28,1,38,"M","Card",606.28
2024-07-14,"Nice Promenade","Seller_1","Laptop",1360.6,2,29,"M","Card",2721.2
2024-07-27,"Paris Centre","Seller_5","Laptop",1320.13,1,40,NA,"Card",1320.13
2023-09-27,"Lyon Part-Dieu","Seller_6","Tablet",647.5,2,38,"M","Card",1295
2023-11-19,"Marseille Vieux-Port","Seller_14","Accessories",320.01,2,38,NA,"Card",640.02
2024-06-26,"Toulouse Capitole","Seller_20","Earbuds",1102.52,1,39,"M","Card",1102.52
2023-02-06,"Lyon Part-Dieu","Seller_20","Smartphone",934.68,1,45,"M","Card",934.68
2023-03-12,"Paris Centre","Seller_12","Tablet",505.72,1,28,"F","",505.72
2024-06-12,"Marseille Vieux-Port","Seller_20","Tablet",1456.43,1,44,"F","",1456.43
2024-01-10,"Nice Promenade","Seller_13","Laptop",142.85,1,41,"F","Card",142.85
2024-07-04,"Marseille Vieux-Port","Seller_22","Laptop",932.05,2,39,"M","Cash",1864.1
2023-03-11,"Toulouse Capitole","Seller_4","Smartwatch",250.42,1,33,"M","Card",250.42
2024-10-17,"Paris Centre","Seller_17","Smartphone",1217.73,1,16,"M","Card",1217.73
2024-09-24,"Paris Centre","Seller_1","Smartwatch",369.18,1,50,"F","Check",369.18
2023-05-20,"Nice Promenade","Seller_18","Laptop",487.68,1,46,"F","Card",487.68
2023-11-08,"Toulouse Capitole","Seller_25","Accessories",842.81,2,38,NA,"Card",1685.62
2023-02-25,"Paris Centre","Seller_1","Smartphone",215.99,1,51,NA,"",215.99
2024-07-16,"Marseille Vieux-Port","Seller_9","Tablet",790.65,2,22,"F","Card",1581.3
2024-06-14,"Paris Centre","Seller_4","Smartphone",979.3,2,34,"M","Card",1958.6
2024-07-31,"Marseille Vieux-Port","Seller_11","Smartwatch",1024.82,1,32,"F","Card",1024.82
2023-02-21,"Marseille Vieux-Port","Seller_11","Earbuds",670.09,1,46,NA,"Cash",670.09
2023-06-18,"Lyon Part-Dieu","Seller_6","Laptop",1397.26,2,35,"F","Check",2794.52
2023-12-02,"Toulouse Capitole","Seller_1","Smartphone",422.07,1,34,"F","Card",422.07
2023-10-15,"Marseille Vieux-Port","Seller_23","Laptop",529.11,3,41,"F","Card",1587.33
2023-10-04,"Marseille Vieux-Port","Seller_20","Laptop",1363.36,1,28,"F","Card",1363.36
2023-01-14,"Lyon Part-Dieu","Seller_13","Smartphone",1070.99,2,34,"F","Cash",2141.98
2024-08-12,"Nice Promenade","Seller_14","Smartphone",768.74,4,53,"F","Card",3074.96
2024-07-01,"Marseille Vieux-Port","Seller_17","Laptop",991.46,3,16,"M","Card",2974.38
2023-02-08,"Paris Centre","Seller_6","Tablet",390.33,1,47,"M","Card",390.33
2023-12-17,"Paris Centre","Seller_8","Smartphone",384.94,1,16,NA,"Check",384.94
2023-11-10,"Paris Centre","Seller_12","Accessories",1081.56,4,41,"M","Card",4326.24
2024-06-14,"Paris Centre","Seller_24","Earbuds",422.13,1,55,"F","",422.13
2023-08-20,"Marseille Vieux-Port","Seller_15","Earbuds",677.93,2,48,NA,"Cash",1355.86
2023-05-27,"Nice Promenade","Seller_1","Laptop",974.24,1,43,"F","Card",974.24
2023-12-17,"Nice Promenade","Seller_4","Tablet",867.06,1,26,"F","Check",867.06
2024-10-14,"Nice Promenade","Seller_11","Laptop",415.83,3,42,"F","Card",1247.49
2023-01-01,"Paris Centre","Seller_20","Earbuds",1016.16,3,23,"M","Card",3048.48
2023-05-24,"Toulouse Capitole","Seller_16","Smartphone",294.12,1,36,"M","Card",294.12
2024-01-21,"Lyon Part-Dieu","Seller_21","Tablet",966.52,1,40,"F","Check",966.52
2023-03-11,"Marseille Vieux-Port","Seller_11","Earbuds",936.54,1,40,"F","Cash",936.54
2024-09-11,"Nice Promenade","Seller_12","Laptop",1240.87,2,59,NA,"Card",2481.74
2024-08-11,"Paris Centre","Seller_10","Accessories",385.55,1,30,"M","Card",385.55
2023-11-19,"Toulouse Capitole","Seller_23","Accessories",1376.42,1,37,"F","Card",1376.42
2024-05-18,"Paris Centre","Seller_6","Laptop",577.81,2,41,NA,"Card",1155.62
2024-09-12,"Paris Centre","Seller_22","Tablet",834.13,2,16,NA,"",1668.26
2023-02-20,"Lyon Part-Dieu","Seller_18","Laptop",531.11,2,36,"M","",1062.22
2024-07-04,"Paris Centre","Seller_19","Laptop",1493.61,1,55,"F","",1493.61
2023-04-26,"Marseille Vieux-Port","Seller_17","Earbuds",374.31,3,51,"M","Check",1122.93
2024-03-17,"Lyon Part-Dieu","Seller_25","Laptop",307.47,1,16,"F","Card",307.47
2024-12-21,"Toulouse Capitole","Seller_20","Laptop",560.77,1,52,"F","Card",560.77
2024-09-23,"Toulouse Capitole","Seller_11","Tablet",NA,1,50,"M","",NA
2023-11-19,"Toulouse Capitole","Seller_16","Smartphone",646.29,1,34,"M","Card",646.29
2023-09-15,"Lyon Part-Dieu","Seller_13","Earbuds",385.49,1,45,"F","",385.49
2024-12-22,"Nice Promenade","Seller_9","Laptop",226.65,1,28,"F","Check",226.65
2024-02-24,"Lyon Part-Dieu","Seller_16","Tablet",71.34,1,36,"M","Card",71.34
2023-04-06,"Paris Centre","Seller_20","Smartwatch",323.07,1,26,"F","Card",323.07
2024-12-01,"Toulouse Capitole","Seller_15","Tablet",649.77,1,42,"M","Card",649.77
2024-12-22,"Lyon Part-Dieu","Seller_8","Earbuds",279.56,2,33,"F","Card",559.12
2024-11-11,"Lyon Part-Dieu","Seller_21","Smartphone",649.08,1,58,"M","Card",649.08
2023-12-10,"Nice Promenade","Seller_11","Smartphone",186.69,1,58,"M","Cash",186.69
2023-01-17,"Marseille Vieux-Port","Seller_4","Accessories",882.24,1,43,"F","",882.24
2023-03-09,"Marseille Vieux-Port","Seller_9","Tablet",225.89,1,51,"F","Card",225.89
2024-08-29,"Toulouse Capitole","Seller_20","Smartphone",1435.46,2,23,"M","Card",2870.92
2023-06-16,"Marseille Vieux-Port","Seller_5","Tablet",53.27,2,52,"F","Card",106.54
2023-08-06,"Marseille Vieux-Port","Seller_17","Smartphone",174.28,2,43,"M","Card",348.56
2024-04-02,"Paris Centre","Seller_8","Laptop",950.83,2,24,"M","Card",1901.66
2023-07-22,"Lyon Part-Dieu","Seller_11","Laptop",1354.05,3,16,"F","Card",4062.15
2024-10-18,"Lyon Part-Dieu","Seller_24","Smartphone",1055.95,1,26,"F","Card",1055.95
2024-05-01,"Marseille Vieux-Port","Seller_4","Earbuds",1182.23,1,40,"M","Card",1182.23
2023-10-11,"Nice Promenade","Seller_16","Accessories",836.67,1,17,"M","Card",836.67
2024-12-07,"Nice Promenade","Seller_9","Earbuds",264.33,2,16,"F","Cash",528.66
2024-09-21,"Paris Centre","Seller_19","Laptop",441.86,1,27,NA,"Card",441.86
2024-02-10,"Paris Centre","Seller_25","Smartphone",476.83,1,23,"F","Card",476.83
2024-12-24,"Marseille Vieux-Port","Seller_21","Earbuds",1356.96,1,48,NA,"Check",1356.96
2023-09-24,"Marseille Vieux-Port","Seller_18","Smartwatch",609.91,5,47,"M","Card",3049.55
2023-03-17,"Paris Centre","Seller_12","Earbuds",514.91,1,35,"M","Card",514.91
2024-06-13,"Lyon Part-Dieu","Seller_1","Accessories",1402.7,2,45,"M","Card",2805.4
2023-03-12,"Toulouse Capitole","Seller_15","Earbuds",702.34,1,37,"F","Card",702.34
2023-04-20,"Toulouse Capitole","Seller_13","Smartphone",1303.62,2,49,"M","Card",2607.24
2023-10-11,"Marseille Vieux-Port","Seller_6","Smartphone",437.29,1,16,"M","Check",437.29
2024-06-13,"Nice Promenade","Seller_6","Accessories",620.9,5,30,"F","Cash",3104.5
2023-02-22,"Paris Centre","Seller_13","Smartphone",293.58,2,17,"F","Card",587.16
2024-07-07,"Nice Promenade","Seller_15","Earbuds",723.35,1,29,"M","",723.35
2024-01-30,"Toulouse Capitole","Seller_8","Earbuds",528.44,1,17,"M","Card",528.44
2023-04-18,"Lyon Part-Dieu","Seller_5","Smartphone",1140.98,1,33,"F","Card",1140.98
2024-08-03,"Toulouse Capitole","Seller_12","Smartphone",1063.38,1,32,"F","Cash",1063.38
2023-11-03,"Nice Promenade","Seller_22","Laptop",140.11,3,28,"F","Card",420.33
2024-03-07,"Lyon Part-Dieu","Seller_4","Smartphone",1309.95,1,21,"M","Cash",1309.95
2023-03-21,"Lyon Part-Dieu","Seller_20","Tablet",955.93,2,29,NA,"Card",1911.86
2024-05-21,"Lyon Part-Dieu","Seller_18","Earbuds",1194.12,2,56,"F","Card",2388.24
2024-06-26,"Toulouse Capitole","Seller_9","Tablet",853.11,2,26,"F","Card",1706.22
2023-08-01,"Marseille Vieux-Port","Seller_3","Accessories",155.82,1,27,"M","Card",155.82
2023-07-31,"Nice Promenade","Seller_21","Laptop",70.42,1,19,"F","Card",70.42
2023-09-13,"Toulouse Capitole","Seller_17","Tablet",909.05,1,34,"F","Card",909.05
2024-09-15,"Paris Centre","Seller_8","Laptop",637.79,1,47,"F","Card",637.79
2024-08-21,"Nice Promenade","Seller_1","Laptop",525.78,1,34,"F","Card",525.78
2023-03-20,"Marseille Vieux-Port","Seller_23","Smartphone",1202.6,3,30,"F","Cash",3607.8
2024-06-16,"Marseille Vieux-Port","Seller_19","Laptop",691.38,1,31,"M","Check",691.38
2024-08-07,"Toulouse Capitole","Seller_22","Tablet",98.71,2,17,"M","Card",197.42
2023-08-26,"Lyon Part-Dieu","Seller_2","Laptop",786.21,1,26,"F","Card",786.21
2023-09-11,"Marseille Vieux-Port","Seller_5","Earbuds",516.37,1,37,"F","Card",516.37
2024-06-28,"Lyon Part-Dieu","Seller_21","Laptop",752.01,1,26,"M","Card",752.01
2023-09-10,"Lyon Part-Dieu","Seller_16","Tablet",886.27,1,21,"M","Card",886.27
2024-07-23,"Nice Promenade","Seller_3","Smartphone",1423.08,1,36,"F","Card",1423.08
2024-03-22,"Lyon Part-Dieu","Seller_3","Smartphone",369.61,2,29,"M","Cash",739.22
2024-05-16,"Nice Promenade","Seller_5","Smartphone",654.89,3,64,"F","Card",1964.67
2023-10-02,"Marseille Vieux-Port","Seller_18","Smartphone",743.7,1,40,"F","Card",743.7
2024-12-27,"Lyon Part-Dieu","Seller_11","Earbuds",621.31,4,18,"F","Card",2485.24
2023-05-10,"Marseille Vieux-Port","Seller_21","Earbuds",235.18,2,45,"F","Card",470.36
2024-07-31,"Lyon Part-Dieu","Seller_18","Smartphone",435.45,1,57,"F","Cash",435.45
2024-08-19,"Marseille Vieux-Port","Seller_6","Tablet",453.93,1,40,"M","Card",453.93
2023-04-24,"Paris Centre","Seller_11","Laptop",608.85,1,49,NA,"Card",608.85
2024-09-12,"Toulouse Capitole","Seller_15","Smartphone",1344.04,2,47,"M","Cash",2688.08
2024-02-03,"Lyon Part-Dieu","Seller_18","Earbuds",1467.39,3,25,"F","Cash",4402.17
2024-11-10,"Marseille Vieux-Port","Seller_2","Earbuds",935.44,1,41,NA,"Card",935.44
2023-05-15,"Marseille Vieux-Port","Seller_2","Tablet",1221.24,2,48,"F","Card",2442.48
2023-10-07,"Nice Promenade","Seller_3","Smartphone",1283.14,3,41,"F","Card",3849.42
2023-08-03,"Lyon Part-Dieu","Seller_15","Earbuds",675.19,2,51,NA,"Card",1350.38
2024-06-13,"Lyon Part-Dieu","Seller_9","Laptop",643.03,2,32,"F","Card",1286.06
2024-04-16,"Toulouse Capitole","Seller_19","Earbuds",820.84,1,21,"M","Check",820.84
2024-06-04,"Nice Promenade","Seller_11","Laptop",1328.96,2,28,"M","Check",2657.92
2023-01-29,"Toulouse Capitole","Seller_16","Smartphone",1293.62,1,64,"F","Card",1293.62
2023-06-09,"Toulouse Capitole","Seller_16","Smartphone",538.36,3,28,NA,"Check",1615.08
2024-05-30,"Toulouse Capitole","Seller_13","Earbuds",1280.9,1,37,"F","Cash",1280.9
2024-10-14,"Lyon Part-Dieu","Seller_14","Accessories",888.85,1,34,"M","Check",888.85
2024-03-08,"Paris Centre","Seller_7","Accessories",1372.02,1,34,"F","Card",1372.02
2024-12-11,"Marseille Vieux-Port","Seller_24","Earbuds",566.29,2,40,"F","Card",1132.58
2024-01-02,"Lyon Part-Dieu","Seller_13","Tablet",271.44,1,32,"M","Card",271.44
2023-05-15,"Paris Centre","Seller_25","Laptop",1307.54,4,42,"F","",5230.16
2024-02-16,"Marseille Vieux-Port","Seller_4","Earbuds",562.03,1,32,NA,"Check",562.03
2023-04-10,"Marseille Vieux-Port","Seller_19","Laptop",859.13,2,16,"F","Card",1718.26
2023-05-16,"Nice Promenade","Seller_25","Smartphone",406.1,1,26,NA,"Check",406.1
2024-12-23,"Toulouse Capitole","Seller_24","Tablet",830.12,3,35,"F","Card",2490.36
2023-05-05,"Marseille Vieux-Port","Seller_13","Laptop",1032.55,1,51,"M","Cash",1032.55
2024-07-24,"Toulouse Capitole","Seller_17","Laptop",687.29,1,37,"M","Check",687.29
2023-06-01,"Nice Promenade","Seller_18","Laptop",535.03,4,30,"M","Card",2140.12
2024-06-11,"Paris Centre","Seller_15","Smartphone",228.47,1,40,"M","Check",228.47
2024-10-20,"Toulouse Capitole","Seller_2","Tablet",1021.34,1,54,"F","Card",1021.34
2023-07-24,"Nice Promenade","Seller_24","Tablet",156.35,2,16,"F","Card",312.7
2023-05-29,"Lyon Part-Dieu","Seller_16","Laptop",1318.08,1,41,"F","Card",1318.08
2023-03-15,"Toulouse Capitole","Seller_12","Laptop",1020.92,3,45,"M","Check",3062.76
2024-12-02,"Toulouse Capitole","Seller_8","Earbuds",1102.73,2,21,"F","Card",2205.46
2024-02-03,"Marseille Vieux-Port","Seller_23","Earbuds",463.01,1,50,"M","Card",463.01
2023-03-31,"Marseille Vieux-Port","Seller_16","Smartwatch",779.59,3,38,"M","Card",2338.77
2024-07-27,"Paris Centre","Seller_6","Earbuds",1305.85,4,45,"F","Cash",5223.4
2023-06-15,"Marseille Vieux-Port","Seller_18","Smartphone",633.38,5,33,"M","Cash",3166.9
2023-11-25,"Lyon Part-Dieu","Seller_5","Earbuds",350.43,1,19,"F","Card",350.43
2024-05-14,"Toulouse Capitole","Seller_17","Laptop",655.36,3,33,"M","Card",1966.08
2023-06-06,"Lyon Part-Dieu","Seller_9","Earbuds",833.41,2,41,"M","Card",1666.82
2023-01-07,"Paris Centre","Seller_15","Earbuds",677.67,1,35,"F","Card",677.67
2023-07-25,"Nice Promenade","Seller_18","Tablet",186.17,1,47,"M","Cash",186.17
2023-06-12,"Marseille Vieux-Port","Seller_21","Laptop",568.49,2,45,"F","Card",1136.98
2024-01-25,"Lyon Part-Dieu","Seller_8","Tablet",999.64,3,45,"F","Card",2998.92
2023-03-07,"Paris Centre","Seller_21","Tablet",475.22,1,37,"F","Check",475.22
2024-04-04,"Lyon Part-Dieu","Seller_10","Laptop",700.24,1,26,"M","Cash",700.24
2023-08-22,"Marseille Vieux-Port","Seller_22","Smartphone",326.77,1,26,"F","",326.77
2024-01-17,"Marseille Vieux-Port","Seller_11","Accessories",211.67,1,24,"F","Check",211.67
2023-02-19,"Nice Promenade","Seller_12","Laptop",853,1,47,"M","",853
2023-04-06,"Toulouse Capitole","Seller_9","Smartphone",874.65,2,31,"F","Card",1749.3
2024-03-10,"Nice Promenade","Seller_17","Laptop",786.95,1,41,"M","",786.95
2023-07-13,"Lyon Part-Dieu","Seller_14","Laptop",737.5,1,51,"F","Card",737.5
2024-08-31,"Toulouse Capitole","Seller_12","Earbuds",1000.84,2,21,"M","Card",2001.68
2023-09-29,"Nice Promenade","Seller_19","Smartphone",1432.37,3,30,"F","Card",4297.11
2023-08-04,"Nice Promenade","Seller_14","Smartphone",790.05,1,36,"F","Card",790.05
2024-06-25,"Toulouse Capitole","Seller_1","Smartphone",1042.74,3,22,"M","Card",3128.22
2024-08-03,"Toulouse Capitole","Seller_17","Tablet",713.13,2,49,"M","Card",1426.26
2023-01-31,"Toulouse Capitole","Seller_18","Laptop",628.49,1,33,"F","Card",628.49
2024-09-21,"Paris Centre","Seller_21","Smartphone",516.15,2,45,"F","Card",1032.3
2024-04-29,"Paris Centre","Seller_6","Smartphone",1443.87,3,21,"F","Check",4331.61
2024-08-24,"Lyon Part-Dieu","Seller_16","Tablet",89.64,2,36,"M","Card",179.28
2023-09-01,"Marseille Vieux-Port","Seller_7","Smartphone",600.15,1,50,"M","Card",600.15
2024-05-18,"Nice Promenade","Seller_14","Smartphone",642.2,1,59,"F","Card",642.2
2023-03-17,"Nice Promenade","Seller_12","Smartphone",1322.68,1,16,"M","Card",1322.68
2024-05-09,"Toulouse Capitole","Seller_1","Accessories",1205.83,3,35,"M","Card",3617.49
2023-08-08,"Nice Promenade","Seller_11","Smartphone",815.16,3,24,NA,"Card",2445.48
2024-01-07,"Marseille Vieux-Port","Seller_16","Laptop",229.93,1,19,"M","Card",229.93
2023-07-13,"Paris Centre","Seller_18","Smartwatch",434.67,1,35,"F","Card",434.67
2023-01-07,"Nice Promenade","Seller_14","Earbuds",681.27,2,37,"F","Card",1362.54
2023-03-05,"Nice Promenade","Seller_3","Smartphone",119.78,1,35,"M","Cash",119.78
2024-03-24,"Nice Promenade","Seller_12","Smartphone",1312.53,1,52,"M","Card",1312.53
2024-10-29,"Paris Centre","Seller_13","Smartphone",413.33,1,59,"M","Card",413.33
2024-04-22,"Marseille Vieux-Port","Seller_18","Smartphone",296.53,1,40,"F","Card",296.53
2023-10-02,"Nice Promenade","Seller_6","Laptop",542.26,1,60,"M","Card",542.26
2023-10-30,"Lyon Part-Dieu","Seller_21","Tablet",1016.35,3,36,"M","Card",3049.05
2024-02-05,"Marseille Vieux-Port","Seller_22","Tablet",1149.78,1,30,"F","Card",1149.78
2023-01-17,"Lyon Part-Dieu","Seller_25","Accessories",210.54,2,24,"M","Card",421.08
2024-06-20,"Nice Promenade","Seller_2","Smartphone",93.38,1,41,"M","",93.38
2023-03-26,"Paris Centre","Seller_3","Smartphone",395.26,3,44,"F","Card",1185.78
2024-08-23,"Lyon Part-Dieu","Seller_3","Laptop",338.94,2,43,"M","Card",677.88
2023-04-05,"Lyon Part-Dieu","Seller_18","Smartphone",450.74,1,48,"F","Card",450.74
2024-12-07,"Nice Promenade","Seller_22","Tablet",892.93,1,19,"F","Card",892.93
2023-04-24,"Marseille Vieux-Port","Seller_1","Laptop",1219.42,1,40,"M","Cash",1219.42
2024-07-31,"Paris Centre","Seller_15","Earbuds",1341.18,1,34,"F","Cash",1341.18
2023-01-23,"Nice Promenade","Seller_24","Laptop",982.79,3,31,"F","Card",2948.37
2024-08-14,"Lyon Part-Dieu","Seller_2","Laptop",965.09,1,23,"F","Card",965.09
2023-05-21,"Lyon Part-Dieu","Seller_12","Smartphone",183.27,1,16,"M","Card",183.27
2024-12-25,"Toulouse Capitole","Seller_16","Smartphone",84.18,1,34,"F","Cash",84.18
2024-06-04,"Marseille Vieux-Port","Seller_4","Smartphone",1285.14,1,47,"F","Card",1285.14
2024-10-16,"Toulouse Capitole","Seller_12","Smartphone",1488.66,3,30,NA,"Card",4465.98
2023-10-22,"Toulouse Capitole","Seller_7","Laptop",1474,4,31,"F","Card",5896
2023-10-17,"Toulouse Capitole","Seller_4","Earbuds",1220.74,1,18,"M","Card",1220.74
2023-06-02,"Toulouse Capitole","Seller_2","Smartwatch",1206.37,2,28,"M","Card",2412.74
2024-04-26,"Lyon Part-Dieu","Seller_15","Smartphone",323.32,1,24,"M","Card",323.32
2023-02-26,"Marseille Vieux-Port","Seller_4","Smartwatch",780.17,2,27,"F","Card",1560.34
2024-07-08,"Paris Centre","Seller_10","Smartphone",908.23,3,36,"M","Card",2724.69
2024-06-04,"Lyon Part-Dieu","Seller_22","Tablet",1115.34,1,36,"F","Card",1115.34
2023-08-18,"Marseille Vieux-Port","Seller_18","Smartphone",936.28,3,32,"F","Card",2808.84
2024-03-31,"Nice Promenade","Seller_16","Tablet",250.41,3,33,"F","Card",751.23
2024-03-31,"Nice Promenade","Seller_16","Smartphone",1066.69,1,48,"F","Card",1066.69
2023-07-15,"Marseille Vieux-Port","Seller_10","Tablet",165.52,3,26,"M","Check",496.56
2023-07-31,"Paris Centre","Seller_18","Earbuds",1227.22,3,40,NA,"Cash",3681.66
2024-10-12,"Paris Centre","Seller_25","Smartphone",944.72,3,35,"M","Card",2834.16
2024-11-06,"Toulouse Capitole","Seller_20","Laptop",942.43,1,34,"M","Card",942.43
2024-09-15,"Marseille Vieux-Port","Seller_1","Accessories",177.53,2,40,"M","Card",355.06
2024-07-21,"Marseille Vieux-Port","Seller_21","Laptop",1363.09,1,39,"F","Card",1363.09
2023-11-11,"Lyon Part-Dieu","Seller_3","Smartwatch",785.35,1,43,NA,"Check",785.35
2024-10-20,"Toulouse Capitole","Seller_19","Earbuds",179.6,3,23,"F","Card",538.8
2024-04-28,"Paris Centre","Seller_22","Earbuds",1044.04,1,41,NA,"",1044.04
2023-06-24,"Marseille Vieux-Port","Seller_15","Tablet",750.83,3,46,"F","Card",2252.49
2023-02-14,"Toulouse Capitole","Seller_19","Earbuds",1309.29,2,42,NA,"Cash",2618.58
2024-06-21,"Marseille Vieux-Port","Seller_21","Laptop",695.58,2,28,NA,"Cash",1391.16
2023-08-21,"Nice Promenade","Seller_16","Accessories",1152.42,3,44,"F","Card",3457.26
2024-02-16,"Lyon Part-Dieu","Seller_14","Smartphone",199.3,1,16,"F","Card",199.3
2024-04-05,"Lyon Part-Dieu","Seller_5","Smartphone",839.78,2,27,"F","Cash",1679.56
2024-06-29,"Nice Promenade","Seller_2","Tablet",1383.91,1,39,"M","Card",1383.91
2023-11-23,"Paris Centre","Seller_3","Accessories",562.36,2,21,"M","Card",1124.72
2024-07-19,"Nice Promenade","Seller_17","Tablet",1439.44,3,29,"F","Card",4318.32
2024-09-04,"Marseille Vieux-Port","Seller_8","Laptop",668.94,1,30,"F","Card",668.94
2023-03-04,"Nice Promenade","Seller_17","Smartphone",660.21,1,25,"F","Card",660.21
2023-04-30,"Toulouse Capitole","Seller_14","Tablet",1329.41,1,23,"F","Card",1329.41
2024-06-18,"Paris Centre","Seller_8","Accessories",1325.22,1,28,"M","Card",1325.22
2024-09-27,"Nice Promenade","Seller_21","Accessories",136.24,1,31,"M","Check",136.24
2024-11-03,"Marseille Vieux-Port","Seller_1","Accessories",645.85,1,48,"F","Cash",645.85
2023-12-26,"Marseille Vieux-Port","Seller_4","Accessories",892.26,1,50,"M","Card",892.26
2024-06-06,"Marseille Vieux-Port","Seller_7","Earbuds",1197.5,1,30,"M","Card",1197.5
2024-09-27,"Lyon Part-Dieu","Seller_14","Earbuds",159.29,3,25,"M","Cash",477.87
2023-09-10,"Paris Centre","Seller_16","Smartwatch",1424.16,1,41,NA,"Card",1424.16
2023-12-20,"Paris Centre","Seller_5","Tablet",1024.16,1,29,NA,"Card",1024.16
2023-05-17,"Lyon Part-Dieu","Seller_16","Laptop",328.43,1,30,"M","Card",328.43
2024-05-08,"Nice Promenade","Seller_22","Smartphone",676.98,2,44,NA,"Card",1353.96
2023-12-15,"Lyon Part-Dieu","Seller_25","Smartphone",1265.09,1,32,"M","Card",1265.09
2024-07-08,"Toulouse Capitole","Seller_25","Earbuds",181.84,2,36,NA,"Cash",363.68
2023-09-19,"Lyon Part-Dieu","Seller_2","Laptop",1466.87,4,43,"M","Card",5867.48
2023-03-17,"Nice Promenade","Seller_3","Accessories",1143.29,2,44,"F","Card",2286.58
2023-02-14,"Paris Centre","Seller_24","Laptop",581.27,2,27,"M","Card",1162.54
2024-09-24,"Paris Centre","Seller_2","Laptop",1085.97,2,32,"F","Card",2171.94
2024-11-11,"Marseille Vieux-Port","Seller_25","Smartwatch",1479.42,1,44,"M","",1479.42
2023-07-19,"Marseille Vieux-Port","Seller_20","Earbuds",1118.6,1,28,"M","Card",1118.6
2023-12-21,"Lyon Part-Dieu","Seller_25","Laptop",1104.32,1,44,"F","Cash",1104.32
2024-01-12,"Paris Centre","Seller_21","Tablet",1213.35,2,44,"M","Card",2426.7
2023-11-01,"Lyon Part-Dieu","Seller_17","Smartwatch",317.74,1,40,NA,"Card",317.74
2023-02-12,"Lyon Part-Dieu","Seller_12","Tablet",1457.38,1,57,NA,"Card",1457.38
2024-06-21,"Toulouse Capitole","Seller_15","Smartphone",619.56,1,38,"M","Card",619.56
2023-08-26,"Nice Promenade","Seller_9","Laptop",877.18,1,28,"M","Card",877.18
2023-11-12,"Marseille Vieux-Port","Seller_8","Smartphone",1181.34,2,35,"M","Cash",2362.68
2023-10-11,"Lyon Part-Dieu","Seller_13","Tablet",294.69,1,16,"F","Check",294.69
2024-06-18,"Nice Promenade","Seller_4","Laptop",378.44,1,61,"F","Card",378.44
2024-12-25,"Marseille Vieux-Port","Seller_2","Smartwatch",1266.43,2,28,"M","Card",2532.86
2024-02-16,"Lyon Part-Dieu","Seller_15","Tablet",841.07,1,63,"M","",841.07
2024-07-05,"Lyon Part-Dieu","Seller_6","Laptop",184.66,1,17,"M","Card",184.66
2024-06-14,"Toulouse Capitole","Seller_6","Smartphone",866.31,3,25,"F","Card",2598.93
2024-07-11,"Toulouse Capitole","Seller_8","Earbuds",1150.99,3,35,"M","Cash",3452.97
2024-06-23,"Nice Promenade","Seller_15","Smartphone",169.68,1,26,"M","Cash",169.68
2023-08-23,"Paris Centre","Seller_1","Laptop",976.24,1,33,"F","Card",976.24
2024-01-20,"Lyon Part-Dieu","Seller_3","Accessories",757.96,3,34,"M","Card",2273.88
2023-02-21,"Toulouse Capitole","Seller_9","Tablet",340.18,2,37,"F","Cash",680.36
2023-02-01,"Marseille Vieux-Port","Seller_10","Laptop",746.4,1,47,"M","Card",746.4
2023-01-16,"Toulouse Capitole","Seller_3","Laptop",1115.7,1,27,"M","",1115.7
2023-11-10,"Lyon Part-Dieu","Seller_5","Smartphone",335.7,4,21,"F","Card",1342.8
2024-10-19,"Paris Centre","Seller_6","Smartphone",1261.17,2,50,"M","Card",2522.34
2023-06-30,"Marseille Vieux-Port","Seller_20","Laptop",843.44,1,43,NA,"Card",843.44
2024-12-03,"Lyon Part-Dieu","Seller_4","Smartphone",NA,2,46,"F","Card",NA
2024-10-28,"Marseille Vieux-Port","Seller_21","Smartphone",871.08,1,27,"M","Cash",871.08
2024-01-21,"Toulouse Capitole","Seller_19","Earbuds",175.16,2,28,"M","Card",350.32
2023-12-08,"Paris Centre","Seller_2","Earbuds",185.01,2,26,"M","Card",370.02
2024-09-03,"Marseille Vieux-Port","Seller_23","Laptop",1114.11,2,21,NA,"Cash",2228.22
2024-07-09,"Nice Promenade","Seller_6","Tablet",930.82,2,20,"M","Card",1861.64
2024-11-30,"Nice Promenade","Seller_25","Laptop",773.42,1,38,"F","Card",773.42
2023-12-12,"Toulouse Capitole","Seller_5","Tablet",1459.73,1,26,"M","Card",1459.73
2023-02-14,"Paris Centre","Seller_16","Laptop",1350.88,1,51,"F","Card",1350.88
2024-04-15,"Marseille Vieux-Port","Seller_9","Laptop",1118.35,2,23,"F","Card",2236.7
2024-09-01,"Marseille Vieux-Port","Seller_2","Tablet",1245.44,2,47,"M","Cash",2490.88
2024-05-08,"Marseille Vieux-Port","Seller_21","Laptop",1482.79,1,41,"F","Card",1482.79
2023-05-06,"Lyon Part-Dieu","Seller_25","Smartphone",1452.42,1,47,"M","Card",1452.42
2023-10-17,"Nice Promenade","Seller_21","Laptop",553.64,3,26,"M","Card",1660.92
2023-02-16,"Toulouse Capitole","Seller_7","Accessories",435.38,2,46,NA,"Card",870.76
2024-09-13,"Toulouse Capitole","Seller_14","Smartphone",104.12,4,41,"F","Card",416.48
2023-05-09,"Paris Centre","Seller_9","Laptop",1387.43,3,40,"F","",4162.29
2024-01-16,"Toulouse Capitole","Seller_16","Earbuds",408.21,2,38,"F","",816.42
2023-05-19,"Lyon Part-Dieu","Seller_15","Earbuds",1102.69,1,48,NA,"Card",1102.69
2023-02-04,"Toulouse Capitole","Seller_4","Smartphone",949.16,1,26,"F","Card",949.16
2023-07-17,"Lyon Part-Dieu","Seller_5","Laptop",1033.13,2,20,"F","Cash",2066.26
2023-11-03,"Nice Promenade","Seller_12","Earbuds",268.24,1,38,NA,"Card",268.24
2023-11-11,"Paris Centre","Seller_18","Earbuds",102.59,1,50,"F","Card",102.59
2023-12-25,"Marseille Vieux-Port","Seller_24","Smartphone",1007.5,2,28,"M","Card",2015
2024-10-23,"Lyon Part-Dieu","Seller_23","Laptop",133.49,2,46,"M","",266.98
2024-01-08,"Toulouse Capitole","Seller_18","Smartphone",915.94,1,16,"M","Cash",915.94
2023-03-23,"Marseille Vieux-Port","Seller_24","Smartphone",786.71,1,28,"M","Card",786.71
2024-11-18,"Paris Centre","Seller_1","Tablet",74.61,1,40,"M","Card",74.61
2024-01-15,"Nice Promenade","Seller_20","Earbuds",906.87,2,52,"F","Card",1813.74
2023-01-26,"Marseille Vieux-Port","Seller_10","Laptop",784.41,1,37,"F","Card",784.41
2024-01-25,"Toulouse Capitole","Seller_24","Laptop",1259.11,1,47,"M","Cash",1259.11
2024-04-02,"Toulouse Capitole","Seller_5","Laptop",941.33,1,18,"M","",941.33
2023-10-23,"Paris Centre","Seller_23","Smartphone",639,1,30,"F","Card",639
2024-01-01,"Toulouse Capitole","Seller_19","Laptop",852.71,4,44,"M","Cash",3410.84
2024-02-27,"Toulouse Capitole","Seller_2","Earbuds",687.31,1,42,"M","Card",687.31
2024-10-12,"Toulouse Capitole","Seller_14","Tablet",63.07,1,37,"M","Card",63.07
2024-08-01,"Toulouse Capitole","Seller_14","Smartphone",551.17,1,25,"M","Card",551.17
2023-02-06,"Lyon Part-Dieu","Seller_13","Tablet",1496.51,1,32,"M","Card",1496.51
2024-03-16,"Paris Centre","Seller_25","Smartphone",374.2,1,37,"M","Card",374.2
2023-02-08,"Nice Promenade","Seller_10","Laptop",427.44,1,18,"F","Card",427.44
2023-04-26,"Marseille Vieux-Port","Seller_14","Smartwatch",633.24,1,37,"F","",633.24
2023-02-06,"Lyon Part-Dieu","Seller_24","Smartphone",1139.51,1,33,"F","Card",1139.51
2023-08-27,"Lyon Part-Dieu","Seller_7","Earbuds",526.97,2,80,"M","Card",1053.94
2024-06-19,"Nice Promenade","Seller_6","Laptop",86.98,1,35,"M","Card",86.98
2023-02-28,"Toulouse Capitole","Seller_7","Smartphone",616.58,1,42,"F","Cash",616.58
2024-11-01,"Paris Centre","Seller_15","Earbuds",995.06,1,41,"M","Card",995.06
2023-01-14,"Paris Centre","Seller_6","Laptop",1211.42,1,42,"M","Cash",1211.42
2024-01-23,"Paris Centre","Seller_18","Laptop",1412.09,1,47,"F","Card",1412.09
2023-09-25,"Lyon Part-Dieu","Seller_2","Smartphone",1082.48,1,34,"M","Card",1082.48
2023-12-18,"Toulouse Capitole","Seller_8","Laptop",822.79,1,16,"M","Card",822.79
2024-08-27,"Marseille Vieux-Port","Seller_18","Smartphone",67.91,1,34,"M","Cash",67.91
2023-11-13,"Marseille Vieux-Port","Seller_17","Earbuds",159.6,2,35,"F","Card",319.2
2023-04-06,"Lyon Part-Dieu","Seller_22","Smartphone",686.56,1,43,"M","Card",686.56
2023-08-12,"Lyon Part-Dieu","Seller_8","Tablet",119.72,3,44,"M","Card",359.16
2023-02-16,"Paris Centre","Seller_4","Tablet",1416.43,2,46,"F","Card",2832.86
2024-10-06,"Marseille Vieux-Port","Seller_6","Tablet",170.52,2,41,"F","Card",341.04
2023-07-23,"Paris Centre","Seller_25","Smartphone",130.92,1,31,"M","Cash",130.92
2024-02-10,"Paris Centre","Seller_19","Smartphone",254.89,1,42,"M","Card",254.89
2023-08-05,"Toulouse Capitole","Seller_6","Tablet",1120.97,1,45,"M","Check",1120.97
2023-09-06,"Nice Promenade","Seller_18","Laptop",793.62,2,43,"M","Card",1587.24
2024-08-07,"Toulouse Capitole","Seller_23","Tablet",1355.03,1,16,"F","Card",1355.03
2024-05-25,"Nice Promenade","Seller_24","Smartwatch",1181.96,1,40,"M","Card",1181.96
2023-08-07,"Nice Promenade","Seller_9","Earbuds",756.3,1,31,"M","Card",756.3
2024-01-27,"Marseille Vieux-Port","Seller_7","Smartphone",117.01,2,25,"M","Card",234.02
2024-06-11,"Lyon Part-Dieu","Seller_21","Smartphone",1326.74,1,23,"M","Card",1326.74
2024-03-01,"Toulouse Capitole","Seller_12","Tablet",149.74,1,26,"F","Card",149.74
2023-08-16,"Paris Centre","Seller_11","Laptop",1310.38,1,52,"M","",1310.38
2023-10-26,"Marseille Vieux-Port","Seller_20","Tablet",791.59,4,37,NA,"Card",3166.36
2024-06-10,"Lyon Part-Dieu","Seller_17","Earbuds",447.81,1,37,"F","Card",447.81
2024-05-06,"Paris Centre","Seller_25","Tablet",1396.57,2,40,"F","Card",2793.14
2023-07-31,"Paris Centre","Seller_12","Smartphone",496.88,3,30,"M","Card",1490.64
2024-09-18,"Paris Centre","Seller_8","Laptop",1066.76,1,59,"M","Card",1066.76
2024-10-11,"Nice Promenade","Seller_10","Laptop",1080.46,1,56,NA,"Card",1080.46
2023-08-07,"Lyon Part-Dieu","Seller_10","Earbuds",1315.62,2,35,"M","Card",2631.24
2024-05-10,"Nice Promenade","Seller_18","Laptop",1343.42,2,49,"M","Card",2686.84
2024-04-29,"Paris Centre","Seller_19","Tablet",681.68,2,40,"F","Check",1363.36
2024-11-24,"Marseille Vieux-Port","Seller_1","Laptop",358.89,1,16,NA,"Card",358.89
2024-08-25,"Nice Promenade","Seller_23","Earbuds",888.53,1,43,"F","Card",888.53
2024-06-16,"Paris Centre","Seller_11","Tablet",1198.29,1,29,"F","",1198.29
2024-10-28,"Paris Centre","Seller_4","Tablet",126.1,1,43,NA,"Card",126.1
2023-02-28,"Paris Centre","Seller_10","Tablet",516.74,3,25,"F","Card",1550.22
2023-03-23,"Toulouse Capitole","Seller_14","Laptop",1206.36,2,28,"F","",2412.72
2023-09-15,"Marseille Vieux-Port","Seller_10","Laptop",1066.25,1,16,"F","Card",1066.25
2023-11-18,"Paris Centre","Seller_11","Smartphone",1041.96,1,40,"F","Card",1041.96
2023-11-27,"Marseille Vieux-Port","Seller_7","Smartphone",831.73,1,56,"F","Check",831.73
2023-10-08,"Toulouse Capitole","Seller_13","Laptop",398.98,1,38,"F","Card",398.98
2024-10-20,"Paris Centre","Seller_6","Tablet",1043.97,1,37,"F","Check",1043.97
2024-01-12,"Toulouse Capitole","Seller_20","Accessories",576.32,1,18,"F","Card",576.32
2024-06-28,"Paris Centre","Seller_17","Tablet",643.52,1,31,NA,"Card",643.52
2024-02-06,"Toulouse Capitole","Seller_11","Smartphone",1076.68,1,35,"F","Card",1076.68
2023-01-18,"Toulouse Capitole","Seller_19","Laptop",760.53,1,24,"F","Card",760.53
2023-06-15,"Lyon Part-Dieu","Seller_5","Accessories",1245.92,1,42,"F","Card",1245.92
2024-05-12,"Paris Centre","Seller_17","Laptop",974.95,3,23,"F","Card",2924.85
2023-01-05,"Nice Promenade","Seller_17","Laptop",464.09,1,30,"F","Card",464.09
2024-09-30,"Nice Promenade","Seller_10","Smartphone",56.69,1,35,"F","Card",56.69
2024-10-15,"Paris Centre","Seller_11","Smartphone",965.7,2,37,NA,"Card",1931.4
2023-09-22,"Toulouse Capitole","Seller_10","Earbuds",227.65,1,53,"M","Card",227.65
2024-07-31,"Lyon Part-Dieu","Seller_24","Accessories",696.99,1,32,"F","",696.99
2024-05-02,"Marseille Vieux-Port","Seller_17","Smartphone",786.75,1,16,"F","Card",786.75
2023-11-16,"Nice Promenade","Seller_21","Smartphone",1021.96,2,39,"M","Card",2043.92
2023-10-11,"Marseille Vieux-Port","Seller_25","Tablet",1262.67,1,42,"F","",1262.67
2024-03-30,"Nice Promenade","Seller_7","Smartphone",496.15,1,52,"F","Check",496.15
2023-07-27,"Paris Centre","Seller_9","Laptop",496.8,1,44,"M","Card",496.8
2024-08-03,"Nice Promenade","Seller_14","Earbuds",1152.25,1,16,"F","Card",1152.25
2023-12-09,"Toulouse Capitole","Seller_15","Laptop",1477.45,2,38,"F","Card",2954.9
2023-04-28,"Toulouse Capitole","Seller_16","Tablet",1454.03,3,47,"F","Card",4362.09
2023-12-10,"Marseille Vieux-Port","Seller_3","Smartwatch",1220.87,1,50,"F","Card",1220.87
2024-03-09,"Nice Promenade","Seller_3","Laptop",233.64,1,28,NA,"Card",233.64
2024-03-05,"Toulouse Capitole","Seller_7","Earbuds",1147.17,2,58,"M","Cash",2294.34
2023-06-22,"Paris Centre","Seller_24","Smartphone",349.98,1,39,"M","Check",349.98
2023-09-07,"Toulouse Capitole","Seller_14","Earbuds",1179.61,2,37,"F","Card",2359.22
2023-02-21,"Marseille Vieux-Port","Seller_10","Laptop",324.44,2,39,"M","Card",648.88
2023-01-31,"Nice Promenade","Seller_25","Tablet",656.16,1,24,"F","Card",656.16
2024-03-28,"Nice Promenade","Seller_17","Smartphone",347.66,1,56,"M","Cash",347.66
2023-10-24,"Paris Centre","Seller_10","Smartphone",736.4,2,28,"F","Card",1472.8
2024-08-18,"Paris Centre","Seller_1","Tablet",137.86,1,35,"F","Card",137.86
2024-05-19,"Toulouse Capitole","Seller_21","Tablet",745.71,3,32,"M","Check",2237.13
2024-09-19,"Nice Promenade","Seller_15","Laptop",207.79,2,51,"M","Card",415.58
2023-02-13,"Nice Promenade","Seller_15","Smartphone",1383.77,3,54,"F","Card",4151.31
2024-05-18,"Toulouse Capitole","Seller_25","Laptop",1268.97,1,35,"F","Card",1268.97
2024-12-01,"Paris Centre","Seller_11","Tablet",1474.45,5,21,"M","Card",7372.25
2023-11-22,"Lyon Part-Dieu","Seller_21","Smartphone",1203.45,1,19,"F","Card",1203.45
2023-02-24,"Toulouse Capitole","Seller_19","Smartphone",1093.13,1,45,"M","Card",1093.13
2023-03-04,"Paris Centre","Seller_8","Smartphone",1019.19,3,26,"M","Card",3057.57
2023-07-28,"Toulouse Capitole","Seller_17","Smartphone",365.26,2,58,"M","Card",730.52
2023-08-11,"Paris Centre","Seller_8","Tablet",413.05,1,26,"F","Card",413.05
2023-04-28,"Lyon Part-Dieu","Seller_19","Laptop",1040.94,1,25,"M","Card",1040.94
2024-04-14,"Paris Centre","Seller_9","Smartwatch",574.41,2,46,"F","Check",1148.82
2024-04-24,"Toulouse Capitole","Seller_25","Tablet",1446.4,1,64,"M","Card",1446.4
2024-11-02,"Lyon Part-Dieu","Seller_13","Tablet",638.76,3,43,"F","Check",1916.28
2023-08-16,"Lyon Part-Dieu","Seller_16","Smartphone",606.61,3,30,"F","Card",1819.83
2023-10-29,"Lyon Part-Dieu","Seller_13","Laptop",146.22,1,50,"F","",146.22
2024-04-12,"Toulouse Capitole","Seller_22","Tablet",579.13,1,18,"F","Card",579.13
2023-03-03,"Paris Centre","Seller_21","Earbuds",63.84,1,36,"M","Check",63.84
2024-01-30,"Lyon Part-Dieu","Seller_18","Earbuds",862.3,1,32,"F","Cash",862.3
2024-11-30,"Paris Centre","Seller_3","Smartphone",796.58,1,44,"M","Cash",796.58
2024-01-11,"Paris Centre","Seller_25","Laptop",1315.69,1,27,NA,"Card",1315.69
2024-03-19,"Nice Promenade","Seller_4","Laptop",797.54,1,63,"F","Card",797.54
2024-05-15,"Toulouse Capitole","Seller_3","Smartphone",67.48,2,17,"F","Cash",134.96
2024-05-29,"Paris Centre","Seller_20","Earbuds",96.19,5,18,"M","Card",480.95
2024-02-23,"Lyon Part-Dieu","Seller_23","Smartphone",430.33,1,24,"M","Card",430.33
2023-10-20,"Lyon Part-Dieu","Seller_9","Earbuds",56.02,1,20,"F","Cash",56.02
2023-09-09,"Toulouse Capitole","Seller_14","Smartphone",367.85,2,35,"F","Card",735.7
2023-07-03,"Paris Centre","Seller_4","Laptop",1021.43,1,35,"F","Card",1021.43
2024-09-18,"Toulouse Capitole","Seller_18","Tablet",912.3,2,47,NA,"Card",1824.6
2024-04-04,"Marseille Vieux-Port","Seller_18","Smartphone",508.85,2,30,"F","Card",1017.7
2023-08-27,"Paris Centre","Seller_3","Accessories",1385.73,1,34,"M","Card",1385.73
2024-05-13,"Nice Promenade","Seller_5","Earbuds",841.37,2,32,NA,"Card",1682.74
2023-04-28,"Toulouse Capitole","Seller_19","Smartwatch",1473.56,2,33,"F","Card",2947.12
2023-09-01,"Marseille Vieux-Port","Seller_20","Earbuds",622.57,2,46,"M","Card",1245.14
2024-03-17,"Lyon Part-Dieu","Seller_5","Smartphone",308.44,3,36,"M","Cash",925.32
2023-07-03,"Nice Promenade","Seller_19","Earbuds",512.42,1,45,"M","",512.42
2024-04-17,"Lyon Part-Dieu","Seller_18","Earbuds",1117.48,2,38,"M","Card",2234.96
2024-03-04,"Paris Centre","Seller_24","Smartphone",1006.38,2,30,"F","Card",2012.76
2023-01-19,"Nice Promenade","Seller_5","Smartphone",1036.58,3,22,"F","Check",3109.74
2024-03-21,"Paris Centre","Seller_21","Smartphone",364.17,1,43,"M","Card",364.17
2024-09-02,"Nice Promenade","Seller_5","Accessories",150.28,1,65,"F","Check",150.28
2023-01-28,"Lyon Part-Dieu","Seller_5","Smartphone",377.87,2,49,"F","Card",755.74
2024-09-29,"Marseille Vieux-Port","Seller_12","Earbuds",1064.91,2,42,"M","Card",2129.82
2023-09-14,"Toulouse Capitole","Seller_18","Tablet",268.84,2,44,"F","Card",537.68
2023-07-11,"Paris Centre","Seller_24","Smartphone",535.46,1,43,"M","Cash",535.46
2023-05-26,"Marseille Vieux-Port","Seller_14","Smartphone",531.2,1,56,NA,"Card",531.2
2024-02-05,"Paris Centre","Seller_18","Smartphone",72.9,1,38,"M","Card",72.9
2023-08-21,"Nice Promenade","Seller_20","Tablet",1411.58,1,35,"M","Cash",1411.58
2024-05-31,"Toulouse Capitole","Seller_21","Tablet",1457.49,1,32,NA,"",1457.49
2023-04-13,"Toulouse Capitole","Seller_5","Smartphone",795.77,1,48,"M","Card",795.77
2023-07-14,"Nice Promenade","Seller_22","Earbuds",297.43,2,45,"F","Card",594.86
2023-01-21,"Lyon Part-Dieu","Seller_6","Laptop",128.17,2,35,"M","Cash",256.34
2023-08-23,"Marseille Vieux-Port","Seller_14","Laptop",632.94,2,17,"F","Cash",1265.88
2023-11-03,"Marseille Vieux-Port","Seller_25","Earbuds",1397.38,2,29,"M","Card",2794.76
2024-06-09,"Marseille Vieux-Port","Seller_12","Tablet",347.52,3,40,"M","Card",1042.56
2023-03-27,"Lyon Part-Dieu","Seller_12","Earbuds",102.22,1,55,"F","Cash",102.22
2023-05-19,"Marseille Vieux-Port","Seller_21","Laptop",151.8,1,47,"F","Card",151.8
2023-05-11,"Lyon Part-Dieu","Seller_3","Smartphone",596.74,1,51,"M","Card",596.74
2024-05-06,"Paris Centre","Seller_6","Laptop",194.88,1,27,"M","Card",194.88
2023-09-23,"Paris Centre","Seller_14","Laptop",682.53,1,43,"F","",682.53
2024-10-17,"Lyon Part-Dieu","Seller_20","Smartwatch",620.89,2,35,"F","Check",1241.78
2023-11-07,"Nice Promenade","Seller_12","Earbuds",562.26,2,32,NA,"Card",1124.52
2024-10-26,"Nice Promenade","Seller_11","Smartphone",723.07,1,35,"M","Card",723.07
2023-08-12,"Nice Promenade","Seller_23","Earbuds",430.17,2,34,"M","Cash",860.34
2024-03-09,"Paris Centre","Seller_16","Smartphone",1499.91,1,35,"M","Card",1499.91
2023-09-16,"Lyon Part-Dieu","Seller_25","Earbuds",1005.1,1,39,NA,"Card",1005.1
2023-01-15,"Nice Promenade","Seller_16","Laptop",1379.38,1,33,"M","Card",1379.38
2024-11-07,"Toulouse Capitole","Seller_7","Accessories",1402.26,1,23,"M","Cash",1402.26
2024-10-06,"Lyon Part-Dieu","Seller_25","Smartwatch",868.41,2,40,"M","Card",1736.82
2024-11-11,"Nice Promenade","Seller_4","Accessories",367.37,2,16,"F","Card",734.74
2023-08-27,"Toulouse Capitole","Seller_23","Smartphone",1493.24,1,44,"F","Card",1493.24
2023-12-23,"Lyon Part-Dieu","Seller_24","Smartphone",353.81,2,33,"M","",707.62
2023-04-23,"Toulouse Capitole","Seller_17","Laptop",603.47,1,45,"F","Cash",603.47
2024-10-25,"Toulouse Capitole","Seller_12","Laptop",857.39,2,38,"M","Card",1714.78
2023-06-08,"Lyon Part-Dieu","Seller_13","Laptop",1479.74,1,34,"F","Card",1479.74
2023-04-25,"Marseille Vieux-Port","Seller_20","Laptop",695.29,5,38,"F","Card",3476.45
2024-05-14,"Marseille Vieux-Port","Seller_7","Smartphone",733.69,1,38,"M","Card",733.69
2024-02-06,"Marseille Vieux-Port","Seller_18","Smartphone",1082.3,2,45,"F","Card",2164.6
2024-07-05,"Toulouse Capitole","Seller_18","Smartphone",728.52,1,41,"F","Card",728.52
2023-06-28,"Nice Promenade","Seller_23","Tablet",385,1,45,"F","Card",385
2024-12-28,"Marseille Vieux-Port","Seller_4","Tablet",454.17,2,17,"F","Card",908.34
2024-03-01,"Toulouse Capitole","Seller_17","Earbuds",332.51,1,49,"F","Card",332.51
2023-09-18,"Marseille Vieux-Port","Seller_17","Smartwatch",580.44,2,36,"M","Check",1160.88
2024-02-01,"Paris Centre","Seller_3","Laptop",661.46,1,46,"M","Card",661.46
2024-04-20,"Marseille Vieux-Port","Seller_6","Laptop",1240.84,2,25,"F","Card",2481.68
2024-10-16,"Nice Promenade","Seller_1","Smartphone",923.87,1,24,"M","Card",923.87
2023-09-20,"Nice Promenade","Seller_24","Laptop",1099.49,1,24,"M","Cash",1099.49
2023-02-12,"Lyon Part-Dieu","Seller_7","Tablet",1216.02,1,46,"M","Card",1216.02
2023-04-16,"Nice Promenade","Seller_21","Tablet",663.32,1,29,"M","",663.32
2023-12-28,"Paris Centre","Seller_10","Laptop",453.68,2,42,"M","Card",907.36
2023-09-28,"Lyon Part-Dieu","Seller_14","Smartwatch",522.86,1,28,"M","Card",522.86
2023-08-30,"Nice Promenade","Seller_16","Laptop",685.09,2,34,"F","Cash",1370.18
2023-10-07,"Paris Centre","Seller_3","Tablet",704.8,1,29,"M","Card",704.8
2024-04-21,"Lyon Part-Dieu","Seller_2","Laptop",307.04,1,39,"F","Card",307.04
2023-07-27,"Nice Promenade","Seller_4","Earbuds",690.16,2,39,"M","Card",1380.32
2024-11-01,"Nice Promenade","Seller_4","Smartphone",775.59,1,36,"M","Cash",775.59
2024-10-28,"Nice Promenade","Seller_1","Earbuds",171.42,1,44,"M","Card",171.42
2024-03-22,"Lyon Part-Dieu","Seller_19","Tablet",864.96,1,33,"M","Card",864.96
2023-07-09,"Toulouse Capitole","Seller_20","Laptop",913.94,4,31,"M","Cash",3655.76
2024-01-23,"Nice Promenade","Seller_2","Earbuds",229.84,3,32,NA,"Card",689.52
2023-05-10,"Paris Centre","Seller_8","Laptop",710.4,1,41,"M","Card",710.4
2024-06-05,"Lyon Part-Dieu","Seller_2","Tablet",1346.81,1,27,"F","Card",1346.81
2023-07-25,"Lyon Part-Dieu","Seller_23","Smartphone",1235.4,2,50,"F","Check",2470.8
2023-09-25,"Marseille Vieux-Port","Seller_6","Laptop",689.65,2,68,"F","Card",1379.3
2023-10-15,"Paris Centre","Seller_17","Smartwatch",912.86,2,30,"M","Check",1825.72
2023-10-22,"Lyon Part-Dieu","Seller_12","Earbuds",248.83,2,48,NA,"Card",497.66
2023-12-26,"Toulouse Capitole","Seller_11","Tablet",422.11,1,40,"F","Cash",422.11
2023-01-25,"Nice Promenade","Seller_2","Smartphone",923.17,1,41,"F","Check",923.17
2023-08-29,"Nice Promenade","Seller_19","Smartphone",828.94,1,16,NA,"Card",828.94
2024-04-12,"Marseille Vieux-Port","Seller_6","Smartphone",1105.32,2,41,"F","Card",2210.64
2023-10-24,"Nice Promenade","Seller_21","Smartphone",305.95,1,18,"F","",305.95
2023-08-22,"Toulouse Capitole","Seller_16","Smartphone",310.3,1,47,"F","Card",310.3
2024-04-15,"Marseille Vieux-Port","Seller_7","Tablet",98.05,1,42,"M","Card",98.05
2023-06-06,"Lyon Part-Dieu","Seller_17","Laptop",79.55,1,51,NA,"Card",79.55
2023-10-28,"Nice Promenade","Seller_5","Accessories",1191.47,2,29,"M","Card",2382.94
2024-09-19,"Nice Promenade","Seller_21","Earbuds",883.9,2,31,NA,"Cash",1767.8
2023-08-24,"Paris Centre","Seller_24","Tablet",319.29,3,24,NA,"Card",957.87
2023-05-14,"Toulouse Capitole","Seller_7","Laptop",572.5,1,28,"M","Card",572.5
2023-09-30,"Paris Centre","Seller_2","Laptop",244.63,1,16,"M","Card",244.63
2023-04-03,"Toulouse Capitole","Seller_13","Accessories",255.49,1,39,"F","Card",255.49
2024-07-19,"Toulouse Capitole","Seller_14","Tablet",1183.29,2,50,"F","Card",2366.58
2024-01-12,"Lyon Part-Dieu","Seller_20","Smartphone",1389.23,3,38,"M","Cash",4167.69
2023-09-11,"Nice Promenade","Seller_25","Smartphone",1178.56,1,16,"F","Cash",1178.56
2023-12-12,"Marseille Vieux-Port","Seller_1","Accessories",872.32,2,16,"F","Check",1744.64
2024-11-13,"Paris Centre","Seller_25","Tablet",643.39,3,35,"M","Card",1930.17
2023-07-09,"Toulouse Capitole","Seller_15","Smartwatch",524.86,2,37,"M","Card",1049.72
2024-12-25,"Paris Centre","Seller_21","Tablet",285.78,2,46,"F","Card",571.56
2024-09-17,"Nice Promenade","Seller_23","Tablet",180.42,1,33,"F","Cash",180.42
2024-03-28,"Paris Centre","Seller_2","Laptop",1349.71,1,52,"F","",1349.71
2023-10-16,"Paris Centre","Seller_21","Laptop",791.08,2,41,"F","Card",1582.16
2024-03-21,"Lyon Part-Dieu","Seller_15","Tablet",558.99,4,39,"M","Card",2235.96
2023-09-06,"Paris Centre","Seller_12","Earbuds",1316.3,1,25,"F","Card",1316.3
2023-11-03,"Toulouse Capitole","Seller_12","Smartphone",904,1,43,NA,"Card",904
2024-05-06,"Marseille Vieux-Port","Seller_10","Laptop",1207.67,1,35,"F","Card",1207.67
2024-10-08,"Marseille Vieux-Port","Seller_11","Laptop",173.23,1,34,"F","Card",173.23
2023-09-16,"Toulouse Capitole","Seller_15","Earbuds",1299.37,2,47,"M","Cash",2598.74
2023-12-07,"Marseille Vieux-Port","Seller_14","Smartphone",1253.1,1,58,"F","Card",1253.1
2024-02-28,"Marseille Vieux-Port","Seller_1","Tablet",1256.21,2,40,NA,"Card",2512.42
2023-01-29,"Lyon Part-Dieu","Seller_3","Smartphone",1433.77,1,38,"M","Cash",1433.77
2023-03-12,"Toulouse Capitole","Seller_19","Tablet",498.26,1,34,"M","Card",498.26
2024-04-09,"Lyon Part-Dieu","Seller_6","Accessories",505.94,2,30,"M","Card",1011.88
2023-02-08,"Toulouse Capitole","Seller_5","Laptop",754.36,2,33,"F","Card",1508.72
2023-02-22,"Paris Centre","Seller_15","Smartphone",398.42,1,45,"M","Card",398.42
2023-03-01,"Marseille Vieux-Port","Seller_11","Laptop",841.18,3,42,"M","Check",2523.54
2024-03-29,"Toulouse Capitole","Seller_23","Smartphone",569.66,1,50,"M","Card",569.66
2024-06-15,"Nice Promenade","Seller_20","Laptop",298.29,1,16,"F","Cash",298.29
2023-07-04,"Nice Promenade","Seller_21","Smartphone",82.86,1,41,NA,"Cash",82.86
2024-03-18,"Paris Centre","Seller_7","Tablet",1055.76,1,35,"F","Card",1055.76
2023-07-15,"Toulouse Capitole","Seller_19","Smartphone",762.18,1,39,"F","Card",762.18
2023-08-23,"Lyon Part-Dieu","Seller_1","Laptop",601.77,3,16,NA,"Check",1805.31
2024-11-23,"Paris Centre","Seller_20","Smartphone",1124.33,2,41,"M","Card",2248.66
2023-12-30,"Nice Promenade","Seller_21","Earbuds",589.47,1,28,"M","Card",589.47
2024-11-18,"Paris Centre","Seller_17","Laptop",806.35,2,41,"M","",1612.7
2023-06-09,"Lyon Part-Dieu","Seller_10","Tablet",1077.22,1,39,"F","Cash",1077.22
2023-11-05,"Marseille Vieux-Port","Seller_14","Smartphone",1022.2,1,52,"F","Card",1022.2
2023-10-28,"Nice Promenade","Seller_8","Smartphone",581.52,4,27,NA,"Card",2326.08
2023-03-06,"Toulouse Capitole","Seller_15","Earbuds",829.03,1,30,"M","",829.03
2024-07-13,"Nice Promenade","Seller_15","Earbuds",976.55,1,34,"M","Check",976.55
2023-05-15,"Paris Centre","Seller_9","Smartwatch",758.2,1,16,"F","Card",758.2
2023-01-14,"Lyon Part-Dieu","Seller_21","Tablet",1308.89,2,53,NA,"Card",2617.78
2023-12-30,"Nice Promenade","Seller_11","Accessories",1105.02,1,47,"F","Card",1105.02
2024-03-11,"Marseille Vieux-Port","Seller_8","Earbuds",727.75,4,49,"M","Check",2911
2023-02-09,"Toulouse Capitole","Seller_24","Earbuds",1157.01,2,52,"F","Card",2314.02
2023-08-18,"Paris Centre","Seller_1","Laptop",60.94,1,39,"M","Card",60.94
2024-03-02,"Nice Promenade","Seller_14","Smartphone",588.93,1,24,"F","Card",588.93
2024-09-22,"Nice Promenade","Seller_7","Laptop",1290.87,1,36,"F","",1290.87
2023-09-19,"Lyon Part-Dieu","Seller_1","Laptop",1437.7,1,19,"M","Card",1437.7
2024-06-25,"Paris Centre","Seller_8","Smartphone",818.67,2,16,"F","",1637.34
2024-02-25,"Lyon Part-Dieu","Seller_11","Laptop",587.91,1,43,"F","Card",587.91
2024-11-10,"Lyon Part-Dieu","Seller_20","Tablet",672.61,4,39,"M","Cash",2690.44
2023-06-30,"Marseille Vieux-Port","Seller_18","Earbuds",488.24,2,41,"F","",976.48
2024-05-03,"Toulouse Capitole","Seller_19","Accessories",287.15,1,43,"M","Card",287.15
2023-09-17,"Paris Centre","Seller_24","Smartwatch",444.66,1,18,"M","Cash",444.66
2023-12-21,"Marseille Vieux-Port","Seller_9","Earbuds",978.68,1,33,"F","Card",978.68
2024-03-21,"Nice Promenade","Seller_23","Laptop",343.94,1,24,"M","",343.94
2023-08-07,"Marseille Vieux-Port","Seller_19","Smartwatch",1315.42,1,20,"F","Card",1315.42
2023-09-17,"Toulouse Capitole","Seller_25","Smartphone",811.05,1,35,"F","Card",811.05
2023-05-20,"Paris Centre","Seller_4","Laptop",1157.64,1,25,"F","Cash",1157.64
2023-03-24,"Lyon Part-Dieu","Seller_16","Tablet",397.75,2,29,"F","Card",795.5
2024-06-14,"Paris Centre","Seller_15","Smartphone",1092.98,1,44,"M","Card",1092.98
2024-05-23,"Lyon Part-Dieu","Seller_18","Laptop",587.61,1,48,"F","",587.61
2024-09-24,"Paris Centre","Seller_9","Earbuds",165.16,2,23,"F","Cash",330.32
2024-04-13,"Paris Centre","Seller_11","Smartphone",72.45,1,32,"F","Cash",72.45
2023-10-19,"Nice Promenade","Seller_21","Tablet",60.19,4,16,"F","Cash",240.76
2024-11-17,"Paris Centre","Seller_15","Tablet",521.64,1,29,"M","Cash",521.64
2023-06-16,"Paris Centre","Seller_7","Tablet",1252.16,2,47,"F","Check",2504.32
2024-09-11,"Marseille Vieux-Port","Seller_24","Laptop",1317.35,1,45,"M","Card",1317.35
2023-12-13,"Paris Centre","Seller_17","Smartwatch",122.28,2,48,NA,"Cash",244.56
2023-07-15,"Paris Centre","Seller_7","Tablet",305.11,1,43,"F","Card",305.11
2024-11-18,"Toulouse Capitole","Seller_13","Laptop",910.43,3,35,"F","Card",2731.29
2024-12-11,"Paris Centre","Seller_19","Smartphone",1464.21,1,24,"M","Card",1464.21
2024-04-13,"Paris Centre","Seller_16","Smartphone",868.7,1,36,"F","Check",868.7
2024-03-18,"Lyon Part-Dieu","Seller_25","Tablet",410.22,4,16,"F","Card",1640.88
2024-03-26,"Lyon Part-Dieu","Seller_12","Tablet",629.91,3,44,"M","Card",1889.73
2023-03-08,"Lyon Part-Dieu","Seller_16","Tablet",1018.07,1,44,"M","Cash",1018.07
2023-04-07,"Lyon Part-Dieu","Seller_21","Accessories",992.7,1,37,"F","Card",992.7
2023-05-21,"Lyon Part-Dieu","Seller_18","Smartphone",440.3,1,27,"F","Card",440.3
2023-11-02,"Nice Promenade","Seller_13","Accessories",765.03,2,27,"M","Check",1530.06
2023-10-15,"Lyon Part-Dieu","Seller_18","Accessories",1273.66,2,38,"M","Card",2547.32
2024-03-04,"Nice Promenade","Seller_16","Laptop",123.72,5,16,"F","Card",618.6
2023-09-12,"Toulouse Capitole","Seller_14","Earbuds",NA,2,16,"F","Card",NA
2024-09-22,"Marseille Vieux-Port","Seller_22","Smartphone",89.72,1,38,"F","Check",89.72
2024-01-22,"Lyon Part-Dieu","Seller_3","Smartphone",557.64,1,29,"M","Card",557.64
2024-04-29,"Lyon Part-Dieu","Seller_22","Laptop",1494.16,1,33,"F","Card",1494.16
2023-05-08,"Marseille Vieux-Port","Seller_25","Laptop",250.2,1,25,"M","Card",250.2
2024-02-19,"Toulouse Capitole","Seller_5","Tablet",989.54,2,20,"M","Card",1979.08
2024-01-28,"Marseille Vieux-Port","Seller_21","Tablet",991.5,1,36,"M","Card",991.5
2024-04-15,"Toulouse Capitole","Seller_4","Smartphone",547.52,1,38,"M","Card",547.52
2023-11-15,"Toulouse Capitole","Seller_8","Tablet",NA,2,39,"M","Card",NA
2024-10-26,"Nice Promenade","Seller_16","Laptop",1023.36,1,31,"F","Card",1023.36
2023-11-25,"Marseille Vieux-Port","Seller_11","Earbuds",1058.11,4,40,"M","Card",4232.44
2024-08-15,"Paris Centre","Seller_3","Smartphone",1423.94,1,29,NA,"",1423.94
2024-09-21,"Nice Promenade","Seller_18","Smartphone",410.44,2,49,"M","Card",820.88
2023-07-05,"Nice Promenade","Seller_23","Tablet",555.35,1,29,"F","Card",555.35
2024-12-03,"Marseille Vieux-Port","Seller_10","Laptop",646.74,1,18,NA,"Card",646.74
2023-09-05,"Nice Promenade","Seller_24","Smartphone",553.04,3,26,"M","Card",1659.12
2023-11-04,"Paris Centre","Seller_13","Laptop",677.21,2,60,NA,"Card",1354.42
2024-08-16,"Marseille Vieux-Port","Seller_22","Smartphone",1277.42,1,26,NA,"Card",1277.42
2024-07-23,"Marseille Vieux-Port","Seller_24","Laptop",1252.89,1,29,"M","Cash",1252.89
2024-05-28,"Marseille Vieux-Port","Seller_13","Tablet",670.04,2,24,"F","Card",1340.08
2023-04-09,"Paris Centre","Seller_4","Smartphone",111.29,1,32,NA,"Card",111.29
2024-11-11,"Nice Promenade","Seller_20","Tablet",NA,2,57,"F","Card",NA
2023-12-26,"Nice Promenade","Seller_25","Tablet",140.58,2,28,"F","Cash",281.16
2023-06-28,"Paris Centre","Seller_15","Smartphone",294.92,3,51,"M","Card",884.76
2024-11-07,"Lyon Part-Dieu","Seller_14","Tablet",1173.55,3,18,NA,"Card",3520.65
2024-07-05,"Marseille Vieux-Port","Seller_15","Tablet",1088.62,1,26,"M","Card",1088.62
2023-09-12,"Nice Promenade","Seller_25","Smartphone",1213.74,2,38,"F","Card",2427.48
2023-10-02,"Marseille Vieux-Port","Seller_9","Smartphone",1089.05,1,25,"F","Card",1089.05
2023-07-15,"Toulouse Capitole","Seller_18","Earbuds",1313.89,1,51,"M","Cash",1313.89
2024-01-09,"Lyon Part-Dieu","Seller_4","Laptop",398.34,1,16,"F","Card",398.34
2023-11-21,"Paris Centre","Seller_15","Laptop",1021.12,1,43,"M","Card",1021.12
2024-03-06,"Marseille Vieux-Port","Seller_17","Tablet",1310.98,1,57,"F","Card",1310.98
2024-10-30,"Paris Centre","Seller_21","Tablet",1441.08,2,35,"F","Cash",2882.16
2024-06-22,"Lyon Part-Dieu","Seller_13","Tablet",1070.74,2,19,NA,"Card",2141.48
2024-02-14,"Toulouse Capitole","Seller_16","Laptop",476.53,1,35,"F","Check",476.53
2023-11-22,"Nice Promenade","Seller_1","Tablet",1278.75,1,43,"F","Card",1278.75
2023-07-04,"Toulouse Capitole","Seller_8","Smartphone",723.08,2,19,"M","Card",1446.16
2023-08-13,"Lyon Part-Dieu","Seller_11","Smartwatch",779.23,2,34,NA,"Card",1558.46
2024-09-27,"Lyon Part-Dieu","Seller_24","Smartphone",968.33,1,30,"M","Card",968.33
2024-03-04,"Toulouse Capitole","Seller_6","Smartwatch",634.48,2,43,NA,"Card",1268.96
2023-11-16,"Paris Centre","Seller_15","Earbuds",361.59,2,27,"F","Card",723.18
2023-06-06,"Marseille Vieux-Port","Seller_13","Accessories",NA,2,41,"F","Card",NA
2023-01-03,"Paris Centre","Seller_22","Smartphone",181.89,2,18,"M","Card",363.78
2023-05-10,"Toulouse Capitole","Seller_2","Smartwatch",1340.51,1,30,"M","Card",1340.51
2023-09-15,"Nice Promenade","Seller_6","Tablet",819.66,3,31,"M","Card",2458.98
2023-09-02,"Marseille Vieux-Port","Seller_12","Smartphone",257.87,3,32,"M","Card",773.61
2024-12-26,"Nice Promenade","Seller_3","Laptop",332.67,1,40,"M","Card",332.67
2024-02-27,"Toulouse Capitole","Seller_3","Earbuds",798.16,3,37,"F","Card",2394.48
2024-12-20,"Marseille Vieux-Port","Seller_19","Tablet",95.99,1,30,NA,"Card",95.99
2024-09-26,"Lyon Part-Dieu","Seller_7","Smartphone",810.99,1,22,NA,"Card",810.99
2023-10-04,"Toulouse Capitole","Seller_6","Earbuds",780.47,1,45,NA,"Card",780.47
2024-04-18,"Nice Promenade","Seller_9","Earbuds",1098.21,1,42,"F","Card",1098.21
2023-08-19,"Marseille Vieux-Port","Seller_14","Smartphone",1483.19,1,28,"M","Card",1483.19
2023-04-15,"Lyon Part-Dieu","Seller_24","Smartphone",1442.73,2,40,NA,"Card",2885.46
2024-02-16,"Nice Promenade","Seller_15","Smartphone",117.25,2,24,"M","Card",234.5
2023-07-01,"Nice Promenade","Seller_8","Tablet",583.54,1,26,"F","Card",583.54
2023-04-07,"Nice Promenade","Seller_18","Smartphone",555.36,1,45,"M","Card",555.36
2024-12-27,"Marseille Vieux-Port","Seller_21","Earbuds",50.55,3,64,"M","Card",151.65
2023-02-05,"Nice Promenade","Seller_22","Smartphone",1062.83,1,28,"M","Card",1062.83
2024-04-03,"Nice Promenade","Seller_23","Smartwatch",515.88,1,16,"M","Card",515.88
2023-06-23,"Marseille Vieux-Port","Seller_25","Tablet",779.05,2,43,NA,"",1558.1
2024-08-04,"Nice Promenade","Seller_25","Laptop",84.38,1,21,"F","Card",84.38
2024-06-18,"Marseille Vieux-Port","Seller_8","Accessories",1188.88,2,25,"F","Card",2377.76
2023-12-12,"Paris Centre","Seller_5","Earbuds",1473.52,1,30,"M","Card",1473.52
2023-11-27,"Marseille Vieux-Port","Seller_7","Smartphone",511.78,1,23,"F","Cash",511.78
2023-04-26,"Nice Promenade","Seller_4","Laptop",126.41,1,30,"M","",126.41
2023-05-07,"Toulouse Capitole","Seller_4","Laptop",745,2,56,NA,"Card",1490
2023-04-22,"Nice Promenade","Seller_13","Laptop",1437.4,2,49,"F","Cash",2874.8
2024-10-06,"Toulouse Capitole","Seller_12","Smartphone",1260.15,1,22,"M","",1260.15
2024-12-05,"Lyon Part-Dieu","Seller_22","Smartphone",655.26,1,30,NA,"Card",655.26
2023-11-27,"Nice Promenade","Seller_3","Smartphone",182.59,2,44,"M","Card",365.18
2023-03-10,"Marseille Vieux-Port","Seller_21","Earbuds",531.66,2,48,"F","Card",1063.32
2024-07-21,"Toulouse Capitole","Seller_25","Laptop",437.32,1,45,"F","Card",437.32
2024-09-12,"Paris Centre","Seller_14","Tablet",309.76,3,44,"F","Card",929.28
2024-09-15,"Marseille Vieux-Port","Seller_21","Smartphone",507.81,1,39,"F","Card",507.81
2023-10-06,"Paris Centre","Seller_14","Earbuds",592.62,2,59,"M","Card",1185.24
2023-12-09,"Marseille Vieux-Port","Seller_14","Smartphone",1185.79,3,21,NA,"Card",3557.37
2024-11-17,"Paris Centre","Seller_24","Laptop",293.59,1,40,"F","Card",293.59
2023-08-14,"Toulouse Capitole","Seller_4","Earbuds",107.21,2,19,"F","Card",214.42
2024-03-17,"Lyon Part-Dieu","Seller_5","Laptop",635.79,1,61,"F","Card",635.79
2023-03-21,"Nice Promenade","Seller_3","Smartwatch",527.69,1,51,"M","Card",527.69
2023-07-22,"Marseille Vieux-Port","Seller_21","Earbuds",808.7,1,23,"M","Card",808.7
2024-12-05,"Lyon Part-Dieu","Seller_16","Smartphone",718.87,1,18,"M","Card",718.87
2024-08-06,"Lyon Part-Dieu","Seller_1","Earbuds",NA,3,28,"M","Card",NA
2024-05-06,"Marseille Vieux-Port","Seller_6","Laptop",839.76,3,53,"F","Check",2519.28
2023-03-29,"Paris Centre","Seller_6","Earbuds",357.23,2,25,NA,"Card",714.46
2024-01-11,"Toulouse Capitole","Seller_17","Smartphone",885.34,1,42,"F","Card",885.34
2024-07-01,"Nice Promenade","Seller_21","Smartwatch",1131.7,1,20,NA,"Card",1131.7
2023-10-06,"Toulouse Capitole","Seller_17","Tablet",173.78,2,40,"F","",347.56
2024-02-26,"Lyon Part-Dieu","Seller_5","Tablet",1282.95,2,51,"M","Card",2565.9
2023-02-21,"Nice Promenade","Seller_15","Smartphone",590.38,2,32,"F","Card",1180.76
2024-12-11,"Lyon Part-Dieu","Seller_11","Earbuds",691.29,2,24,"M","Card",1382.58
2023-07-05,"Lyon Part-Dieu","Seller_25","Smartphone",943.74,1,48,"M","Card",943.74
2024-08-08,"Lyon Part-Dieu","Seller_23","Tablet",468.27,1,44,"M","Card",468.27
2024-03-28,"Toulouse Capitole","Seller_22","Smartphone",324.14,1,39,"M","Check",324.14
2023-04-22,"Paris Centre","Seller_16","Earbuds",231.7,1,28,"M","Card",231.7
2023-09-04,"Nice Promenade","Seller_9","Smartphone",248.81,1,29,"F","Card",248.81
2023-06-05,"Nice Promenade","Seller_15","Tablet",1386.37,1,29,"M","Card",1386.37
2023-10-18,"Nice Promenade","Seller_18","Tablet",283.21,2,46,NA,"Card",566.42
2023-09-18,"Paris Centre","Seller_21","Laptop",1274.36,1,41,"F","Cash",1274.36
2024-03-20,"Toulouse Capitole","Seller_18","Tablet",1493.51,3,54,"F","Cash",4480.53
2023-03-28,"Marseille Vieux-Port","Seller_2","Earbuds",837.07,1,35,NA,"Card",837.07
2024-08-19,"Toulouse Capitole","Seller_24","Tablet",251.84,1,41,"F","Card",251.84
2024-10-27,"Toulouse Capitole","Seller_21","Accessories",1273.06,2,25,"F","Card",2546.12
2024-08-08,"Toulouse Capitole","Seller_1","Earbuds",905.77,1,21,"F","Cash",905.77
2024-08-21,"Marseille Vieux-Port","Seller_10","Smartphone",584.74,1,34,"F","Card",584.74
2024-12-16,"Lyon Part-Dieu","Seller_17","Smartphone",132.49,2,48,"M","Cash",264.98
2023-04-14,"Toulouse Capitole","Seller_16","Laptop",1128.74,2,16,"F","Card",2257.48
2024-12-04,"Nice Promenade","Seller_11","Smartphone",1178.8,1,40,NA,"",1178.8
2024-12-14,"Lyon Part-Dieu","Seller_16","Earbuds",513.99,2,18,"M","Card",1027.98
2024-05-28,"Marseille Vieux-Port","Seller_20","Accessories",1389.29,1,43,"M","Cash",1389.29
2023-05-30,"Nice Promenade","Seller_19","Accessories",1133.88,1,42,"M","Card",1133.88
2024-11-25,"Toulouse Capitole","Seller_9","Laptop",1348.54,3,24,"M","Card",4045.62
2024-04-19,"Toulouse Capitole","Seller_3","Tablet",511.31,1,41,"F","Cash",511.31
2023-12-18,"Nice Promenade","Seller_23","Smartphone",405.35,1,30,"M","Card",405.35
2024-03-09,"Nice Promenade","Seller_20","Laptop",638.06,1,26,"M","Card",638.06
2023-11-22,"Toulouse Capitole","Seller_20","Smartphone",561.82,2,40,"M","Check",1123.64
2024-10-19,"Nice Promenade","Seller_3","Laptop",131.64,2,32,"M","Card",263.28
2023-07-23,"Paris Centre","Seller_25","Tablet",562.22,1,29,"F","Card",562.22
2024-11-29,"Toulouse Capitole","Seller_1","Smartphone",1129.5,2,44,"M","Card",2259
2023-04-02,"Nice Promenade","Seller_25","Laptop",1344.73,3,33,"F","Card",4034.19
2023-08-17,"Marseille Vieux-Port","Seller_16","Accessories",NA,1,41,"M","Card",NA
2024-11-19,"Toulouse Capitole","Seller_12","Tablet",1324.49,2,38,"F","Card",2648.98
2024-06-02,"Marseille Vieux-Port","Seller_19","Smartphone",1028.73,1,32,"F","Card",1028.73
2023-06-24,"Lyon Part-Dieu","Seller_3","Earbuds",1083.54,1,51,"F","Card",1083.54
2024-01-20,"Lyon Part-Dieu","Seller_7","Earbuds",1005.71,2,44,"F","Card",2011.42
2023-02-23,"Nice Promenade","Seller_9","Tablet",1370.79,1,43,"F","Card",1370.79
2024-04-02,"Paris Centre","Seller_15","Laptop",561.96,1,36,"F","Check",561.96
2024-01-23,"Toulouse Capitole","Seller_8","Earbuds",324.35,1,35,"F","Cash",324.35
2023-05-16,"Marseille Vieux-Port","Seller_2","Smartphone",722.04,1,53,"M","Card",722.04
2023-02-08,"Toulouse Capitole","Seller_23","Laptop",548.29,1,34,"M","Card",548.29
2024-11-16,"Toulouse Capitole","Seller_21","Smartphone",1272.95,1,26,"M","Cash",1272.95
2023-03-14,"Toulouse Capitole","Seller_13","Smartphone",869.23,1,34,"M","Card",869.23
2023-08-16,"Toulouse Capitole","Seller_20","Smartphone",1048.68,1,31,"M","Card",1048.68
2023-11-03,"Toulouse Capitole","Seller_17","Earbuds",905.81,2,34,"F","Cash",1811.62
2024-11-22,"Toulouse Capitole","Seller_22","Smartphone",250.57,5,26,"F","Card",1252.85
2023-12-18,"Nice Promenade","Seller_4","Earbuds",806.43,2,49,"M","Card",1612.86
2023-09-25,"Lyon Part-Dieu","Seller_2","Smartphone",1233.78,1,43,"M","Card",1233.78
2023-08-25,"Toulouse Capitole","Seller_22","Smartphone",436.31,3,21,"M","Card",1308.93
2023-09-30,"Lyon Part-Dieu","Seller_2","Earbuds",660.29,1,35,"M","Card",660.29
2023-01-29,"Toulouse Capitole","Seller_20","Smartphone",301.7,1,45,"M","Card",301.7
2023-03-15,"Toulouse Capitole","Seller_25","Tablet",1484.34,1,48,"M","Card",1484.34
2024-05-27,"Toulouse Capitole","Seller_16","Smartwatch",368.01,3,35,"M","Card",1104.03
2023-01-02,"Lyon Part-Dieu","Seller_3","Laptop",550.9,1,18,"M","Card",550.9
2023-01-17,"Paris Centre","Seller_7","Tablet",973.66,1,58,"F","Card",973.66
2024-05-02,"Lyon Part-Dieu","Seller_17","Tablet",1487.59,2,35,"F","Card",2975.18
2023-12-04,"Toulouse Capitole","Seller_24","Earbuds",108.22,1,32,"F","Card",108.22
2024-03-12,"Toulouse Capitole","Seller_18","Smartphone",1019.93,1,47,"M","Check",1019.93
2024-03-30,"Marseille Vieux-Port","Seller_8","Laptop",285.16,1,56,"M","Check",285.16
2023-07-23,"Lyon Part-Dieu","Seller_23","Smartphone",579.11,1,26,"M","Card",579.11
2023-05-10,"Marseille Vieux-Port","Seller_8","Laptop",717.4,1,43,"M","Card",717.4
2023-08-07,"Toulouse Capitole","Seller_12","Tablet",815.03,3,36,"M","",2445.09
2024-02-19,"Toulouse Capitole","Seller_20","Earbuds",1430.51,2,22,"M","Check",2861.02
2023-05-07,"Marseille Vieux-Port","Seller_24","Earbuds",1034.78,1,16,"M","Cash",1034.78
2024-01-13,"Lyon Part-Dieu","Seller_2","Earbuds",1471.46,1,34,"M","Card",1471.46
2023-08-21,"Marseille Vieux-Port","Seller_18","Smartphone",758.85,1,30,"M","Cash",758.85
2024-04-04,"Lyon Part-Dieu","Seller_12","Laptop",724.84,2,16,NA,"Card",1449.68
2024-07-27,"Toulouse Capitole","Seller_2","Smartphone",961.53,2,29,NA,"Card",1923.06
2024-11-22,"Nice Promenade","Seller_24","Tablet",554.04,1,56,"M","Check",554.04
2024-08-25,"Toulouse Capitole","Seller_22","Accessories",269.47,1,47,"F","Card",269.47
2024-06-14,"Nice Promenade","Seller_17","Smartphone",103.4,2,27,"M","Card",206.8
2024-03-18,"Toulouse Capitole","Seller_2","Smartphone",1336.11,2,32,"M","Card",2672.22
2024-01-25,"Toulouse Capitole","Seller_4","Earbuds",646.34,1,66,"F","Check",646.34
2023-01-01,"Toulouse Capitole","Seller_14","Smartphone",1226.81,2,30,"F","Cash",2453.62
2024-09-06,"Toulouse Capitole","Seller_18","Tablet",628.32,4,26,"F","Card",2513.28
2023-07-29,"Paris Centre","Seller_25","Laptop",908.63,1,16,"F","Card",908.63
2023-10-22,"Lyon Part-Dieu","Seller_11","Earbuds",1473.11,1,41,"F","Card",1473.11
2024-08-21,"Paris Centre","Seller_6","Smartphone",999.82,2,21,"F","Check",1999.64
2024-05-08,"Marseille Vieux-Port","Seller_24","Tablet",1236.94,1,49,"F","Card",1236.94
2023-01-11,"Toulouse Capitole","Seller_7","Smartphone",64.77,1,16,"F","Card",64.77
2024-04-21,"Paris Centre","Seller_2","Smartphone",384.51,1,42,"F","Card",384.51
2024-06-20,"Nice Promenade","Seller_24","Smartphone",310.37,1,48,"F","Card",310.37
2023-08-18,"Marseille Vieux-Port","Seller_13","Tablet",420.46,2,34,"M","Card",840.92
2023-03-24,"Toulouse Capitole","Seller_22","Tablet",895.85,1,44,NA,"Cash",895.85
2024-07-31,"Paris Centre","Seller_1","Earbuds",298.05,1,42,"M","Card",298.05
2024-05-18,"Toulouse Capitole","Seller_25","Earbuds",417.81,1,36,"M","Card",417.81
2023-10-16,"Lyon Part-Dieu","Seller_22","Smartphone",300.75,3,29,"F","Card",902.25
2024-06-01,"Paris Centre","Seller_10","Smartwatch",1292.77,1,31,"F","Card",1292.77
2023-12-12,"Lyon Part-Dieu","Seller_6","Earbuds",552.98,1,18,"M","Cash",552.98
2023-04-29,"Toulouse Capitole","Seller_20","Smartphone",1256.4,1,19,"M","Cash",1256.4
2024-05-05,"Marseille Vieux-Port","Seller_25","Smartphone",NA,1,25,"F","Card",NA
2023-03-28,"Toulouse Capitole","Seller_6","Smartwatch",771.62,1,33,NA,"Cash",771.62
2024-11-01,"Toulouse Capitole","Seller_3","Tablet",1140.72,1,44,"F","Cash",1140.72
2023-11-18,"Toulouse Capitole","Seller_23","Laptop",1455.38,1,35,"M","Card",1455.38
2023-07-16,"Marseille Vieux-Port","Seller_5","Smartphone",1293.89,2,60,"F","Card",2587.78
2024-04-16,"Nice Promenade","Seller_15","Earbuds",666.81,1,31,"M","Cash",666.81
2023-04-18,"Lyon Part-Dieu","Seller_17","Smartphone",1333.11,2,18,"M","Card",2666.22
2023-08-08,"Toulouse Capitole","Seller_24","Tablet",445.65,1,28,"M","Card",445.65
2023-12-11,"Lyon Part-Dieu","Seller_12","Laptop",1340.29,2,41,"F","Card",2680.58
2023-07-25,"Marseille Vieux-Port","Seller_1","Smartphone",851.19,2,16,"F","Card",1702.38
2024-11-11,"Nice Promenade","Seller_11","Smartphone",1246.8,1,16,"F","Card",1246.8
2023-09-28,"Nice Promenade","Seller_25","Smartphone",830.08,2,46,"F","Card",1660.16
2024-07-02,"Marseille Vieux-Port","Seller_9","Smartphone",1093.35,1,57,"M","Cash",1093.35
2024-06-18,"Marseille Vieux-Port","Seller_18","Laptop",905.65,1,16,"F","Card",905.65
2023-08-19,"Marseille Vieux-Port","Seller_4","Laptop",1003.48,1,40,"M","Card",1003.48
2023-09-11,"Lyon Part-Dieu","Seller_4","Laptop",456.32,1,34,"M","Card",456.32
2024-03-30,"Paris Centre","Seller_9","Smartphone",819.99,2,40,"F","Card",1639.98
2023-06-23,"Toulouse Capitole","Seller_13","Smartphone",290.23,1,41,"M","Card",290.23
2023-06-14,"Paris Centre","Seller_16","Laptop",963.76,3,38,"M","Cash",2891.28
2024-07-22,"Nice Promenade","Seller_7","Smartphone",1334.63,2,55,"F","Card",2669.26
2023-09-03,"Marseille Vieux-Port","Seller_19","Smartphone",1444.51,2,46,"M","Card",2889.02
2024-09-10,"Toulouse Capitole","Seller_22","Earbuds",910.38,1,31,"M","Cash",910.38
2023-05-08,"Nice Promenade","Seller_20","Smartphone",1184.64,1,30,NA,"Card",1184.64
2023-06-19,"Toulouse Capitole","Seller_8","Smartphone",134.06,2,16,"M","Card",268.12
2024-09-05,"Lyon Part-Dieu","Seller_14","Accessories",163.33,2,51,"F","Card",326.66
2024-01-24,"Paris Centre","Seller_5","Earbuds",725.58,1,16,"F","Card",725.58
2024-03-01,"Paris Centre","Seller_18","Laptop",96.18,2,46,NA,"Card",192.36
2024-03-06,"Marseille Vieux-Port","Seller_16","Smartphone",824.48,1,47,"M","Card",824.48
2024-03-12,"Toulouse Capitole","Seller_23","Smartphone",765.54,2,29,"F","Card",1531.08
2024-04-22,"Lyon Part-Dieu","Seller_18","Earbuds",1243.13,3,52,"M","Card",3729.39
2023-06-15,"Toulouse Capitole","Seller_9","Smartwatch",1030.15,1,33,"F","Card",1030.15
2023-12-30,"Marseille Vieux-Port","Seller_2","Smartphone",1475.75,1,24,"F","",1475.75
2024-08-17,"Lyon Part-Dieu","Seller_19","Tablet",871.05,1,24,"M","Card",871.05
2023-06-19,"Paris Centre","Seller_5","Smartphone",991.14,1,32,"M","Check",991.14
2024-07-05,"Lyon Part-Dieu","Seller_1","Smartphone",399.59,1,43,"M","Card",399.59
2024-12-23,"Paris Centre","Seller_1","Smartphone",436.51,2,36,"M","Card",873.02
2023-05-17,"Lyon Part-Dieu","Seller_1","Accessories",535.88,1,40,"M","Cash",535.88
2024-09-23,"Marseille Vieux-Port","Seller_5","Tablet",333.08,1,36,"M","Card",333.08
2023-04-12,"Lyon Part-Dieu","Seller_17","Tablet",446.85,2,42,"F","Card",893.7
2024-01-15,"Paris Centre","Seller_4","Laptop",860.47,1,27,"F","Card",860.47
2023-05-03,"Paris Centre","Seller_14","Tablet",597.57,2,17,"F","Card",1195.14
2023-03-24,"Lyon Part-Dieu","Seller_7","Laptop",517.89,1,28,"F","Check",517.89
2023-06-03,"Paris Centre","Seller_14","Earbuds",220.67,4,29,"F","Card",882.68
2024-12-01,"Marseille Vieux-Port","Seller_4","Smartphone",1191.33,1,40,"M","Card",1191.33
2023-09-27,"Marseille Vieux-Port","Seller_22","Tablet",946.51,3,50,"M","Card",2839.53
2023-03-21,"Toulouse Capitole","Seller_7","Laptop",950.57,2,54,"M","Check",1901.14
2023-07-02,"Toulouse Capitole","Seller_7","Smartphone",1317.46,1,36,NA,"Card",1317.46
2023-02-25,"Paris Centre","Seller_25","Smartphone",1116.5,1,24,"M","Card",1116.5
2024-11-16,"Lyon Part-Dieu","Seller_16","Smartwatch",1315.48,1,48,"M","Card",1315.48
2024-05-26,"Toulouse Capitole","Seller_5","Laptop",1309.26,1,43,NA,"Card",1309.26
2023-12-03,"Toulouse Capitole","Seller_2","Tablet",1198.68,2,32,"F","Card",2397.36
2023-04-30,"Lyon Part-Dieu","Seller_21","Smartphone",1151.58,1,52,"M","",1151.58
2024-11-07,"Paris Centre","Seller_7","Laptop",427.62,2,38,NA,"Cash",855.24
2024-01-12,"Paris Centre","Seller_8","Smartphone",508.91,1,41,"F","Check",508.91
2023-05-12,"Paris Centre","Seller_16","Laptop",424.38,1,53,"F","Card",424.38
2024-02-20,"Marseille Vieux-Port","Seller_8","Tablet",1259.43,1,20,NA,"Card",1259.43
2023-08-12,"Paris Centre","Seller_16","Smartphone",1266.92,2,39,"F","Card",2533.84
2024-01-10,"Toulouse Capitole","Seller_11","Earbuds",817.78,1,32,"M","Card",817.78
2024-01-30,"Lyon Part-Dieu","Seller_19","Earbuds",632.88,2,41,"M","",1265.76
2024-04-05,"Paris Centre","Seller_15","Smartwatch",1259.33,2,48,"F","Card",2518.66
2023-08-20,"Nice Promenade","Seller_19","Smartphone",1368.14,3,42,"M","Card",4104.42
2024-04-06,"Lyon Part-Dieu","Seller_24","Earbuds",1208.29,1,28,NA,"Cash",1208.29
2023-12-03,"Paris Centre","Seller_17","Laptop",512.68,1,31,"M","Card",512.68
2023-08-16,"Toulouse Capitole","Seller_14","Tablet",1316.96,2,59,"M","Card",2633.92
2024-02-07,"Marseille Vieux-Port","Seller_9","Laptop",1330.83,3,39,"M","Card",3992.49
2024-06-08,"Paris Centre","Seller_13","Smartphone",1008.5,1,16,"M","Cash",1008.5
2024-08-30,"Nice Promenade","Seller_22","Tablet",311.28,2,47,"F","Card",622.56
2023-11-04,"Nice Promenade","Seller_14","Laptop",452.22,1,26,"F","Card",452.22
2024-06-18,"Paris Centre","Seller_13","Smartphone",1265.11,1,34,NA,"",1265.11
2024-03-18,"Paris Centre","Seller_21","Tablet",1241.83,1,19,"M","Check",1241.83
2024-09-15,"Lyon Part-Dieu","Seller_18","Accessories",749.03,1,56,"F","Card",749.03
2023-09-24,"Paris Centre","Seller_8","Accessories",973.33,2,46,"M","Cash",1946.66
2023-04-27,"Nice Promenade","Seller_9","Smartphone",331.83,1,32,"M","Card",331.83
2024-06-19,"Nice Promenade","Seller_6","Earbuds",844.85,1,21,"M","Card",844.85
2023-07-14,"Paris Centre","Seller_4","Laptop",379.22,1,31,"M","Card",379.22
2023-08-04,"Toulouse Capitole","Seller_7","Laptop",548.08,3,16,"M","Card",1644.24
2024-08-27,"Paris Centre","Seller_7","Earbuds",492.21,1,23,"M","Card",492.21
2023-02-24,"Lyon Part-Dieu","Seller_4","Smartphone",577.34,1,25,"M","Card",577.34
2023-03-02,"Nice Promenade","Seller_25","Tablet",261.02,1,37,"M","Card",261.02
2023-02-01,"Toulouse Capitole","Seller_22","Smartphone",416.85,1,16,"M","Card",416.85
2024-07-17,"Lyon Part-Dieu","Seller_17","Laptop",728.56,2,33,NA,"Check",1457.12
2024-07-31,"Marseille Vieux-Port","Seller_21","Earbuds",1104,1,16,"M","Check",1104
2023-04-01,"Lyon Part-Dieu","Seller_2","Smartphone",301,1,26,"M","Cash",301
2024-01-01,"Toulouse Capitole","Seller_3","Smartphone",1359.96,1,30,"F","Card",1359.96
2023-01-23,"Lyon Part-Dieu","Seller_6","Smartphone",454.32,1,40,"M","Card",454.32
2024-08-14,"Toulouse Capitole","Seller_4","Earbuds",1232.31,1,31,"M","Check",1232.31
2023-08-30,"Lyon Part-Dieu","Seller_10","Smartphone",381.17,5,22,"M","Check",1905.85
2024-05-09,"Toulouse Capitole","Seller_9","Tablet",1056.47,1,47,"M","",1056.47
2023-07-17,"Toulouse Capitole","Seller_22","Accessories",980.8,1,16,"M","Check",980.8
2024-12-17,"Marseille Vieux-Port","Seller_24","Smartwatch",1221.28,4,26,"M","Card",4885.12
2023-10-17,"Marseille Vieux-Port","Seller_1","Tablet",1495.33,3,38,"F","Card",4485.99
2024-08-20,"Paris Centre","Seller_10","Earbuds",516.89,3,31,"M","Card",1550.67
2024-11-07,"Nice Promenade","Seller_19","Laptop",899.04,2,51,"F","Card",1798.08
2023-03-07,"Paris Centre","Seller_16","Smartwatch",385.1,2,31,NA,"Card",770.2
2023-06-30,"Lyon Part-Dieu","Seller_10","Smartphone",284.13,1,38,"M","Card",284.13
2023-03-24,"Nice Promenade","Seller_23","Earbuds",567.25,2,27,NA,"Card",1134.5
2023-10-16,"Paris Centre","Seller_10","Smartphone",991.42,2,16,"F","Card",1982.84
2024-03-08,"Lyon Part-Dieu","Seller_8","Earbuds",380.41,1,61,"F","Card",380.41
2023-02-25,"Toulouse Capitole","Seller_18","Tablet",1177,1,21,"F","Card",1177
2023-05-29,"Nice Promenade","Seller_13","Smartwatch",329.09,1,37,"F","Card",329.09
2023-03-31,"Nice Promenade","Seller_15","Tablet",1085.7,2,45,"F","Card",2171.4
2023-05-24,"Nice Promenade","Seller_12","Accessories",773.39,2,41,"M","Cash",1546.78
2024-02-08,"Nice Promenade","Seller_15","Earbuds",976.2,2,34,"M","",1952.4
2023-06-15,"Paris Centre","Seller_12","Earbuds",1428.89,1,54,"F","Card",1428.89
2023-02-06,"Paris Centre","Seller_25","Laptop",203.93,1,27,"F","Card",203.93
2023-12-24,"Paris Centre","Seller_21","Smartwatch",115.62,2,41,"F","Card",231.24
2023-07-08,"Lyon Part-Dieu","Seller_22","Earbuds",835.1,3,46,"M","Card",2505.3
2023-09-23,"Nice Promenade","Seller_15","Tablet",448.45,1,46,"F","Card",448.45
2024-01-06,"Nice Promenade","Seller_6","Laptop",1481.41,3,32,"F","Cash",4444.23
2024-09-14,"Lyon Part-Dieu","Seller_8","Accessories",1014.5,4,31,"M","Card",4058
2024-09-11,"Paris Centre","Seller_7","Smartphone",233.4,1,30,"M","Card",233.4
2024-03-04,"Paris Centre","Seller_19","Earbuds",1284.64,2,36,"M","Card",2569.28
2024-09-25,"Paris Centre","Seller_1","Laptop",398.35,1,43,"F","Card",398.35
2024-06-26,"Marseille Vieux-Port","Seller_15","Smartphone",1339.81,1,21,"F","Card",1339.81
2024-06-17,"Marseille Vieux-Port","Seller_19","Laptop",794.7,1,50,"M","",794.7
2024-12-25,"Nice Promenade","Seller_16","Earbuds",340.49,3,34,"M","Card",1021.47
2024-11-03,"Paris Centre","Seller_2","Tablet",77.74,1,40,"F","Card",77.74
2024-12-27,"Nice Promenade","Seller_25","Earbuds",765.18,1,35,"F","Card",765.18
2023-12-02,"Marseille Vieux-Port","Seller_3","Smartphone",154.92,3,24,"F","Card",464.76
2023-12-01,"Marseille Vieux-Port","Seller_5","Earbuds",225.23,1,28,"F","Card",225.23
2024-12-13,"Nice Promenade","Seller_16","Earbuds",874.75,1,39,NA,"Check",874.75
2023-07-06,"Nice Promenade","Seller_20","Laptop",1277.14,2,35,"F","Card",2554.28
2023-08-13,"Marseille Vieux-Port","Seller_6","Smartwatch",735.84,1,45,"M","Cash",735.84
2024-12-05,"Paris Centre","Seller_7","Tablet",1356.96,1,54,"F","Card",1356.96
2023-06-06,"Lyon Part-Dieu","Seller_10","Accessories",1043.41,3,24,"M","Card",3130.23
2023-05-16,"Lyon Part-Dieu","Seller_2","Tablet",1438.97,1,41,"F","Card",1438.97
2024-07-29,"Toulouse Capitole","Seller_21","Earbuds",590.33,1,26,"M","Card",590.33
2023-03-20,"Toulouse Capitole","Seller_1","Laptop",171.78,1,58,"F","Card",171.78
2024-12-27,"Paris Centre","Seller_3","Tablet",639.35,1,44,"M","Card",639.35
2024-11-14,"Toulouse Capitole","Seller_1","Smartphone",1107.76,5,31,"F","Cash",5538.8
2024-01-16,"Paris Centre","Seller_17","Earbuds",1028.72,1,17,"M","Card",1028.72
2023-12-12,"Toulouse Capitole","Seller_12","Tablet",1036.79,3,32,"M","Card",3110.37
2023-01-30,"Toulouse Capitole","Seller_8","Smartphone",591.2,2,36,"M","Card",1182.4
2023-07-01,"Marseille Vieux-Port","Seller_4","Laptop",1147.65,1,52,"M","Card",1147.65
2024-02-04,"Marseille Vieux-Port","Seller_23","Earbuds",1402.45,2,19,"M","Card",2804.9
2024-07-18,"Paris Centre","Seller_21","Smartwatch",211.79,2,37,"M","Card",423.58
2024-06-22,"Toulouse Capitole","Seller_7","Smartphone",815.01,2,40,"F","Check",1630.02
2023-11-29,"Paris Centre","Seller_24","Tablet",1150.03,2,42,"M","Card",2300.06
2023-06-06,"Toulouse Capitole","Seller_4","Smartphone",1006.3,3,42,NA,"Card",3018.9
2023-06-30,"Lyon Part-Dieu","Seller_3","Smartphone",363,1,44,"F","Cash",363
2023-03-22,"Marseille Vieux-Port","Seller_2","Smartphone",1108.62,1,51,"F","Card",1108.62
2024-10-06,"Paris Centre","Seller_8","Accessories",760.01,2,43,NA,"Card",1520.02
2024-02-08,"Marseille Vieux-Port","Seller_1","Laptop",1413,2,52,"F","Cash",2826
2023-01-16,"Paris Centre","Seller_14","Tablet",162.18,1,37,"M","Card",162.18
2023-11-16,"Nice Promenade","Seller_1","Smartphone",991.37,1,41,"M","Card",991.37
2024-07-12,"Toulouse Capitole","Seller_15","Accessories",406.97,1,52,"M","Cash",406.97
2023-08-08,"Lyon Part-Dieu","Seller_15","Earbuds",1205.95,2,16,"M","Card",2411.9
2024-09-11,"Marseille Vieux-Port","Seller_1","Tablet",88.03,2,45,"F","Card",176.06
2024-03-03,"Paris Centre","Seller_15","Smartwatch",1292.63,3,36,"F","Check",3877.89
2024-01-19,"Toulouse Capitole","Seller_2","Tablet",404.99,2,41,"F","Card",809.98
2023-11-01,"Nice Promenade","Seller_6","Laptop",815,1,16,"M","",815
2023-02-25,"Marseille Vieux-Port","Seller_7","Accessories",1364.58,1,30,NA,"Card",1364.58
2023-04-16,"Marseille Vieux-Port","Seller_25","Earbuds",838.48,1,22,NA,"Card",838.48
2024-12-15,"Nice Promenade","Seller_2","Laptop",907.87,1,47,"M","Card",907.87
2024-04-24,"Nice Promenade","Seller_14","Earbuds",180.5,5,46,"F","Card",902.5
2024-05-27,"Lyon Part-Dieu","Seller_13","Laptop",825.9,1,25,"F","Cash",825.9
2024-11-28,"Marseille Vieux-Port","Seller_16","Laptop",1362.48,1,20,"M","Card",1362.48
2023-04-14,"Paris Centre","Seller_18","Earbuds",1036.51,1,25,"M","Card",1036.51
2023-07-29,"Nice Promenade","Seller_12","Earbuds",399.28,1,16,"M","Card",399.28
2023-11-23,"Paris Centre","Seller_21","Tablet",1134.97,2,32,"F","Card",2269.94
2024-05-09,"Nice Promenade","Seller_18","Tablet",1054.27,1,43,"F","Card",1054.27
2024-06-09,"Paris Centre","Seller_10","Smartphone",348.11,1,46,"M","Cash",348.11
2023-04-05,"Nice Promenade","Seller_20","Smartwatch",1454.45,1,43,"M","Card",1454.45
2024-12-06,"Toulouse Capitole","Seller_23","Tablet",307.59,1,41,"M","Check",307.59
2024-01-14,"Marseille Vieux-Port","Seller_11","Tablet",850.28,1,26,"F","Check",850.28
2023-08-27,"Nice Promenade","Seller_9","Smartphone",755.53,1,41,"F","Card",755.53
2023-06-03,"Paris Centre","Seller_21","Smartwatch",648,1,28,"M","Card",648
2024-07-04,"Lyon Part-Dieu","Seller_15","Laptop",936.33,2,42,"F","Cash",1872.66
2023-09-19,"Paris Centre","Seller_25","Accessories",1473.03,2,34,"F","Card",2946.06
2023-08-15,"Lyon Part-Dieu","Seller_15","Tablet",220.38,1,21,"M","Check",220.38
2023-12-02,"Nice Promenade","Seller_4","Earbuds",886.75,2,49,"F","Card",1773.5
2023-02-16,"Lyon Part-Dieu","Seller_5","Earbuds",140.85,3,38,"M","Card",422.55
2023-04-28,"Nice Promenade","Seller_21","Laptop",340.8,1,16,"M","Card",340.8
2024-03-25,"Paris Centre","Seller_13","Smartphone",301.2,1,44,NA,"Card",301.2
2024-01-25,"Marseille Vieux-Port","Seller_19","Laptop",913.77,2,32,"M","Card",1827.54
2024-07-15,"Toulouse Capitole","Seller_8","Smartphone",1093.81,3,16,"M","Cash",3281.43
2024-07-04,"Marseille Vieux-Port","Seller_25","Tablet",490.76,2,34,"F","Cash",981.52
2024-08-31,"Marseille Vieux-Port","Seller_4","Tablet",122.24,1,44,"F","Card",122.24
2023-03-09,"Paris Centre","Seller_16","Earbuds",1091.93,2,23,"M","Cash",2183.86
2024-03-25,"Nice Promenade","Seller_4","Smartphone",303.82,1,47,"F","Card",303.82
2024-05-11,"Lyon Part-Dieu","Seller_2","Laptop",339.78,1,41,"F","Cash",339.78
2024-10-11,"Toulouse Capitole","Seller_19","Smartphone",1003.65,1,28,"M","Card",1003.65
2023-05-08,"Nice Promenade","Seller_23","Smartphone",671.42,1,36,"M","Card",671.42
2023-02-01,"Paris Centre","Seller_20","Tablet",248.31,1,21,"F","Card",248.31
2024-09-07,"Toulouse Capitole","Seller_20","Earbuds",1090.71,1,62,"M","Card",1090.71
2023-06-05,"Toulouse Capitole","Seller_5","Tablet",1460.51,1,32,NA,"Check",1460.51
2024-09-17,"Paris Centre","Seller_2","Smartwatch",188.54,2,43,"F","Card",377.08
2024-01-24,"Lyon Part-Dieu","Seller_21","Tablet",624.39,1,42,NA,"Card",624.39
2024-09-01,"Paris Centre","Seller_21","Laptop",728.7,1,59,"M","Check",728.7
2024-07-31,"Nice Promenade","Seller_6","Tablet",380.99,3,36,"M","Card",1142.97
2023-04-12,"Nice Promenade","Seller_5","Smartphone",1001.76,3,29,"M","Card",3005.28
2023-08-03,"Toulouse Capitole","Seller_25","Smartphone",110.7,1,41,"M","Cash",110.7
2023-05-17,"Nice Promenade","Seller_6","Laptop",1207.12,1,25,"F","Cash",1207.12
2023-08-25,"Marseille Vieux-Port","Seller_23","Smartphone",960.56,1,36,"F","Check",960.56
2024-06-08,"Marseille Vieux-Port","Seller_19","Earbuds",609.66,2,23,"F","",1219.32
2023-12-22,"Toulouse Capitole","Seller_3","Laptop",687.86,1,50,"M","Card",687.86
2024-07-23,"Marseille Vieux-Port","Seller_18","Smartphone",760.16,1,28,"F","Card",760.16
2024-09-13,"Marseille Vieux-Port","Seller_22","Laptop",610.39,3,37,"F","Cash",1831.17
2024-11-16,"Marseille Vieux-Port","Seller_13","Smartphone",925.6,1,57,"F","Card",925.6
2024-07-04,"Paris Centre","Seller_14","Earbuds",172.84,4,19,"M","Check",691.36
2024-09-10,"Paris Centre","Seller_13","Tablet",341.24,1,43,NA,"Card",341.24
2024-01-14,"Lyon Part-Dieu","Seller_23","Laptop",717.84,3,30,"F","Card",2153.52
2024-11-26,"Marseille Vieux-Port","Seller_4","Smartphone",834.37,3,45,"F","Card",2503.11
2023-08-27,"Lyon Part-Dieu","Seller_22","Laptop",128.09,1,32,"M","Check",128.09
2024-08-27,"Marseille Vieux-Port","Seller_14","Earbuds",544.66,2,31,"F","Card",1089.32
2024-11-09,"Lyon Part-Dieu","Seller_16","Smartphone",742.74,1,35,"F","",742.74
2023-12-12,"Nice Promenade","Seller_5","Earbuds",909.02,2,62,"M","Cash",1818.04
2024-01-24,"Lyon Part-Dieu","Seller_21","Earbuds",745.08,3,35,"M","Card",2235.24
2023-02-02,"Toulouse Capitole","Seller_5","Earbuds",430.57,1,24,"M","Card",430.57
2024-06-12,"Paris Centre","Seller_19","Smartphone",1028.16,1,57,"F","Cash",1028.16
2024-05-25,"Toulouse Capitole","Seller_13","Tablet",569.73,3,35,"M","Card",1709.19
2023-02-21,"Toulouse Capitole","Seller_9","Laptop",1436.89,2,27,"M","Card",2873.78
2024-05-01,"Toulouse Capitole","Seller_4","Smartphone",1480.88,4,24,NA,"Card",5923.52
2023-05-29,"Nice Promenade","Seller_19","Laptop",486.9,1,42,"F","Card",486.9
2024-01-23,"Paris Centre","Seller_15","Laptop",1038.82,3,43,"M","Card",3116.46
2023-05-26,"Marseille Vieux-Port","Seller_7","Laptop",1199.88,1,16,"F","Cash",1199.88
2023-08-27,"Toulouse Capitole","Seller_6","Tablet",190.76,3,27,"F","Card",572.28
2023-03-21,"Toulouse Capitole","Seller_15","Smartphone",1318.75,2,28,"F","Cash",2637.5
2024-07-22,"Lyon Part-Dieu","Seller_8","Laptop",402.15,4,49,"M","Card",1608.6
2023-09-30,"Lyon Part-Dieu","Seller_7","Earbuds",855.69,3,24,"M","Card",2567.07
2023-03-03,"Marseille Vieux-Port","Seller_3","Earbuds",1296.35,1,28,"M","Cash",1296.35
2023-04-20,"Lyon Part-Dieu","Seller_8","Smartphone",322.93,3,35,"M","Card",968.79
2023-08-21,"Toulouse Capitole","Seller_2","Tablet",1300.06,3,20,"M","Cash",3900.18
2024-01-02,"Toulouse Capitole","Seller_11","Smartphone",895.08,1,16,"F","Check",895.08
2024-02-20,"Marseille Vieux-Port","Seller_12","Laptop",337.68,1,18,"M","Card",337.68
2024-07-14,"Marseille Vieux-Port","Seller_9","Tablet",1378.38,1,39,"F","Card",1378.38
2024-11-22,"Lyon Part-Dieu","Seller_25","Earbuds",197.33,1,55,"F","Card",197.33
2023-12-17,"Marseille Vieux-Port","Seller_11","Laptop",684.73,2,16,"M","Cash",1369.46
2024-11-25,"Marseille Vieux-Port","Seller_25","Tablet",1059.67,1,16,"M","Card",1059.67
2023-05-20,"Nice Promenade","Seller_9","Laptop",397.02,5,39,"M","Cash",1985.1
2024-07-05,"Marseille Vieux-Port","Seller_25","Tablet",1223.62,1,51,"M","Card",1223.62
2023-11-09,"Nice Promenade","Seller_9","Smartphone",478.27,1,49,"M","Card",478.27
2024-08-25,"Nice Promenade","Seller_11","Laptop",676.04,1,46,NA,"Card",676.04
2024-10-12,"Lyon Part-Dieu","Seller_14","Tablet",654.89,1,16,"M","",654.89
2023-09-14,"Nice Promenade","Seller_1","Smartphone",904.97,2,35,"F","Card",1809.94
2023-10-14,"Lyon Part-Dieu","Seller_6","Tablet",1077.73,1,47,"M","Card",1077.73
2024-05-19,"Paris Centre","Seller_2","Smartwatch",642.82,1,48,"F","Card",642.82
2023-06-12,"Lyon Part-Dieu","Seller_20","Laptop",384.24,1,21,"M","Card",384.24
2023-09-26,"Paris Centre","Seller_23","Smartphone",804.48,1,52,"M","Card",804.48
2023-03-19,"Marseille Vieux-Port","Seller_1","Smartphone",522.67,2,53,NA,"Card",1045.34
2024-03-20,"Paris Centre","Seller_11","Smartphone",141.08,1,38,"M","Cash",141.08
2024-06-04,"Nice Promenade","Seller_1","Tablet",1136.01,2,29,NA,"Card",2272.02
2023-11-15,"Lyon Part-Dieu","Seller_5","Smartwatch",788.2,1,42,"F","Card",788.2
2023-11-11,"Toulouse Capitole","Seller_23","Earbuds",1103.35,1,29,NA,"Check",1103.35
2023-07-05,"Marseille Vieux-Port","Seller_18","Tablet",1142.23,1,43,"F","Card",1142.23
2023-02-22,"Toulouse Capitole","Seller_22","Smartphone",674.89,1,16,"M","Card",674.89
2023-12-13,"Marseille Vieux-Port","Seller_9","Laptop",633.56,1,48,"F","Cash",633.56
2023-01-21,"Marseille Vieux-Port","Seller_14","Tablet",165.82,3,19,"F","Card",497.46
2024-08-18,"Toulouse Capitole","Seller_5","Tablet",54.37,1,20,"M","Card",54.37
2023-02-16,"Paris Centre","Seller_12","Laptop",515.5,2,57,"F","Card",1031
2024-05-21,"Nice Promenade","Seller_1","Smartphone",1200.94,2,46,"F","Card",2401.88
2023-03-02,"Paris Centre","Seller_2","Smartphone",548.88,1,24,"M","Cash",548.88
2024-02-21,"Lyon Part-Dieu","Seller_20","Laptop",1050.71,1,38,"M","",1050.71
2023-05-06,"Nice Promenade","Seller_19","Smartphone",921.58,2,31,"M","Card",1843.16
2024-01-22,"Paris Centre","Seller_1","Earbuds",1363.91,2,39,"M","Cash",2727.82
2024-01-09,"Marseille Vieux-Port","Seller_7","Accessories",438.24,1,30,"M","Card",438.24
2024-12-12,"Nice Promenade","Seller_3","Tablet",1376.6,2,36,"M","Card",2753.2
2024-10-18,"Toulouse Capitole","Seller_4","Laptop",796.44,1,34,"M","Card",796.44
2023-07-25,"Marseille Vieux-Port","Seller_24","Smartphone",900.06,2,36,"F","Card",1800.12
2023-12-03,"Nice Promenade","Seller_21","Earbuds",768.13,1,38,"M","Card",768.13
2024-08-20,"Nice Promenade","Seller_11","Tablet",167.79,4,23,"M","Card",671.16
2024-08-05,"Toulouse Capitole","Seller_7","Smartwatch",836.47,2,32,"M","Card",1672.94
2024-05-18,"Lyon Part-Dieu","Seller_22","Smartphone",498.16,2,38,"M","Card",996.32
2024-04-21,"Marseille Vieux-Port","Seller_18","Tablet",361.71,1,47,"F","Card",361.71
2024-06-25,"Lyon Part-Dieu","Seller_24","Laptop",1327.04,1,52,"M","Card",1327.04
2024-11-28,"Toulouse Capitole","Seller_24","Tablet",362.85,2,27,"M","Card",725.7
2023-05-23,"Lyon Part-Dieu","Seller_18","Accessories",1428.65,1,39,"F","Card",1428.65
2023-09-15,"Toulouse Capitole","Seller_20","Tablet",886.29,1,26,"M","Check",886.29
2023-07-30,"Lyon Part-Dieu","Seller_12","Earbuds",458.73,4,47,"F","Card",1834.92
2024-08-10,"Nice Promenade","Seller_2","Smartphone",472.45,1,16,"M","Card",472.45
2024-01-09,"Marseille Vieux-Port","Seller_3","Laptop",681.18,1,44,"F","Card",681.18
2023-09-08,"Toulouse Capitole","Seller_17","Earbuds",1297.19,1,36,"M","Cash",1297.19
2023-05-29,"Nice Promenade","Seller_22","Laptop",67.82,5,25,"F","Card",339.1
2023-05-23,"Marseille Vieux-Port","Seller_2","Laptop",1284.53,1,48,NA,"Card",1284.53
2023-11-29,"Paris Centre","Seller_9","Tablet",410.1,1,38,"F","Card",410.1
2024-03-07,"Paris Centre","Seller_22","Tablet",868.84,2,32,NA,"Card",1737.68
2024-05-26,"Lyon Part-Dieu","Seller_3","Smartphone",410.06,1,43,"M","Card",410.06
2023-01-10,"Nice Promenade","Seller_1","Laptop",1465.1,1,41,"F","Check",1465.1
2024-04-16,"Marseille Vieux-Port","Seller_23","Smartphone",228.95,1,45,"M","Card",228.95
2024-02-05,"Toulouse Capitole","Seller_2","Tablet",838.33,1,25,"M","Card",838.33
2023-10-08,"Paris Centre","Seller_2","Tablet",695.03,2,31,NA,"Card",1390.06
2024-03-07,"Nice Promenade","Seller_20","Earbuds",503.92,1,34,"F","Card",503.92
2023-05-29,"Lyon Part-Dieu","Seller_11","Earbuds",182.45,1,16,"F","Card",182.45
2024-08-08,"Nice Promenade","Seller_11","Laptop",764.04,1,30,NA,"Cash",764.04
2023-10-08,"Lyon Part-Dieu","Seller_2","Smartphone",810.83,2,26,"M","Cash",1621.66
2024-10-12,"Lyon Part-Dieu","Seller_9","Smartphone",349.31,1,46,"M","Card",349.31
2024-11-06,"Marseille Vieux-Port","Seller_13","Laptop",599.84,2,41,"M","Card",1199.68
2024-11-30,"Nice Promenade","Seller_12","Tablet",938.35,1,35,"M","Card",938.35
2024-11-22,"Toulouse Capitole","Seller_23","Laptop",625.2,1,40,"F","Check",625.2
2023-06-30,"Paris Centre","Seller_10","Earbuds",404.5,1,24,"M","Card",404.5
2023-02-25,"Nice Promenade","Seller_24","Laptop",644.11,3,45,"M","Check",1932.33
2024-03-16,"Paris Centre","Seller_2","Smartphone",1013.19,1,38,NA,"",1013.19
2024-10-18,"Lyon Part-Dieu","Seller_24","Tablet",1333.79,1,41,"F","Card",1333.79
2024-04-04,"Marseille Vieux-Port","Seller_5","Tablet",823.91,3,30,"F","Card",2471.73
2023-07-18,"Lyon Part-Dieu","Seller_16","Smartphone",943.07,1,31,NA,"Check",943.07
2024-02-15,"Paris Centre","Seller_18","Laptop",1125.84,1,42,"F","Card",1125.84
2024-10-20,"Paris Centre","Seller_4","Tablet",1401.71,3,41,"M","Card",4205.13
2024-09-02,"Paris Centre","Seller_10","Earbuds",409.77,1,50,"M","Card",409.77
2024-10-04,"Nice Promenade","Seller_17","Tablet",708.52,1,16,"M","Card",708.52
2023-02-05,"Paris Centre","Seller_25","Smartphone",993.64,1,46,"M","Check",993.64
2023-08-21,"Marseille Vieux-Port","Seller_11","Smartphone",826.11,2,29,"M","Card",1652.22
2024-10-15,"Toulouse Capitole","Seller_16","Accessories",1280.1,3,27,"M","Card",3840.3
2024-07-15,"Toulouse Capitole","Seller_8","Tablet",345.92,1,26,"F","Card",345.92
2023-10-18,"Toulouse Capitole","Seller_1","Laptop",1117.33,3,24,"F","Card",3351.99
2023-03-17,"Marseille Vieux-Port","Seller_18","Smartphone",1119.58,3,31,NA,"",3358.74
2024-11-14,"Toulouse Capitole","Seller_23","Accessories",204.74,1,68,"F","Card",204.74
2024-06-26,"Lyon Part-Dieu","Seller_1","Smartwatch",420.11,1,39,"F","",420.11
2024-08-16,"Marseille Vieux-Port","Seller_22","Laptop",794.05,1,35,"M","Card",794.05
2023-03-08,"Toulouse Capitole","Seller_4","Smartphone",194.86,4,40,"M","Cash",779.44
2024-01-09,"Nice Promenade","Seller_11","Smartphone",689.25,1,43,"M","Card",689.25
2024-04-19,"Paris Centre","Seller_4","Earbuds",901.59,2,16,"F","Cash",1803.18
2023-07-24,"Toulouse Capitole","Seller_7","Tablet",348.27,2,39,"M","Card",696.54
2024-07-22,"Paris Centre","Seller_2","Laptop",910.74,1,21,NA,"Card",910.74
2023-10-31,"Paris Centre","Seller_24","Smartphone",239.59,2,16,"M","Card",479.18
2023-01-01,"Toulouse Capitole","Seller_12","Smartwatch",1260.31,1,44,"F","Card",1260.31
2023-11-14,"Marseille Vieux-Port","Seller_9","Earbuds",1342.83,1,40,"M","Card",1342.83
2024-10-13,"Toulouse Capitole","Seller_23","Tablet",741.55,1,27,NA,"Card",741.55
2024-12-22,"Paris Centre","Seller_23","Smartphone",979.67,1,31,"M","Cash",979.67
2024-01-16,"Toulouse Capitole","Seller_14","Laptop",762.91,4,30,"F","Card",3051.64
2024-08-07,"Paris Centre","Seller_20","Smartphone",77.64,3,68,NA,"Card",232.92
2023-04-05,"Toulouse Capitole","Seller_22","Smartphone",1389.69,2,45,"M","Card",2779.38
2023-03-17,"Marseille Vieux-Port","Seller_23","Earbuds",1470.91,1,37,"F","Card",1470.91
2024-12-25,"Paris Centre","Seller_5","Tablet",1336.99,1,43,"M","Cash",1336.99
2024-03-18,"Marseille Vieux-Port","Seller_22","Earbuds",594.29,1,25,"M","Card",594.29
2023-12-23,"Marseille Vieux-Port","Seller_23","Smartwatch",678.64,1,48,"M","Card",678.64
2023-04-14,"Marseille Vieux-Port","Seller_15","Laptop",318.59,2,55,"F","Check",637.18
2023-10-09,"Toulouse Capitole","Seller_11","Laptop",180.17,3,28,"M","Card",540.51
2023-06-19,"Marseille Vieux-Port","Seller_18","Tablet",132.34,2,38,"M","Card",264.68
2023-02-23,"Lyon Part-Dieu","Seller_13","Earbuds",881.34,1,26,"M","Card",881.34
2023-10-25,"Lyon Part-Dieu","Seller_11","Laptop",949.4,1,40,"F","Check",949.4
2023-03-17,"Lyon Part-Dieu","Seller_19","Smartphone",348.69,1,44,"F","Cash",348.69
2024-07-02,"Nice Promenade","Seller_14","Smartphone",1005.34,1,32,"M","Card",1005.34
2024-08-04,"Nice Promenade","Seller_10","Smartphone",436.14,2,24,"M","Card",872.28
2023-01-01,"Nice Promenade","Seller_15","Smartphone",1439.09,1,35,"M","Card",1439.09
2023-08-17,"Paris Centre","Seller_8","Smartwatch",1274.63,1,43,"M","Card",1274.63
2023-11-20,"Paris Centre","Seller_14","Laptop",917.89,1,28,"F","Card",917.89
2023-12-16,"Lyon Part-Dieu","Seller_23","Tablet",1131.26,1,29,"M","Card",1131.26
2023-11-25,"Marseille Vieux-Port","Seller_6","Tablet",1341.86,1,56,"M","Check",1341.86
2023-04-02,"Lyon Part-Dieu","Seller_22","Tablet",1436.57,1,16,"M","Card",1436.57
2024-02-23,"Lyon Part-Dieu","Seller_21","Laptop",425.81,2,50,"M","Card",851.62
2023-12-16,"Marseille Vieux-Port","Seller_24","Smartphone",365.2,1,52,NA,"Card",365.2
2023-08-19,"Nice Promenade","Seller_12","Earbuds",345.58,1,42,"F","Check",345.58
2023-05-21,"Lyon Part-Dieu","Seller_23","Laptop",700.29,2,47,"M","",1400.58
2024-01-05,"Toulouse Capitole","Seller_25","Laptop",572.58,1,36,"F","Check",572.58
2024-01-24,"Toulouse Capitole","Seller_19","Laptop",1370.06,1,33,"M","Card",1370.06
2023-08-08,"Marseille Vieux-Port","Seller_24","Smartphone",1243.27,2,35,"F","Card",2486.54
2023-08-31,"Marseille Vieux-Port","Seller_21","Earbuds",403.85,2,32,"F","Card",807.7
2023-12-20,"Paris Centre","Seller_2","Laptop",1208.76,3,42,NA,"Card",3626.28
2024-04-21,"Marseille Vieux-Port","Seller_14","Laptop",1111.13,1,31,"M","Check",1111.13
2024-06-04,"Marseille Vieux-Port","Seller_1","Smartphone",805.31,1,41,"F","Card",805.31
2024-06-23,"Lyon Part-Dieu","Seller_6","Laptop",1124.79,2,26,"M","Card",2249.58
2024-03-14,"Paris Centre","Seller_9","Laptop",587.22,2,29,"M","Check",1174.44
2024-08-19,"Marseille Vieux-Port","Seller_15","Earbuds",247.86,2,42,"M","Card",495.72
2023-11-17,"Lyon Part-Dieu","Seller_24","Tablet",364.44,3,29,"F","Check",1093.32
2023-04-07,"Nice Promenade","Seller_20","Earbuds",471.73,1,44,"M","Cash",471.73
2023-06-22,"Marseille Vieux-Port","Seller_4","Laptop",1158.14,1,40,NA,"Card",1158.14
2024-03-12,"Toulouse Capitole","Seller_17","Smartwatch",1054.99,1,23,"F","Card",1054.99
2023-09-03,"Toulouse Capitole","Seller_3","Smartphone",594.07,1,47,"F","Card",594.07
2024-04-15,"Paris Centre","Seller_16","Smartphone",84.56,1,31,"M","Card",84.56
2024-05-08,"Nice Promenade","Seller_16","Earbuds",1116.74,1,26,"M","Card",1116.74
2023-02-04,"Nice Promenade","Seller_11","Tablet",405.77,2,34,"M","Card",811.54
2023-05-20,"Lyon Part-Dieu","Seller_16","Laptop",763.6,4,39,"M","Cash",3054.4
2023-08-17,"Lyon Part-Dieu","Seller_22","Smartphone",382.39,2,29,"F","Card",764.78
2023-06-21,"Paris Centre","Seller_3","Tablet",360.71,1,22,"F","Card",360.71
2023-04-09,"Toulouse Capitole","Seller_2","Smartphone",1080.82,2,25,"F","Card",2161.64
2023-03-03,"Paris Centre","Seller_7","Smartphone",647.35,1,38,"M","Card",647.35
2023-08-29,"Paris Centre","Seller_18","Earbuds",955.28,2,30,"F","",1910.56
2023-11-06,"Marseille Vieux-Port","Seller_23","Smartphone",491.25,1,41,"F","Card",491.25
2024-11-29,"Nice Promenade","Seller_6","Smartphone",276.55,2,23,NA,"Cash",553.1
2024-04-15,"Paris Centre","Seller_3","Smartphone",1281.5,2,27,"F","Card",2563
2024-08-04,"Toulouse Capitole","Seller_14","Laptop",1135.38,1,34,NA,"Card",1135.38
2024-05-07,"Toulouse Capitole","Seller_14","Smartphone",447.7,1,35,"F","Card",447.7
2023-01-06,"Nice Promenade","Seller_4","Tablet",611.31,1,36,"F","Card",611.31
2024-05-07,"Paris Centre","Seller_24","Tablet",1301.21,1,25,"M","Card",1301.21
2024-11-06,"Lyon Part-Dieu","Seller_21","Smartphone",465.05,1,52,"M","Card",465.05
2024-08-18,"Lyon Part-Dieu","Seller_2","Smartphone",593.98,1,42,NA,"",593.98
2023-05-10,"Lyon Part-Dieu","Seller_6","Laptop",501.95,1,46,"M","Card",501.95
2023-09-12,"Toulouse Capitole","Seller_1","Tablet",971.24,2,26,"F","Card",1942.48
2023-07-24,"Marseille Vieux-Port","Seller_8","Smartphone",412.42,1,21,"M","Card",412.42
2023-09-09,"Lyon Part-Dieu","Seller_19","Tablet",345.2,4,41,"M","Card",1380.8
2024-12-27,"Paris Centre","Seller_22","Earbuds",1422.76,1,33,"F","Card",1422.76
2023-01-02,"Toulouse Capitole","Seller_17","Laptop",889.6,1,18,"F","Card",889.6
2023-12-17,"Marseille Vieux-Port","Seller_3","Smartwatch",196.3,2,16,"M","Card",392.6
2023-05-11,"Paris Centre","Seller_25","Tablet",620.05,1,21,"M","Card",620.05
2023-10-09,"Lyon Part-Dieu","Seller_7","Smartphone",52.75,1,49,"F","Card",52.75
2024-04-27,"Nice Promenade","Seller_3","Tablet",436.8,1,37,"M","Card",436.8
2023-03-05,"Lyon Part-Dieu","Seller_5","Smartphone",1340.87,1,36,"M","Check",1340.87
2023-10-14,"Marseille Vieux-Port","Seller_10","Smartphone",498.16,4,41,"M","",1992.64
2024-05-01,"Toulouse Capitole","Seller_13","Tablet",385.27,2,55,"F","Card",770.54
2024-12-04,"Lyon Part-Dieu","Seller_20","Smartphone",694.52,1,50,"F","Cash",694.52
2024-07-13,"Lyon Part-Dieu","Seller_19","Smartphone",629.8,1,19,"F","Card",629.8
2024-10-29,"Toulouse Capitole","Seller_17","Tablet",1264.03,2,21,NA,"Card",2528.06
2024-07-05,"Lyon Part-Dieu","Seller_9","Laptop",820.66,3,44,NA,"Card",2461.98
2024-10-15,"Lyon Part-Dieu","Seller_4","Laptop",1133.22,2,39,"M","Card",2266.44
2024-03-02,"Lyon Part-Dieu","Seller_1","Smartphone",1364.92,2,16,NA,"Card",2729.84
2024-08-28,"Paris Centre","Seller_8","Smartwatch",1221.7,1,20,"F","",1221.7
2024-02-04,"Toulouse Capitole","Seller_6","Smartphone",1490.38,1,43,"F","Card",1490.38
2023-03-14,"Lyon Part-Dieu","Seller_13","Smartphone",1198.33,1,35,"F","Card",1198.33
2024-02-25,"Toulouse Capitole","Seller_3","Earbuds",191.19,1,30,"M","Card",191.19
2023-02-22,"Nice Promenade","Seller_24","Tablet",1325.85,2,44,"M","Card",2651.7
2023-11-16,"Toulouse Capitole","Seller_3","Laptop",643.54,1,45,"M","Card",643.54
2024-12-30,"Marseille Vieux-Port","Seller_11","Tablet",1241.27,1,37,"M","",1241.27
2023-08-09,"Toulouse Capitole","Seller_14","Laptop",456.89,1,18,"F","Card",456.89
2024-06-17,"Marseille Vieux-Port","Seller_9","Smartphone",684.52,1,50,"M","Card",684.52
2024-05-18,"Paris Centre","Seller_13","Accessories",779,4,25,"F","Cash",3116
2024-03-23,"Nice Promenade","Seller_12","Smartphone",119.89,1,47,"M","Card",119.89
2023-11-18,"Lyon Part-Dieu","Seller_19","Tablet",451.59,1,26,"F","Card",451.59
2024-08-05,"Nice Promenade","Seller_15","Laptop",920.58,1,37,"F","Card",920.58
2024-03-25,"Toulouse Capitole","Seller_21","Tablet",1123.83,1,23,NA,"Cash",1123.83
2023-09-24,"Toulouse Capitole","Seller_12","Smartphone",177.62,4,28,"F","Card",710.48
2024-06-14,"Nice Promenade","Seller_2","Laptop",137.33,1,43,"M","",137.33
2024-06-29,"Nice Promenade","Seller_6","Earbuds",430.41,1,43,"F","Card",430.41
2024-09-23,"Lyon Part-Dieu","Seller_16","Smartphone",1319.28,1,45,"F","Card",1319.28
2023-07-26,"Paris Centre","Seller_15","Smartphone",506.83,3,30,"M","Cash",1520.49
2024-02-03,"Lyon Part-Dieu","Seller_13","Accessories",763.34,5,42,"F","Card",3816.7
2023-03-01,"Marseille Vieux-Port","Seller_8","Laptop",353.17,1,39,"M","Card",353.17
2024-06-14,"Toulouse Capitole","Seller_14","Smartwatch",653.08,1,25,"M","Card",653.08
2024-03-22,"Lyon Part-Dieu","Seller_15","Laptop",1385.82,1,54,"M","",1385.82
2024-11-07,"Lyon Part-Dieu","Seller_20","Tablet",1022.51,2,25,"M","Card",2045.02
2024-04-19,"Nice Promenade","Seller_4","Accessories",648.15,1,38,"M","Card",648.15
2023-10-15,"Marseille Vieux-Port","Seller_23","Laptop",415.25,2,44,"M","Card",830.5
2024-10-17,"Lyon Part-Dieu","Seller_10","Tablet",1311.28,1,45,"F","Card",1311.28
2024-05-09,"Toulouse Capitole","Seller_17","Smartphone",785,1,18,"F","Card",785
2024-07-24,"Paris Centre","Seller_1","Smartphone",819.7,1,37,"F","Card",819.7
2024-07-01,"Nice Promenade","Seller_9","Laptop",67.56,1,61,"F","Cash",67.56
2023-08-31,"Lyon Part-Dieu","Seller_24","Laptop",269.99,2,38,"M","Check",539.98
2024-12-03,"Nice Promenade","Seller_11","Tablet",215.99,1,36,"F","Card",215.99
2023-10-05,"Nice Promenade","Seller_1","Laptop",121.2,1,36,"F","Cash",121.2
2023-06-02,"Lyon Part-Dieu","Seller_4","Laptop",426.55,1,49,"F","Cash",426.55
2023-06-08,"Paris Centre","Seller_2","Tablet",571.13,2,23,"M","Card",1142.26
2024-10-10,"Marseille Vieux-Port","Seller_6","Smartwatch",308.58,1,39,"F","Card",308.58
2024-03-20,"Marseille Vieux-Port","Seller_6","Laptop",725.09,1,18,"F","Card",725.09
2024-04-10,"Lyon Part-Dieu","Seller_23","Earbuds",855.95,3,24,"F","Card",2567.85
2023-02-22,"Toulouse Capitole","Seller_16","Earbuds",841.73,2,35,"M","Check",1683.46
2023-10-19,"Nice Promenade","Seller_1","Laptop",835.72,3,53,"M","Check",2507.16
2024-07-03,"Lyon Part-Dieu","Seller_22","Smartphone",598.23,3,44,"M","Card",1794.69
2024-08-29,"Lyon Part-Dieu","Seller_4","Smartphone",707.68,4,25,"F","Card",2830.72
2024-07-10,"Nice Promenade","Seller_14","Accessories",818.7,1,20,"F","Cash",818.7
2023-10-15,"Paris Centre","Seller_22","Laptop",332.76,1,26,"M","Card",332.76
2024-02-04,"Nice Promenade","Seller_13","Earbuds",195.8,3,38,"M","Cash",587.4
2024-12-27,"Marseille Vieux-Port","Seller_16","Laptop",1189.22,1,50,"M","Cash",1189.22
2023-05-04,"Marseille Vieux-Port","Seller_24","Tablet",1343.58,1,54,"M","Card",1343.58
2023-10-19,"Lyon Part-Dieu","Seller_6","Smartphone",976.94,2,65,"M","Card",1953.88
2023-03-24,"Toulouse Capitole","Seller_14","Tablet",333.42,1,44,NA,"Card",333.42
2024-04-26,"Paris Centre","Seller_3","Accessories",340.76,1,40,"F","Check",340.76
2023-09-10,"Paris Centre","Seller_23","Tablet",770.24,1,35,"F","",770.24
2024-09-01,"Paris Centre","Seller_4","Laptop",1125.55,1,24,"F","Card",1125.55
2024-01-10,"Toulouse Capitole","Seller_24","Laptop",1280.17,1,35,"M","Card",1280.17
2023-07-05,"Lyon Part-Dieu","Seller_2","Smartphone",1290.3,1,47,"F","Cash",1290.3
2023-09-20,"Paris Centre","Seller_24","Laptop",1497.72,2,19,"M","Card",2995.44
2024-09-29,"Paris Centre","Seller_5","Smartphone",1126.34,1,30,"M","Card",1126.34
2023-03-21,"Toulouse Capitole","Seller_7","Laptop",1499.5,1,22,"F","Card",1499.5
2023-06-08,"Toulouse Capitole","Seller_10","Tablet",618.96,4,49,"F","Card",2475.84
2023-06-23,"Lyon Part-Dieu","Seller_4","Smartwatch",1316.48,1,60,"F","Card",1316.48
2024-08-16,"Paris Centre","Seller_14","Smartphone",401.46,1,16,"F","Card",401.46
2024-01-30,"Paris Centre","Seller_4","Earbuds",470.84,1,46,NA,"Card",470.84
2023-05-29,"Toulouse Capitole","Seller_17","Laptop",608.47,1,40,"F","Card",608.47
2023-01-25,"Lyon Part-Dieu","Seller_5","Earbuds",409.13,1,50,"M","Card",409.13
2024-11-15,"Nice Promenade","Seller_20","Smartphone",730.81,1,38,"F","Cash",730.81
2023-05-14,"Marseille Vieux-Port","Seller_20","Laptop",523.95,2,20,"F","Card",1047.9
2023-07-19,"Lyon Part-Dieu","Seller_8","Earbuds",1215.16,2,22,"M","Card",2430.32
2024-05-13,"Lyon Part-Dieu","Seller_5","Laptop",744.89,1,37,"M","Card",744.89
2023-08-07,"Nice Promenade","Seller_17","Laptop",779.49,1,30,"F","Card",779.49
2023-03-26,"Paris Centre","Seller_15","Tablet",1436.98,1,45,"F","Card",1436.98
2024-06-22,"Toulouse Capitole","Seller_19","Tablet",1327.04,2,18,"M","Card",2654.08
2024-04-07,"Paris Centre","Seller_1","Earbuds",1433.15,1,37,"M","Card",1433.15
2024-05-30,"Nice Promenade","Seller_13","Tablet",1092.35,1,54,"M","Cash",1092.35
2024-04-03,"Marseille Vieux-Port","Seller_9","Smartphone",1136.26,2,30,"F","Card",2272.52
2024-05-09,"Paris Centre","Seller_18","Smartphone",1254.2,1,45,"M","Cash",1254.2
2023-10-16,"Lyon Part-Dieu","Seller_23","Smartphone",301.85,2,20,"M","Cash",603.7
2024-11-19,"Marseille Vieux-Port","Seller_25","Tablet",1344.35,2,40,"F","",2688.7
2024-01-12,"Lyon Part-Dieu","Seller_7","Accessories",81.69,1,18,"M","Card",81.69
2024-01-06,"Nice Promenade","Seller_2","Tablet",194.46,2,42,"F","Check",388.92
2023-01-21,"Nice Promenade","Seller_15","Smartphone",699.62,1,42,"M","Card",699.62
2024-08-02,"Paris Centre","Seller_22","Smartphone",201.7,1,40,"F","Card",201.7
2023-12-09,"Lyon Part-Dieu","Seller_10","Smartphone",126.32,3,27,NA,"",378.96
2024-05-18,"Nice Promenade","Seller_19","Smartphone",1201.55,1,34,"F","Card",1201.55
2024-08-12,"Paris Centre","Seller_24","Smartphone",580.95,1,19,"F","",580.95
2024-10-11,"Toulouse Capitole","Seller_5","Smartphone",1217.19,2,24,"M","Card",2434.38
2023-08-22,"Paris Centre","Seller_22","Earbuds",1244.2,4,47,"M","Card",4976.8
2024-01-10,"Toulouse Capitole","Seller_5","Earbuds",1026.3,2,27,"F","Card",2052.6
2024-01-30,"Lyon Part-Dieu","Seller_21","Smartphone",948.52,2,16,"M","Card",1897.04
2023-08-09,"Nice Promenade","Seller_12","Tablet",736.99,3,31,"F","Card",2210.97
2024-08-02,"Paris Centre","Seller_16","Earbuds",1391.85,3,57,"M","Card",4175.55
2024-05-11,"Nice Promenade","Seller_7","Smartphone",1313.54,1,43,NA,"Card",1313.54
2023-06-02,"Nice Promenade","Seller_4","Laptop",808.3,1,47,"F","Card",808.3
2024-12-03,"Toulouse Capitole","Seller_15","Laptop",569.72,2,58,"F","Card",1139.44
2024-04-23,"Paris Centre","Seller_21","Smartphone",683.03,1,28,"M","Card",683.03
2023-08-15,"Nice Promenade","Seller_10","Laptop",1494.73,3,16,"M","Card",4484.19
2023-09-23,"Paris Centre","Seller_25","Smartphone",334.47,1,27,NA,"",334.47
2023-04-13,"Paris Centre","Seller_22","Earbuds",332.28,1,38,"M","",332.28
2023-03-17,"Toulouse Capitole","Seller_17","Smartphone",598.48,1,16,"F","Card",598.48
2024-11-21,"Marseille Vieux-Port","Seller_3","Earbuds",1469.22,1,35,"F","Card",1469.22
2024-11-08,"Lyon Part-Dieu","Seller_17","Laptop",1017.75,1,26,"M","Card",1017.75
2024-06-14,"Toulouse Capitole","Seller_12","Laptop",1489.86,1,25,"M","Card",1489.86
2023-02-02,"Marseille Vieux-Port","Seller_1","Tablet",236.59,1,23,"F","Card",236.59
2024-03-21,"Nice Promenade","Seller_23","Tablet",272.08,2,43,"F","Card",544.16
2023-10-01,"Lyon Part-Dieu","Seller_24","Tablet",1381.57,1,45,NA,"Card",1381.57
2024-08-11,"Toulouse Capitole","Seller_12","Smartphone",215.45,2,35,"F","Cash",430.9
2023-01-03,"Marseille Vieux-Port","Seller_18","Earbuds",1488.88,1,35,NA,"Card",1488.88
2024-12-06,"Paris Centre","Seller_22","Tablet",1008.36,3,47,"F","Card",3025.08
2023-05-15,"Lyon Part-Dieu","Seller_6","Laptop",68.21,2,41,NA,"Card",136.42
2023-04-23,"Toulouse Capitole","Seller_10","Smartphone",286.52,1,40,NA,"Card",286.52
2023-04-28,"Paris Centre","Seller_14","Laptop",419.38,1,35,"M","Card",419.38
2023-10-19,"Nice Promenade","Seller_7","Accessories",603.21,1,35,NA,"",603.21
2024-11-08,"Marseille Vieux-Port","Seller_21","Tablet",221.82,1,59,"F","Card",221.82
2023-12-05,"Paris Centre","Seller_24","Smartphone",472.18,1,28,NA,"",472.18
2023-11-08,"Lyon Part-Dieu","Seller_17","Accessories",146.96,2,49,"F","Card",293.92
2024-12-15,"Nice Promenade","Seller_15","Earbuds",1333.63,1,61,"F","Card",1333.63
2023-07-10,"Toulouse Capitole","Seller_14","Laptop",94.99,1,36,"F","Card",94.99
2023-02-27,"Paris Centre","Seller_7","Smartphone",715.9,2,16,"F","Cash",1431.8
2023-05-03,"Lyon Part-Dieu","Seller_14","Smartphone",97.74,1,57,"F","Card",97.74
2023-07-21,"Toulouse Capitole","Seller_7","Laptop",1149.29,3,28,"M","Card",3447.87
2024-03-04,"Toulouse Capitole","Seller_3","Laptop",831.43,2,45,"F","Card",1662.86
2023-09-01,"Lyon Part-Dieu","Seller_10","Accessories",1022.46,2,29,"M","Cash",2044.92
2024-10-03,"Nice Promenade","Seller_13","Accessories",367.14,2,56,"M","Card",734.28
2024-06-22,"Lyon Part-Dieu","Seller_22","Smartphone",679.93,2,36,"M","Card",1359.86
2023-11-24,"Nice Promenade","Seller_17","Tablet",273.22,1,37,"M","Card",273.22
2024-03-03,"Toulouse Capitole","Seller_24","Smartphone",92.61,3,39,"M","Check",277.83
2023-10-01,"Paris Centre","Seller_24","Accessories",169.96,2,28,"F","Card",339.92
2024-06-18,"Toulouse Capitole","Seller_14","Earbuds",119.82,1,26,NA,"Card",119.82
2024-06-05,"Marseille Vieux-Port","Seller_11","Smartphone",128.8,1,22,"F","Check",128.8
2024-08-28,"Toulouse Capitole","Seller_20","Laptop",1154.82,1,40,"F","Card",1154.82
2023-11-29,"Paris Centre","Seller_1","Laptop",1313.76,1,28,"F","Card",1313.76
2024-11-24,"Nice Promenade","Seller_15","Laptop",1451.03,1,33,"M","Card",1451.03
2023-04-03,"Toulouse Capitole","Seller_18","Laptop",1028.5,1,22,"F","Card",1028.5
2023-03-20,"Nice Promenade","Seller_13","Smartphone",826.93,1,47,"F","Cash",826.93
2024-10-30,"Marseille Vieux-Port","Seller_10","Earbuds",444.72,3,45,"F","Cash",1334.16
2024-09-14,"Paris Centre","Seller_7","Tablet",1226.43,1,33,"M","Card",1226.43
2023-05-25,"Toulouse Capitole","Seller_18","Laptop",895.23,1,43,"M","Card",895.23
2023-05-07,"Paris Centre","Seller_11","Earbuds",1232.29,1,56,"F","Card",1232.29
2024-12-01,"Lyon Part-Dieu","Seller_17","Smartphone",361.32,4,36,"M","Card",1445.28
2023-03-28,"Nice Promenade","Seller_23","Tablet",481.55,2,35,"M","Card",963.1
2024-02-15,"Marseille Vieux-Port","Seller_7","Tablet",1015.62,3,28,"F","Card",3046.86
2023-07-06,"Toulouse Capitole","Seller_18","Earbuds",652.82,2,34,"M","Card",1305.64
2023-10-26,"Paris Centre","Seller_2","Laptop",828.81,3,16,"F","Card",2486.43
2023-10-13,"Toulouse Capitole","Seller_19","Earbuds",276.27,1,40,"M","Card",276.27
2023-01-04,"Lyon Part-Dieu","Seller_16","Smartphone",749.84,1,42,"M","Cash",749.84
2024-07-04,"Toulouse Capitole","Seller_25","Laptop",79.27,1,40,"M","Cash",79.27
2024-07-23,"Nice Promenade","Seller_13","Smartphone",1272.41,1,21,"M","Card",1272.41
2023-03-21,"Nice Promenade","Seller_2","Earbuds",577.19,1,29,"M","Card",577.19
2023-01-02,"Marseille Vieux-Port","Seller_2","Laptop",1369.56,2,22,"F","Card",2739.12
2023-01-16,"Marseille Vieux-Port","Seller_8","Earbuds",227.72,1,24,"M","Check",227.72
2023-05-21,"Nice Promenade","Seller_2","Smartphone",432.03,1,30,NA,"Cash",432.03
2024-12-11,"Marseille Vieux-Port","Seller_20","Tablet",999.87,1,29,"M","",999.87
2023-07-04,"Paris Centre","Seller_5","Earbuds",181.66,3,49,"M","Card",544.98
2024-12-11,"Lyon Part-Dieu","Seller_8","Laptop",276.91,2,20,"M","Card",553.82
2024-06-24,"Nice Promenade","Seller_23","Laptop",310.13,3,39,"F","",930.39
2024-04-28,"Toulouse Capitole","Seller_15","Laptop",761.93,3,22,"F","Check",2285.79
2024-02-26,"Paris Centre","Seller_12","Tablet",545.32,3,52,NA,"Card",1635.96
2024-04-20,"Toulouse Capitole","Seller_10","Smartphone",272.02,1,31,"M","Card",272.02
2023-03-30,"Toulouse Capitole","Seller_3","Laptop",1212.2,1,20,"F","Card",1212.2
2024-07-19,"Toulouse Capitole","Seller_11","Laptop",1080.4,1,24,"M","Card",1080.4
2024-01-06,"Paris Centre","Seller_15","Laptop",677.56,1,27,"M","Card",677.56
2023-12-30,"Nice Promenade","Seller_8","Smartphone",674.76,3,42,"F","Card",2024.28
2024-09-26,"Lyon Part-Dieu","Seller_11","Smartphone",631.06,3,47,"M","Cash",1893.18
2023-12-12,"Marseille Vieux-Port","Seller_15","Laptop",311.26,1,68,"M","Cash",311.26
2023-11-22,"Marseille Vieux-Port","Seller_6","Smartwatch",459.33,2,22,"M","Card",918.66
2024-09-05,"Lyon Part-Dieu","Seller_17","Tablet",529.12,1,33,"M","",529.12
2023-02-26,"Toulouse Capitole","Seller_1","Accessories",453.56,2,21,"M","Check",907.12
2024-11-06,"Toulouse Capitole","Seller_18","Laptop",114.58,1,27,NA,"Cash",114.58
2023-08-02,"Lyon Part-Dieu","Seller_24","Smartphone",111.55,1,53,"M","Cash",111.55
2024-10-28,"Nice Promenade","Seller_16","Earbuds",806.4,1,21,"F","Card",806.4
2024-12-24,"Toulouse Capitole","Seller_9","Laptop",1107.32,1,40,"M","Cash",1107.32
2024-09-12,"Paris Centre","Seller_17","Smartphone",370.77,2,39,"M","Card",741.54
2023-07-22,"Paris Centre","Seller_21","Accessories",703.79,2,21,"F","Card",1407.58
2024-12-29,"Paris Centre","Seller_5","Tablet",1166.24,1,16,"M","Card",1166.24
2023-03-28,"Marseille Vieux-Port","Seller_8","Tablet",1354.56,1,37,"M","Card",1354.56
2024-04-22,"Toulouse Capitole","Seller_5","Tablet",1418.98,1,18,"F","Card",1418.98
2024-06-30,"Toulouse Capitole","Seller_6","Smartwatch",1059.96,1,44,"F","Card",1059.96
2024-11-05,"Nice Promenade","Seller_15","Earbuds",501.39,2,31,"M","Card",1002.78
2024-06-02,"Marseille Vieux-Port","Seller_23","Earbuds",786.07,1,59,NA,"Cash",786.07
2024-08-03,"Lyon Part-Dieu","Seller_13","Smartphone",1031.67,1,25,"M","Card",1031.67
2024-06-27,"Paris Centre","Seller_20","Earbuds",1433.55,1,36,NA,"Card",1433.55
2024-04-01,"Lyon Part-Dieu","Seller_4","Laptop",305.86,1,32,"M","Card",305.86
2024-09-21,"Marseille Vieux-Port","Seller_9","Smartphone",841,1,16,"F","Card",841
2023-04-05,"Nice Promenade","Seller_18","Earbuds",1050.07,1,28,"M","Cash",1050.07
2023-02-27,"Lyon Part-Dieu","Seller_15","Smartphone",1472.71,1,44,"M","Check",1472.71
2024-03-19,"Marseille Vieux-Port","Seller_1","Laptop",283.22,1,37,NA,"Card",283.22
2023-08-20,"Paris Centre","Seller_17","Tablet",935.74,1,39,"F","Card",935.74
2023-08-27,"Paris Centre","Seller_9","Smartphone",131.36,1,30,"F","Cash",131.36
2023-05-16,"Lyon Part-Dieu","Seller_8","Smartphone",873.6,1,43,"M","",873.6
2023-07-21,"Marseille Vieux-Port","Seller_24","Smartphone",356.67,2,27,"F","Card",713.34
2024-03-26,"Toulouse Capitole","Seller_12","Earbuds",788.94,1,32,"M","",788.94
2023-07-23,"Lyon Part-Dieu","Seller_6","Tablet",475.49,1,42,"F","Card",475.49
2023-10-14,"Toulouse Capitole","Seller_7","Earbuds",336.44,3,25,"F","Cash",1009.32
2023-03-22,"Paris Centre","Seller_6","Laptop",1432.22,3,50,"M","Check",4296.66
2024-02-11,"Lyon Part-Dieu","Seller_13","Earbuds",1301.28,2,39,"F","Check",2602.56
2023-09-13,"Marseille Vieux-Port","Seller_20","Laptop",776.8,2,41,"F","Card",1553.6
2024-05-14,"Toulouse Capitole","Seller_16","Smartphone",434.01,2,56,"F","Card",868.02
2024-08-15,"Nice Promenade","Seller_10","Smartphone",1188.21,1,49,"M","Card",1188.21
2023-05-03,"Marseille Vieux-Port","Seller_4","Earbuds",621.49,1,44,"F","Cash",621.49
2023-02-03,"Toulouse Capitole","Seller_22","Smartwatch",755.48,1,35,NA,"Card",755.48
2023-10-31,"Marseille Vieux-Port","Seller_9","Laptop",527.27,1,21,"F","Card",527.27
2024-08-17,"Lyon Part-Dieu","Seller_2","Smartphone",1399.57,2,22,"M","Card",2799.14
2023-09-15,"Lyon Part-Dieu","Seller_17","Laptop",483.18,1,31,"F","Card",483.18
2023-05-20,"Marseille Vieux-Port","Seller_19","Smartphone",1040.06,1,46,"M","Card",1040.06
2024-12-07,"Marseille Vieux-Port","Seller_2","Smartwatch",467.75,2,39,"F","",935.5
2024-03-03,"Marseille Vieux-Port","Seller_2","Smartphone",893.02,5,27,"M","Card",4465.1
2024-03-16,"Marseille Vieux-Port","Seller_18","Laptop",1299.55,2,22,"F","Card",2599.1
2023-06-02,"Lyon Part-Dieu","Seller_11","Earbuds",164.08,1,28,"M","Card",164.08
2023-03-21,"Lyon Part-Dieu","Seller_24","Laptop",342.08,2,20,"F","Card",684.16
2023-10-20,"Toulouse Capitole","Seller_19","Accessories",649.01,3,16,"F","Card",1947.03
2023-11-23,"Nice Promenade","Seller_1","Tablet",602.68,4,37,NA,"Check",2410.72
2024-12-29,"Lyon Part-Dieu","Seller_6","Earbuds",1393.1,2,32,"F","Card",2786.2
2023-07-03,"Lyon Part-Dieu","Seller_22","Smartphone",666.45,2,16,NA,"Check",1332.9
2024-03-06,"Nice Promenade","Seller_5","Accessories",834.09,4,20,"F","Cash",3336.36
2024-06-16,"Paris Centre","Seller_19","Smartphone",557.06,1,34,"M","Check",557.06
2023-12-05,"Nice Promenade","Seller_8","Tablet",241.36,2,46,"M","Card",482.72
2024-12-23,"Nice Promenade","Seller_3","Laptop",129.19,2,47,"F","Card",258.38
2024-03-22,"Toulouse Capitole","Seller_13","Earbuds",1206.69,1,31,"F","Card",1206.69
2024-04-25,"Toulouse Capitole","Seller_17","Smartphone",775.46,1,25,"M","Card",775.46
2023-02-06,"Nice Promenade","Seller_7","Smartwatch",184.83,3,45,"M","Cash",554.49
2023-07-28,"Nice Promenade","Seller_20","Smartphone",819.02,2,28,"M","Check",1638.04
2023-12-22,"Paris Centre","Seller_2","Earbuds",740.04,1,36,"F","Card",740.04
2023-09-05,"Marseille Vieux-Port","Seller_3","Tablet",1438.65,1,30,"F","Card",1438.65
2023-03-22,"Toulouse Capitole","Seller_19","Earbuds",967.67,1,38,"F","Check",967.67
2023-10-10,"Marseille Vieux-Port","Seller_19","Smartphone",332.06,1,36,"M","Card",332.06
2023-10-09,"Toulouse Capitole","Seller_2","Smartphone",244.56,2,58,"M","Card",489.12
2024-01-15,"Lyon Part-Dieu","Seller_21","Smartphone",367.26,1,46,"F","Check",367.26
2023-05-09,"Nice Promenade","Seller_22","Smartphone",217.21,1,26,"M","Cash",217.21
2023-10-24,"Nice Promenade","Seller_11","Smartwatch",263.19,1,42,"F","Card",263.19
2023-06-21,"Marseille Vieux-Port","Seller_3","Smartwatch",182.7,1,43,"M","Card",182.7
2023-12-10,"Toulouse Capitole","Seller_2","Smartwatch",986.06,1,59,"M","Card",986.06
2023-01-30,"Paris Centre","Seller_9","Laptop",161.92,1,22,"M","Card",161.92
2024-03-25,"Paris Centre","Seller_10","Smartphone",1476.17,1,42,"M","Card",1476.17
2024-04-16,"Paris Centre","Seller_6","Laptop",1425.97,1,55,"M","Card",1425.97
2024-01-21,"Lyon Part-Dieu","Seller_18","Laptop",466.72,1,34,"M","Card",466.72
2023-08-26,"Marseille Vieux-Port","Seller_21","Smartphone",1321.83,1,28,"M","Cash",1321.83
2023-07-30,"Nice Promenade","Seller_16","Smartwatch",863.63,1,34,"F","Cash",863.63
2023-11-13,"Lyon Part-Dieu","Seller_20","Earbuds",1323.82,1,16,"F","Check",1323.82
2023-01-20,"Paris Centre","Seller_8","Smartphone",521.54,1,58,"M","Card",521.54
2024-09-02,"Marseille Vieux-Port","Seller_5","Accessories",679.05,1,23,"M","Card",679.05
2024-03-13,"Nice Promenade","Seller_4","Earbuds",1009.92,1,38,"F","Card",1009.92
2023-08-19,"Nice Promenade","Seller_24","Tablet",1102.95,1,42,NA,"Card",1102.95
2024-05-01,"Paris Centre","Seller_13","Accessories",158.47,1,33,"F","Card",158.47
2024-04-17,"Toulouse Capitole","Seller_19","Laptop",1092.81,1,26,"M","Card",1092.81
2024-08-14,"Paris Centre","Seller_12","Tablet",1475.93,1,37,"M","Cash",1475.93
2023-04-07,"Nice Promenade","Seller_23","Laptop",1279.2,1,41,"M","Check",1279.2
2024-11-15,"Nice Promenade","Seller_1","Smartphone",1421.52,1,32,"M","Cash",1421.52
2023-04-29,"Marseille Vieux-Port","Seller_2","Smartphone",1313.4,3,16,"F","Card",3940.2
2023-01-08,"Paris Centre","Seller_22","Smartphone",722.53,1,20,"M","Card",722.53
2024-07-13,"Marseille Vieux-Port","Seller_3","Laptop",802.58,1,43,"M","Check",802.58
2023-06-13,"Nice Promenade","Seller_13","Smartphone",540.88,1,25,"M","Cash",540.88
2023-03-10,"Nice Promenade","Seller_14","Smartphone",849.91,1,38,"M","Card",849.91
2023-11-13,"Marseille Vieux-Port","Seller_4","Smartphone",782.74,1,44,"M","Card",782.74
2023-08-31,"Marseille Vieux-Port","Seller_7","Smartphone",771.58,1,27,"M","Card",771.58
2023-11-20,"Toulouse Capitole","Seller_22","Tablet",698.41,4,33,"M","Card",2793.64
2024-09-15,"Toulouse Capitole","Seller_23","Tablet",1047.05,1,38,"M","Card",1047.05
2023-02-11,"Paris Centre","Seller_2","Laptop",1297.34,1,35,"F","Cash",1297.34
2024-03-06,"Lyon Part-Dieu","Seller_17","Laptop",1114.03,1,45,"M","Card",1114.03
2023-06-24,"Nice Promenade","Seller_3","Smartphone",176.95,3,43,"F","Card",530.85
2023-02-21,"Toulouse Capitole","Seller_24","Tablet",1350.66,2,32,"M","Card",2701.32
2023-01-10,"Toulouse Capitole","Seller_2","Tablet",702.49,1,25,"F","Card",702.49
2024-11-01,"Lyon Part-Dieu","Seller_4","Smartphone",766.23,1,42,"F","Card",766.23
2023-11-19,"Paris Centre","Seller_18","Tablet",1116.74,2,46,"F","Card",2233.48
2024-06-06,"Marseille Vieux-Port","Seller_11","Accessories",885.9,1,28,"M","Cash",885.9
2023-03-21,"Nice Promenade","Seller_12","Tablet",1082.74,3,38,"M","Check",3248.22
2024-05-03,"Marseille Vieux-Port","Seller_16","Earbuds",1030.12,1,39,"F","Card",1030.12
2024-01-22,"Toulouse Capitole","Seller_9","Smartphone",469.39,3,48,"F","Card",1408.17
2023-11-26,"Toulouse Capitole","Seller_11","Laptop",326.67,1,20,"M","Card",326.67
2023-07-21,"Toulouse Capitole","Seller_4","Smartphone",1460.19,1,45,"F","Cash",1460.19
2024-04-05,"Toulouse Capitole","Seller_2","Laptop",1499.92,2,40,"F","Card",2999.84
2023-12-01,"Marseille Vieux-Port","Seller_19","Tablet",662.81,1,27,"F","Cash",662.81
2023-04-25,"Toulouse Capitole","Seller_18","Smartphone",758.79,2,16,NA,"Card",1517.58
2023-02-14,"Lyon Part-Dieu","Seller_16","Tablet",1483.13,1,21,"M","Card",1483.13
2024-09-18,"Paris Centre","Seller_8","Accessories",1440.36,1,51,"M","Check",1440.36
2024-12-17,"Marseille Vieux-Port","Seller_13","Smartphone",582.23,1,38,"F","Card",582.23
2023-03-05,"Lyon Part-Dieu","Seller_4","Earbuds",755.7,2,29,"F","Card",1511.4
2024-10-09,"Lyon Part-Dieu","Seller_17","Smartphone",149.7,2,27,"M","Card",299.4
2023-04-23,"Marseille Vieux-Port","Seller_21","Laptop",901.26,1,28,"F","Cash",901.26
2024-08-24,"Lyon Part-Dieu","Seller_20","Laptop",405.62,1,35,NA,"Cash",405.62
2023-11-17,"Lyon Part-Dieu","Seller_10","Smartphone",1498.52,1,34,"F","Card",1498.52
2023-08-10,"Toulouse Capitole","Seller_4","Accessories",1417.1,1,34,"M","Cash",1417.1
2023-12-12,"Lyon Part-Dieu","Seller_4","Tablet",108.99,1,35,"M","Check",108.99
2024-02-22,"Toulouse Capitole","Seller_4","Laptop",1479.45,2,38,"M","Card",2958.9
2024-12-30,"Toulouse Capitole","Seller_11","Smartphone",1302.85,1,23,"M","Check",1302.85
2023-07-13,"Paris Centre","Seller_14","Earbuds",571.76,1,46,"F","Card",571.76
2024-02-27,"Nice Promenade","Seller_5","Laptop",413.82,4,51,"F","Card",1655.28
2023-06-05,"Nice Promenade","Seller_25","Earbuds",59.91,1,30,"M","Cash",59.91
2024-04-25,"Marseille Vieux-Port","Seller_22","Tablet",557.09,1,32,"F","Check",557.09
2024-09-22,"Nice Promenade","Seller_13","Tablet",289.04,2,16,"M","Card",578.08
2024-08-20,"Toulouse Capitole","Seller_6","Accessories",1359.39,4,43,"F","Check",5437.56
2024-12-27,"Marseille Vieux-Port","Seller_9","Tablet",1095.87,1,38,"F","Card",1095.87
2023-01-25,"Toulouse Capitole","Seller_2","Smartphone",1371.27,3,23,"M","",4113.81
2023-01-09,"Toulouse Capitole","Seller_16","Earbuds",958.65,1,57,"F","Card",958.65
2024-08-07,"Lyon Part-Dieu","Seller_13","Laptop",459.05,1,16,"M","Card",459.05
2024-03-19,"Nice Promenade","Seller_23","Smartphone",1279.57,1,34,"F","Card",1279.57
2023-12-16,"Paris Centre","Seller_21","Smartphone",1221.87,1,38,"F","Card",1221.87
2023-11-02,"Marseille Vieux-Port","Seller_10","Smartphone",772.19,1,47,"F","Card",772.19
2024-04-10,"Marseille Vieux-Port","Seller_19","Tablet",1442.38,3,30,"F","Card",4327.14
2023-05-07,"Toulouse Capitole","Seller_5","Smartphone",1194.49,1,44,"F","Card",1194.49
2024-12-16,"Toulouse Capitole","Seller_4","Tablet",441.52,1,34,"M","Cash",441.52
2023-07-19,"Lyon Part-Dieu","Seller_10","Smartwatch",559.72,2,21,"M","Card",1119.44
2024-07-27,"Lyon Part-Dieu","Seller_12","Tablet",151.82,3,37,"M","Cash",455.46
2023-10-03,"Toulouse Capitole","Seller_11","Laptop",60.8,1,34,"M","Card",60.8
2023-09-02,"Paris Centre","Seller_25","Tablet",231.99,1,51,"M","Card",231.99
2024-03-14,"Paris Centre","Seller_3","Tablet",116.63,1,34,"M","Card",116.63
2024-01-29,"Marseille Vieux-Port","Seller_1","Accessories",1452.93,1,47,"F","Cash",1452.93
2024-04-16,"Marseille Vieux-Port","Seller_15","Laptop",1226.06,1,36,"M","Cash",1226.06
2023-06-14,"Paris Centre","Seller_20","Earbuds",635.57,1,18,"F","Cash",635.57
2023-06-08,"Marseille Vieux-Port","Seller_15","Laptop",1021.01,3,41,"M","Check",3063.03
2024-10-15,"Toulouse Capitole","Seller_13","Smartphone",710.1,2,31,"F","Card",1420.2
2023-05-01,"Toulouse Capitole","Seller_9","Accessories",1469.07,3,24,"M","Card",4407.21
2024-02-16,"Nice Promenade","Seller_10","Laptop",603.93,2,50,"M","Card",1207.86
2024-12-21,"Toulouse Capitole","Seller_14","Tablet",1130.49,1,31,"M","Cash",1130.49
2023-08-20,"Marseille Vieux-Port","Seller_8","Tablet",319.22,1,36,"F","Card",319.22
2023-12-24,"Lyon Part-Dieu","Seller_24","Smartphone",284.16,1,41,NA,"Card",284.16
2024-02-05,"Lyon Part-Dieu","Seller_7","Smartphone",1084.73,2,33,"M","Card",2169.46
2023-07-24,"Marseille Vieux-Port","Seller_7","Accessories",754.54,2,40,"M","Check",1509.08
2023-08-29,"Lyon Part-Dieu","Seller_17","Smartphone",1265.79,1,37,"F","Card",1265.79
2024-08-09,"Lyon Part-Dieu","Seller_6","Tablet",740.61,1,56,"F","Card",740.61
2024-04-06,"Toulouse Capitole","Seller_2","Laptop",434.19,4,39,"M","Card",1736.76
2024-05-27,"Paris Centre","Seller_13","Smartwatch",1127.15,2,54,"M","Cash",2254.3
2023-04-26,"Nice Promenade","Seller_11","Smartphone",86.41,1,29,"F","Card",86.41
2024-02-27,"Paris Centre","Seller_3","Tablet",51.22,2,27,"M","Card",102.44
2024-02-16,"Marseille Vieux-Port","Seller_12","Smartphone",152.31,1,16,"F","Card",152.31
2024-02-08,"Paris Centre","Seller_16","Smartphone",406.22,1,28,"M","Card",406.22
2024-11-05,"Nice Promenade","Seller_1","Laptop",771.22,1,45,"M","",771.22
2023-10-29,"Paris Centre","Seller_15","Laptop",827.72,1,24,"F","Card",827.72
2023-07-13,"Lyon Part-Dieu","Seller_16","Laptop",571.75,1,22,"F","Card",571.75
2023-01-29,"Toulouse Capitole","Seller_2","Tablet",941.45,1,17,"F","Check",941.45
2023-02-23,"Lyon Part-Dieu","Seller_12","Smartphone",92.47,1,22,"F","Card",92.47
2023-05-01,"Marseille Vieux-Port","Seller_5","Smartphone",1129.6,1,35,"F","Card",1129.6
2024-07-12,"Toulouse Capitole","Seller_2","Smartphone",1164.72,2,49,"M","Check",2329.44
2023-08-02,"Paris Centre","Seller_3","Smartphone",601.54,2,51,"F","Card",1203.08
2023-01-18,"Nice Promenade","Seller_18","Smartphone",1237.02,1,16,"F","Card",1237.02
2023-04-29,"Lyon Part-Dieu","Seller_5","Smartphone",562.23,2,53,"M","Card",1124.46
2023-10-13,"Marseille Vieux-Port","Seller_23","Laptop",434.05,3,35,"F","Card",1302.15
2024-07-20,"Lyon Part-Dieu","Seller_24","Smartphone",935.67,1,48,"F","Card",935.67
2023-11-16,"Nice Promenade","Seller_10","Smartphone",158.21,1,47,"F","Card",158.21
2024-06-07,"Paris Centre","Seller_10","Smartwatch",1312.67,1,35,"M","Check",1312.67
2023-11-28,"Paris Centre","Seller_3","Laptop",436.06,1,65,"F","Card",436.06
2024-05-21,"Toulouse Capitole","Seller_15","Smartphone",411.36,1,28,"M","Card",411.36
2023-11-06,"Marseille Vieux-Port","Seller_17","Smartphone",507.84,3,16,"M","Card",1523.52
2023-11-08,"Toulouse Capitole","Seller_8","Smartphone",518.63,5,39,"M","Card",2593.15
2023-02-06,"Paris Centre","Seller_20","Smartphone",646.65,1,24,"F","Card",646.65
2024-07-06,"Paris Centre","Seller_19","Smartphone",128.31,1,26,"M","Check",128.31
2024-09-20,"Nice Promenade","Seller_6","Smartphone",775.64,1,43,"M","Card",775.64
2024-02-23,"Toulouse Capitole","Seller_24","Earbuds",258.62,1,32,NA,"Card",258.62
2024-12-09,"Paris Centre","Seller_4","Laptop",764.4,1,49,"F","Card",764.4
2023-06-11,"Lyon Part-Dieu","Seller_13","Smartphone",267.65,1,39,"F","Check",267.65
2023-05-08,"Lyon Part-Dieu","Seller_24","Earbuds",1184.57,5,45,"M","Card",5922.85
2024-06-03,"Toulouse Capitole","Seller_11","Laptop",653.31,1,57,"F","Card",653.31
2024-09-02,"Marseille Vieux-Port","Seller_16","Earbuds",1378.87,3,23,"F","Card",4136.61
2024-01-18,"Nice Promenade","Seller_12","Laptop",223.16,1,60,NA,"Card",223.16
2024-01-02,"Paris Centre","Seller_23","Laptop",612.82,1,44,"F","Cash",612.82
2024-02-07,"Toulouse Capitole","Seller_7","Tablet",121.97,3,32,"M","Card",365.91
2024-04-15,"Lyon Part-Dieu","Seller_1","Laptop",86.73,1,39,"M","Card",86.73
2023-08-16,"Nice Promenade","Seller_13","Smartwatch",99.44,1,30,"M","Card",99.44
2023-12-16,"Marseille Vieux-Port","Seller_18","Smartphone",794.21,1,25,"M","Card",794.21
2023-05-21,"Toulouse Capitole","Seller_18","Laptop",1375.71,2,40,"M","Card",2751.42
2023-09-18,"Paris Centre","Seller_10","Laptop",847.63,1,38,"F","Card",847.63
2024-06-18,"Nice Promenade","Seller_10","Smartphone",409.08,1,59,"M","Card",409.08
2023-01-21,"Lyon Part-Dieu","Seller_19","Laptop",432.53,2,55,"F","Cash",865.06
2024-07-25,"Lyon Part-Dieu","Seller_3","Smartphone",990.23,1,26,"M","Cash",990.23
2024-07-28,"Toulouse Capitole","Seller_11","Laptop",270.46,1,30,"F","Cash",270.46
2024-11-07,"Toulouse Capitole","Seller_16","Smartphone",1361.89,1,35,"M","Check",1361.89
2024-08-24,"Marseille Vieux-Port","Seller_3","Smartphone",106.65,1,16,"F","",106.65
2024-11-25,"Paris Centre","Seller_22","Laptop",143.41,1,44,"M","Card",143.41
2024-07-03,"Nice Promenade","Seller_24","Smartphone",191.05,2,46,NA,"Card",382.1
2023-12-26,"Nice Promenade","Seller_22","Earbuds",1134.38,1,22,"F","Cash",1134.38
2023-06-09,"Marseille Vieux-Port","Seller_21","Tablet",1204.37,1,48,"M","Cash",1204.37
2023-02-02,"Nice Promenade","Seller_1","Laptop",1402.43,1,19,"F","Card",1402.43
2023-05-02,"Nice Promenade","Seller_4","Laptop",873.79,3,44,"M","Card",2621.37
2023-08-26,"Toulouse Capitole","Seller_3","Smartphone",1186.85,1,23,"F","Card",1186.85
2024-04-09,"Marseille Vieux-Port","Seller_23","Earbuds",98.55,1,55,"M","Card",98.55
2024-07-27,"Lyon Part-Dieu","Seller_21","Earbuds",1462.99,2,27,"F","Card",2925.98
2023-12-26,"Lyon Part-Dieu","Seller_16","Earbuds",1153.59,2,41,"F","Card",2307.18
2023-05-24,"Marseille Vieux-Port","Seller_25","Earbuds",1258.17,1,17,NA,"Card",1258.17
2023-07-18,"Marseille Vieux-Port","Seller_2","Tablet",969.48,2,44,"F","Cash",1938.96
2023-12-06,"Nice Promenade","Seller_18","Laptop",232.42,2,48,"M","Card",464.84
2023-11-04,"Toulouse Capitole","Seller_2","Smartphone",1030.47,2,27,"M","Cash",2060.94
2023-12-05,"Toulouse Capitole","Seller_5","Smartphone",1281.55,1,37,"F","Cash",1281.55
2023-12-12,"Toulouse Capitole","Seller_16","Smartphone",1221.95,2,50,"M","",2443.9
2023-04-25,"Lyon Part-Dieu","Seller_7","Tablet",1099.04,3,37,"M","Cash",3297.12
2023-12-09,"Paris Centre","Seller_4","Smartphone",552.81,1,28,"F","Card",552.81
2024-08-03,"Toulouse Capitole","Seller_17","Tablet",203.72,1,30,"F","Card",203.72
2024-11-21,"Lyon Part-Dieu","Seller_15","Tablet",1099.16,3,41,"M","Check",3297.48
2023-01-17,"Nice Promenade","Seller_21","Tablet",413.02,3,60,"M","Card",1239.06
2024-07-04,"Nice Promenade","Seller_23","Smartphone",1317.54,3,61,"F","Cash",3952.62
2024-03-18,"Lyon Part-Dieu","Seller_12","Smartphone",1496.49,1,41,"F","Card",1496.49
2023-07-16,"Lyon Part-Dieu","Seller_7","Smartphone",185.85,1,27,"F","Cash",185.85
2023-04-13,"Nice Promenade","Seller_12","Tablet",1102.16,1,43,NA,"Card",1102.16
2023-03-26,"Lyon Part-Dieu","Seller_12","Laptop",658.69,1,22,"F","Cash",658.69
2023-09-15,"Lyon Part-Dieu","Seller_1","Smartphone",1086.39,2,22,"F","Card",2172.78
2023-01-05,"Marseille Vieux-Port","Seller_7","Smartwatch",1252.52,1,19,"F","Cash",1252.52
2024-06-17,"Marseille Vieux-Port","Seller_18","Earbuds",1207.43,1,28,NA,"Card",1207.43
2023-02-26,"Nice Promenade","Seller_23","Smartphone",666.93,1,38,"F","Card",666.93
2024-12-18,"Paris Centre","Seller_17","Smartphone",244.05,1,32,"M","Card",244.05
2023-07-13,"Nice Promenade","Seller_11","Tablet",1381.57,5,41,"F","",6907.85
2024-07-13,"Lyon Part-Dieu","Seller_14","Earbuds",1290.05,1,19,"F","",1290.05
2023-11-14,"Nice Promenade","Seller_5","Smartphone",1138.37,1,37,"M","Card",1138.37
2023-10-21,"Nice Promenade","Seller_24","Tablet",387.9,3,23,"F","Card",1163.7
2024-11-04,"Paris Centre","Seller_1","Tablet",582,1,47,NA,"Card",582
2024-03-09,"Marseille Vieux-Port","Seller_9","Earbuds",795.51,3,46,"F","Card",2386.53
2023-08-12,"Lyon Part-Dieu","Seller_17","Tablet",1373.11,2,25,"M","Card",2746.22
2023-08-10,"Paris Centre","Seller_14","Smartphone",396.71,1,37,"M","Check",396.71
2024-06-02,"Toulouse Capitole","Seller_19","Laptop",1368.14,1,33,"M","Check",1368.14
2023-06-26,"Marseille Vieux-Port","Seller_8","Smartphone",842.07,1,35,NA,"Card",842.07
2024-12-08,"Marseille Vieux-Port","Seller_6","Tablet",1483.45,1,39,"F","Card",1483.45
2024-03-13,"Toulouse Capitole","Seller_14","Laptop",1082.55,1,31,"F","Check",1082.55
2023-03-28,"Lyon Part-Dieu","Seller_15","Smartphone",606.99,3,34,NA,"Card",1820.97
2023-07-31,"Toulouse Capitole","Seller_21","Smartphone",58.18,1,38,"F","Card",58.18
2023-09-15,"Lyon Part-Dieu","Seller_25","Smartphone",55.79,4,47,"M","Card",223.16
2024-02-14,"Nice Promenade","Seller_9","Laptop",290.56,1,26,"M","Cash",290.56
2023-07-05,"Paris Centre","Seller_5","Laptop",1168,2,49,"F","Card",2336
2024-10-17,"Toulouse Capitole","Seller_18","Accessories",1226.06,3,23,"M","Card",3678.18
2024-12-30,"Marseille Vieux-Port","Seller_2","Tablet",839.51,1,16,"F","Card",839.51
2024-05-30,"Paris Centre","Seller_16","Laptop",1230.45,1,46,"F","Card",1230.45
2024-03-08,"Lyon Part-Dieu","Seller_5","Laptop",711.04,1,39,"M","Card",711.04
2023-02-07,"Toulouse Capitole","Seller_11","Laptop",192.76,4,56,"M","Card",771.04
2023-08-19,"Marseille Vieux-Port","Seller_11","Tablet",183.18,1,55,"F","Check",183.18
2024-12-01,"Nice Promenade","Seller_20","Tablet",453.89,2,43,"F","Check",907.78
2023-03-26,"Lyon Part-Dieu","Seller_1","Smartwatch",325.71,1,23,"F","Check",325.71
2023-01-02,"Toulouse Capitole","Seller_8","Laptop",1449.21,1,57,"M","Card",1449.21
2024-05-16,"Paris Centre","Seller_15","Smartphone",1196.36,1,16,"F","Card",1196.36
2023-06-06,"Paris Centre","Seller_7","Laptop",1486.04,1,28,"F","Card",1486.04
2023-12-16,"Marseille Vieux-Port","Seller_7","Earbuds",407.76,2,41,"F","Check",815.52
2023-01-31,"Nice Promenade","Seller_11","Tablet",318.39,2,16,"F","Card",636.78
2023-12-21,"Marseille Vieux-Port","Seller_12","Laptop",556.67,2,18,"M","Cash",1113.34
2024-09-03,"Paris Centre","Seller_19","Tablet",1172.93,2,50,"F","Card",2345.86
2024-05-03,"Marseille Vieux-Port","Seller_18","Smartphone",1306.66,1,47,"M","Card",1306.66
2023-12-24,"Toulouse Capitole","Seller_6","Laptop",784.13,1,34,"M","Card",784.13
2023-07-11,"Marseille Vieux-Port","Seller_11","Tablet",438.88,1,47,"M","Card",438.88
2024-03-28,"Toulouse Capitole","Seller_22","Smartphone",1367.6,1,40,"F","Check",1367.6
2023-12-27,"Toulouse Capitole","Seller_14","Tablet",891.43,1,57,"M","Card",891.43
2024-12-19,"Lyon Part-Dieu","Seller_17","Laptop",198.27,2,20,NA,"Card",396.54
2024-05-23,"Paris Centre","Seller_8","Accessories",247.53,1,46,"F","Card",247.53
2024-11-09,"Nice Promenade","Seller_18","Earbuds",286.98,1,41,"F","Cash",286.98
2024-03-02,"Marseille Vieux-Port","Seller_2","Earbuds",1499.4,1,19,"M","Card",1499.4
2024-04-30,"Marseille Vieux-Port","Seller_15","Tablet",1149.73,2,41,"F","Card",2299.46
2024-12-02,"Nice Promenade","Seller_22","Laptop",890.11,1,28,"M","Card",890.11
2023-07-08,"Marseille Vieux-Port","Seller_10","Smartphone",1493.48,2,17,"F","Card",2986.96
2023-10-05,"Lyon Part-Dieu","Seller_2","Earbuds",50.67,2,36,NA,"Card",101.34
2024-02-12,"Nice Promenade","Seller_9","Laptop",153.37,2,59,"F","Check",306.74
2024-04-14,"Lyon Part-Dieu","Seller_2","Smartwatch",1348.23,1,40,"M","Cash",1348.23
2023-02-17,"Paris Centre","Seller_7","Laptop",785.72,1,43,"F","",785.72
2024-09-08,"Paris Centre","Seller_25","Earbuds",121.35,1,41,"M","Cash",121.35
2024-01-23,"Toulouse Capitole","Seller_21","Smartphone",1450.13,4,39,"F","Card",5800.52
2024-03-30,"Marseille Vieux-Port","Seller_19","Smartphone",1197.28,2,22,"F","Card",2394.56
2023-12-01,"Marseille Vieux-Port","Seller_16","Smartphone",1403.4,3,52,"M","Card",4210.2
2023-08-19,"Lyon Part-Dieu","Seller_1","Smartphone",1152.08,1,17,"M","Check",1152.08
2024-07-05,"Lyon Part-Dieu","Seller_11","Smartwatch",365.78,1,23,"M","Card",365.78
2024-10-03,"Paris Centre","Seller_24","Smartwatch",50.46,1,44,"F","Card",50.46
2023-06-26,"Toulouse Capitole","Seller_12","Smartphone",832.05,2,61,"M","Cash",1664.1
2024-02-11,"Toulouse Capitole","Seller_18","Smartphone",NA,4,36,"F","Card",NA
2024-09-14,"Marseille Vieux-Port","Seller_19","Tablet",1026.57,1,47,"F","Card",1026.57
2023-07-18,"Marseille Vieux-Port","Seller_22","Earbuds",889.41,1,25,"F","Card",889.41
2024-12-19,"Marseille Vieux-Port","Seller_11","Accessories",752.46,1,26,"M","Check",752.46
2023-02-04,"Toulouse Capitole","Seller_22","Tablet",399.24,2,53,"M","Card",798.48
2024-02-21,"Nice Promenade","Seller_7","Tablet",338.17,1,37,"F","Cash",338.17
2023-05-12,"Lyon Part-Dieu","Seller_15","Smartphone",75.84,1,26,"M","Card",75.84
2023-07-31,"Toulouse Capitole","Seller_13","Laptop",1458.7,3,24,NA,"Card",4376.1
2023-08-16,"Lyon Part-Dieu","Seller_11","Tablet",933.34,3,32,"M","Card",2800.02
2024-03-25,"Nice Promenade","Seller_20","Smartphone",997.58,1,23,"F","Card",997.58
2024-01-25,"Nice Promenade","Seller_24","Laptop",286.71,1,33,"F","Card",286.71
2024-08-12,"Marseille Vieux-Port","Seller_22","Tablet",91.05,1,29,"M","Card",91.05
2023-07-15,"Marseille Vieux-Port","Seller_6","Smartphone",444.14,1,68,"M","Cash",444.14
2023-07-19,"Toulouse Capitole","Seller_13","Accessories",739.92,2,28,"M","Card",1479.84
2024-08-09,"Paris Centre","Seller_22","Smartphone",285.64,2,22,"F","Check",571.28
2023-07-19,"Marseille Vieux-Port","Seller_16","Smartphone",1071.5,1,66,"F","Card",1071.5
2023-02-26,"Lyon Part-Dieu","Seller_24","Earbuds",163.78,1,41,"M","Card",163.78
2023-04-13,"Nice Promenade","Seller_6","Laptop",536.26,1,38,"M","Cash",536.26
2024-08-27,"Paris Centre","Seller_10","Earbuds",608.78,1,44,"M","Check",608.78
2024-03-19,"Paris Centre","Seller_8","Laptop",144.93,2,25,"F","Card",289.86
2024-03-31,"Paris Centre","Seller_14","Smartwatch",1063.42,1,40,NA,"Card",1063.42
2024-07-14,"Toulouse Capitole","Seller_24","Smartphone",1014.79,2,30,"M","Card",2029.58
2024-02-13,"Toulouse Capitole","Seller_1","Tablet",118.03,1,30,"M","Card",118.03
2023-11-15,"Toulouse Capitole","Seller_14","Tablet",1252.45,3,44,NA,"Card",3757.35
2023-03-07,"Nice Promenade","Seller_2","Laptop",250.09,2,41,"F","Card",500.18
2023-06-03,"Nice Promenade","Seller_11","Smartwatch",762.62,1,48,"F","Cash",762.62
2023-01-05,"Marseille Vieux-Port","Seller_6","Laptop",1292.61,1,42,"M","Card",1292.61
2023-12-28,"Toulouse Capitole","Seller_4","Smartphone",895.87,2,65,"M","Card",1791.74
2024-03-14,"Paris Centre","Seller_21","Smartwatch",1402.76,2,23,"F","Card",2805.52
2024-08-29,"Nice Promenade","Seller_4","Tablet",409.12,3,36,"M","Card",1227.36
2023-04-01,"Marseille Vieux-Port","Seller_13","Smartwatch",565.57,1,25,"M","Card",565.57
2024-01-02,"Marseille Vieux-Port","Seller_19","Smartphone",953.18,1,50,"F","Card",953.18
2024-07-14,"Marseille Vieux-Port","Seller_20","Laptop",1312.31,1,31,"M","Card",1312.31
2024-11-09,"Nice Promenade","Seller_14","Laptop",407.97,1,48,NA,"Card",407.97
2024-02-22,"Nice Promenade","Seller_25","Laptop",149.94,3,39,"M","Card",449.82
2023-02-08,"Marseille Vieux-Port","Seller_6","Tablet",1439.23,1,24,"F","Cash",1439.23
2023-06-28,"Toulouse Capitole","Seller_1","Laptop",614.13,1,30,"M","Card",614.13
2024-01-08,"Paris Centre","Seller_23","Smartphone",709,1,47,"M","Card",709
2023-10-28,"Lyon Part-Dieu","Seller_12","Earbuds",1318.18,1,16,"M","Card",1318.18
2024-05-05,"Lyon Part-Dieu","Seller_16","Laptop",1233.65,2,38,NA,"Card",2467.3
2024-06-23,"Marseille Vieux-Port","Seller_12","Smartphone",1463.9,1,36,"M","Card",1463.9
2023-07-15,"Paris Centre","Seller_10","Earbuds",1382.03,1,30,"F","Check",1382.03
2024-08-26,"Paris Centre","Seller_16","Smartphone",650.83,1,35,NA,"Check",650.83
2023-10-26,"Lyon Part-Dieu","Seller_6","Laptop",1243.86,1,43,"M","Card",1243.86
2024-11-04,"Paris Centre","Seller_19","Earbuds",900.97,1,16,"F","Card",900.97
2023-05-11,"Lyon Part-Dieu","Seller_12","Laptop",367.16,2,29,"M","Cash",734.32
2024-11-25,"Marseille Vieux-Port","Seller_5","Smartphone",454.13,2,16,"F","Card",908.26
2023-12-19,"Paris Centre","Seller_17","Smartwatch",629.66,3,16,"F","Card",1888.98
2023-05-07,"Paris Centre","Seller_7","Smartphone",973.87,1,51,"F","Card",973.87
2024-04-27,"Lyon Part-Dieu","Seller_1","Laptop",1387.22,1,49,"F","",1387.22
2024-01-25,"Lyon Part-Dieu","Seller_1","Tablet",1453.8,3,61,"F","Card",4361.4
2024-06-20,"Nice Promenade","Seller_14","Smartphone",676.28,1,27,NA,"Cash",676.28
2024-07-15,"Nice Promenade","Seller_9","Smartphone",859.94,2,65,"M","Card",1719.88
2024-10-17,"Nice Promenade","Seller_12","Smartphone",1208.18,1,21,"F","Card",1208.18
2024-05-16,"Paris Centre","Seller_3","Earbuds",1321.04,1,37,"M","Cash",1321.04
2023-03-06,"Toulouse Capitole","Seller_6","Smartphone",1468.65,1,16,"M","Card",1468.65
2024-02-09,"Toulouse Capitole","Seller_25","Smartphone",152.45,1,27,"M","Card",152.45
2023-12-23,"Nice Promenade","Seller_9","Earbuds",101.92,1,36,"M","Card",101.92
2023-10-06,"Nice Promenade","Seller_15","Laptop",709.93,3,44,"F","Card",2129.79
2024-06-10,"Paris Centre","Seller_14","Smartwatch",1260.9,1,39,NA,"Card",1260.9
2023-01-19,"Paris Centre","Seller_20","Accessories",1332.63,2,23,"M","Cash",2665.26
2024-06-22,"Nice Promenade","Seller_20","Laptop",644.05,1,28,"F","Card",644.05
2023-02-24,"Nice Promenade","Seller_15","Tablet",808.55,4,35,"M","Cash",3234.2
2023-04-27,"Nice Promenade","Seller_7","Tablet",974.02,2,16,NA,"Card",1948.04
2024-07-04,"Nice Promenade","Seller_20","Earbuds",585.38,2,27,"M","Card",1170.76
2024-12-22,"Nice Promenade","Seller_20","Smartwatch",1162.76,3,30,"F","Cash",3488.28
2024-07-15,"Lyon Part-Dieu","Seller_4","Laptop",1053.57,3,43,"M","",3160.71
2023-08-04,"Lyon Part-Dieu","Seller_2","Earbuds",1182.02,1,44,"F","Card",1182.02
2023-11-21,"Toulouse Capitole","Seller_14","Tablet",81.57,2,43,"F","Card",163.14
2023-12-01,"Toulouse Capitole","Seller_9","Smartphone",66.2,1,28,"F","Cash",66.2
2023-12-09,"Toulouse Capitole","Seller_24","Laptop",386.49,3,53,"F","Cash",1159.47
2024-07-12,"Toulouse Capitole","Seller_5","Accessories",1012.18,2,27,"M","Card",2024.36
2024-02-16,"Lyon Part-Dieu","Seller_17","Laptop",866.58,2,26,"M","Check",1733.16
2024-10-13,"Lyon Part-Dieu","Seller_9","Laptop",754.98,1,37,"F","Card",754.98
2024-08-15,"Marseille Vieux-Port","Seller_15","Laptop",1443.42,3,45,"F","Card",4330.26
2024-08-24,"Nice Promenade","Seller_20","Laptop",106.86,4,51,"F","Card",427.44
2024-11-13,"Marseille Vieux-Port","Seller_2","Laptop",363.58,1,25,"M","Card",363.58
2024-07-09,"Lyon Part-Dieu","Seller_9","Tablet",775.67,2,35,"M","Card",1551.34
2023-09-14,"Toulouse Capitole","Seller_14","Earbuds",1119.7,1,53,"M","Card",1119.7
2023-11-06,"Nice Promenade","Seller_7","Tablet",693.92,2,48,"M","Card",1387.84
2024-12-07,"Marseille Vieux-Port","Seller_4","Smartphone",501.44,1,16,"M","Card",501.44
2024-03-14,"Marseille Vieux-Port","Seller_23","Tablet",661.11,2,47,"M","Card",1322.22
2024-01-12,"Paris Centre","Seller_5","Laptop",1375.08,1,45,"F","Card",1375.08
2023-05-12,"Paris Centre","Seller_14","Laptop",394.7,1,42,"F","Card",394.7
2024-03-04,"Lyon Part-Dieu","Seller_4","Smartphone",1464.47,2,40,"F","Card",2928.94
2024-06-03,"Toulouse Capitole","Seller_22","Laptop",883.18,2,32,"F","Card",1766.36
2024-11-12,"Paris Centre","Seller_22","Smartphone",633.97,1,47,"M","Card",633.97
2023-02-24,"Marseille Vieux-Port","Seller_6","Smartphone",1385.07,1,24,"F","Card",1385.07
2024-12-03,"Toulouse Capitole","Seller_12","Laptop",1373.16,3,19,"M","Card",4119.48
2023-07-16,"Marseille Vieux-Port","Seller_16","Smartphone",1237.62,2,23,"M","Card",2475.24
2024-11-22,"Marseille Vieux-Port","Seller_23","Smartphone",306.85,1,36,"M","Card",306.85
2024-09-22,"Nice Promenade","Seller_22","Accessories",224.82,2,16,NA,"Card",449.64
2023-07-04,"Toulouse Capitole","Seller_17","Tablet",980.16,1,37,NA,"Card",980.16
2024-12-04,"Lyon Part-Dieu","Seller_18","Tablet",1328.76,3,47,"F","Card",3986.28
2023-04-26,"Paris Centre","Seller_16","Smartphone",689.58,3,37,"M","Card",2068.74
2024-02-27,"Paris Centre","Seller_6","Smartphone",868.77,3,35,"M","Cash",2606.31
2023-10-19,"Marseille Vieux-Port","Seller_2","Tablet",1127.85,3,41,"M","Check",3383.55
2023-10-05,"Paris Centre","Seller_22","Earbuds",55.29,2,37,NA,"Card",110.58
2024-08-26,"Marseille Vieux-Port","Seller_1","Smartphone",635.79,2,36,"F","Card",1271.58
2024-08-06,"Lyon Part-Dieu","Seller_11","Laptop",809.02,2,42,"F","Card",1618.04
2024-10-08,"Paris Centre","Seller_18","Laptop",1236.92,2,30,"M","Card",2473.84
2024-02-16,"Lyon Part-Dieu","Seller_25","Laptop",1358.21,1,56,"M","Cash",1358.21
2023-07-03,"Marseille Vieux-Port","Seller_14","Smartphone",909.71,2,45,NA,"Card",1819.42
2023-11-26,"Paris Centre","Seller_19","Smartwatch",963.42,1,30,"F","Card",963.42
2024-02-16,"Toulouse Capitole","Seller_10","Tablet",789.13,1,29,"M","Card",789.13
2023-03-25,"Marseille Vieux-Port","Seller_22","Smartphone",667.29,2,27,"M","Check",1334.58
2024-09-03,"Marseille Vieux-Port","Seller_14","Smartphone",919.61,2,57,"M","Card",1839.22
2024-04-13,"Lyon Part-Dieu","Seller_23","Laptop",835.37,2,61,"F","Card",1670.74
2023-10-13,"Nice Promenade","Seller_2","Earbuds",1097.15,3,44,"M","Card",3291.45
2023-07-11,"Marseille Vieux-Port","Seller_2","Smartphone",1410.74,1,58,"F","Card",1410.74
2023-06-13,"Toulouse Capitole","Seller_23","Smartphone",822.06,1,40,"M","Cash",822.06
2024-11-29,"Nice Promenade","Seller_13","Laptop",51.69,3,30,"M","Cash",155.07
2024-06-21,"Marseille Vieux-Port","Seller_2","Earbuds",1486.14,1,45,"F","Cash",1486.14
2024-12-25,"Lyon Part-Dieu","Seller_11","Smartphone",755.97,2,31,"F","Check",1511.94
2023-11-26,"Marseille Vieux-Port","Seller_12","Tablet",1143.5,1,38,"F","Card",1143.5
2024-07-07,"Marseille Vieux-Port","Seller_9","Tablet",69.62,1,41,"F","Card",69.62
2024-04-27,"Nice Promenade","Seller_18","Smartphone",1489.83,1,50,"M","Card",1489.83
2024-07-20,"Lyon Part-Dieu","Seller_23","Smartphone",1461.23,2,39,"F","",2922.46
2023-11-18,"Lyon Part-Dieu","Seller_13","Smartphone",NA,1,42,"M","Card",NA
2024-05-07,"Toulouse Capitole","Seller_14","Earbuds",582.59,2,28,"F","Cash",1165.18
2023-03-17,"Lyon Part-Dieu","Seller_1","Laptop",1132.28,1,16,"M","Card",1132.28
2024-11-07,"Nice Promenade","Seller_9","Smartphone",1084.92,1,37,"F","Card",1084.92
2024-04-01,"Nice Promenade","Seller_2","Accessories",530.17,1,16,NA,"Card",530.17
2024-08-01,"Lyon Part-Dieu","Seller_9","Tablet",1327.49,2,18,"F","Check",2654.98
2024-05-09,"Nice Promenade","Seller_16","Earbuds",614.44,4,31,"M","Card",2457.76
2023-02-14,"Toulouse Capitole","Seller_11","Tablet",990.68,1,48,"F","Card",990.68
2023-08-30,"Marseille Vieux-Port","Seller_20","Laptop",1142.6,2,48,NA,"Cash",2285.2
2024-07-26,"Toulouse Capitole","Seller_14","Laptop",1487,1,40,"F","Card",1487
2023-07-05,"Nice Promenade","Seller_24","Tablet",416.06,2,22,"M","Check",832.12
2023-04-24,"Toulouse Capitole","Seller_10","Smartphone",152.17,3,58,"M","Card",456.51
2023-11-03,"Marseille Vieux-Port","Seller_20","Tablet",1069.38,1,34,"M","Card",1069.38
2023-09-19,"Marseille Vieux-Port","Seller_2","Laptop",1067.92,1,30,"M","Card",1067.92
2023-04-02,"Marseille Vieux-Port","Seller_25","Accessories",336.5,1,55,NA,"Card",336.5
2023-01-08,"Nice Promenade","Seller_4","Earbuds",1103.13,1,51,"F","Card",1103.13
2024-08-21,"Paris Centre","Seller_11","Laptop",664.66,1,38,"F","Card",664.66
2024-04-11,"Nice Promenade","Seller_5","Tablet",462.94,3,29,"M","Card",1388.82
2023-06-19,"Toulouse Capitole","Seller_10","Smartphone",1257.13,1,21,"F","Cash",1257.13
2024-07-13,"Nice Promenade","Seller_17","Smartwatch",1422.8,2,36,"M","Cash",2845.6
2024-04-09,"Marseille Vieux-Port","Seller_11","Accessories",690.87,2,25,"M","Check",1381.74
2023-12-14,"Toulouse Capitole","Seller_21","Laptop",515.24,1,41,"M","Card",515.24
2023-09-28,"Paris Centre","Seller_2","Smartphone",292.84,2,16,"M","Check",585.68
2023-09-08,"Nice Promenade","Seller_9","Tablet",374.55,3,57,"M","Card",1123.65
2023-01-05,"Paris Centre","Seller_21","Earbuds",99.09,2,31,NA,"Card",198.18
2024-04-14,"Nice Promenade","Seller_16","Laptop",1371.96,3,27,"F","Card",4115.88
2023-02-25,"Marseille Vieux-Port","Seller_23","Laptop",1294.67,2,26,"F","Card",2589.34
2023-06-20,"Lyon Part-Dieu","Seller_10","Smartphone",831.78,1,32,NA,"Cash",831.78
2024-12-25,"Marseille Vieux-Port","Seller_15","Smartphone",461.64,1,32,"F","Cash",461.64
2024-01-21,"Toulouse Capitole","Seller_23","Laptop",1268.89,3,34,"M","Card",3806.67
2024-09-22,"Marseille Vieux-Port","Seller_23","Tablet",613.42,1,45,"M","Card",613.42
2024-05-07,"Toulouse Capitole","Seller_22","Smartphone",648.25,1,21,"F","Card",648.25
2024-12-10,"Lyon Part-Dieu","Seller_8","Laptop",1174.87,1,32,"M","Card",1174.87
2023-12-31,"Paris Centre","Seller_20","Tablet",1130.56,1,23,"F","Card",1130.56
2024-06-04,"Marseille Vieux-Port","Seller_10","Smartphone",1490.85,4,37,"M","Card",5963.4
2024-04-02,"Toulouse Capitole","Seller_23","Laptop",409.91,1,31,NA,"Check",409.91
2023-11-23,"Toulouse Capitole","Seller_22","Laptop",737.49,1,16,"M","Card",737.49
2023-03-10,"Toulouse Capitole","Seller_10","Smartphone",1367.08,4,32,"M","Card",5468.32
2023-06-25,"Lyon Part-Dieu","Seller_5","Earbuds",219.76,1,27,"M","Card",219.76
2023-01-27,"Nice Promenade","Seller_18","Tablet",1331.39,3,37,"F","Cash",3994.17
2023-07-31,"Paris Centre","Seller_24","Smartphone",895.4,1,62,"F","Card",895.4
2023-10-27,"Toulouse Capitole","Seller_23","Laptop",156.28,2,26,"F","Card",312.56
2023-02-03,"Marseille Vieux-Port","Seller_19","Earbuds",1103.49,1,37,"M","Card",1103.49
2024-08-06,"Nice Promenade","Seller_6","Laptop",634.23,2,48,"F","Card",1268.46
2023-07-25,"Toulouse Capitole","Seller_25","Laptop",566.51,1,29,"M","",566.51
2024-06-22,"Lyon Part-Dieu","Seller_16","Tablet",1318.06,1,34,"F","Card",1318.06
2023-04-28,"Nice Promenade","Seller_5","Smartphone",475.86,1,27,"M","Card",475.86
2023-07-09,"Toulouse Capitole","Seller_14","Laptop",1104.68,1,22,"M","Cash",1104.68
2023-12-05,"Marseille Vieux-Port","Seller_25","Smartphone",206.75,1,24,"F","Cash",206.75
2024-06-14,"Marseille Vieux-Port","Seller_17","Laptop",753.52,3,43,"F","Card",2260.56
2023-05-27,"Marseille Vieux-Port","Seller_7","Smartwatch",1469.97,2,30,"F","",2939.94
2023-06-27,"Lyon Part-Dieu","Seller_8","Earbuds",552.94,1,45,"M","Cash",552.94
2023-06-08,"Marseille Vieux-Port","Seller_6","Accessories",708.27,3,31,"M","Card",2124.81
2024-02-23,"Nice Promenade","Seller_20","Earbuds",147.43,3,46,"M","Check",442.29
2024-06-03,"Toulouse Capitole","Seller_13","Tablet",1379.75,1,51,"M","Card",1379.75
2023-12-05,"Toulouse Capitole","Seller_23","Smartphone",661.29,1,62,"F","Card",661.29
2023-08-13,"Lyon Part-Dieu","Seller_24","Smartphone",1368.24,1,60,"M","Card",1368.24
2023-01-03,"Marseille Vieux-Port","Seller_16","Smartphone",497.06,2,22,"M","Card",994.12
2024-09-26,"Toulouse Capitole","Seller_20","Earbuds",839.76,2,16,"F","Card",1679.52
2023-05-07,"Marseille Vieux-Port","Seller_13","Smartwatch",122.36,1,17,"M","Cash",122.36
2023-01-16,"Paris Centre","Seller_18","Accessories",1461.89,3,52,"F","Card",4385.67
2023-02-03,"Nice Promenade","Seller_19","Earbuds",1030.76,2,31,"F","Cash",2061.52
2023-08-04,"Lyon Part-Dieu","Seller_9","Earbuds",166.64,3,42,"F","Card",499.92
2024-07-11,"Nice Promenade","Seller_10","Smartphone",148.37,2,37,"M","Card",296.74
2024-07-06,"Nice Promenade","Seller_12","Earbuds",876.1,2,41,"M","Card",1752.2
2024-12-04,"Nice Promenade","Seller_18","Earbuds",450.6,2,47,"M","Card",901.2
2024-10-08,"Nice Promenade","Seller_9","Tablet",907.23,5,40,"M","Card",4536.15
2023-07-02,"Lyon Part-Dieu","Seller_12","Tablet",888.08,2,35,"F","Card",1776.16
2024-02-23,"Paris Centre","Seller_14","Smartphone",280.46,1,16,"F","Cash",280.46
2024-01-16,"Marseille Vieux-Port","Seller_18","Laptop",262.78,2,45,"M","Cash",525.56
2024-02-18,"Marseille Vieux-Port","Seller_4","Laptop",1497.15,2,33,NA,"Card",2994.3
2023-06-26,"Toulouse Capitole","Seller_22","Smartphone",773.1,1,41,"M","Check",773.1
2023-10-23,"Toulouse Capitole","Seller_10","Tablet",188.59,1,29,"M","Card",188.59
2023-06-12,"Lyon Part-Dieu","Seller_19","Laptop",906.87,4,44,"F","Card",3627.48
2023-04-06,"Lyon Part-Dieu","Seller_11","Smartphone",824.49,1,31,"F","Check",824.49
2024-11-07,"Paris Centre","Seller_5","Earbuds",1113.91,1,16,"F","Card",1113.91
2024-11-07,"Toulouse Capitole","Seller_24","Earbuds",364.92,1,22,"F","Card",364.92
2023-08-27,"Paris Centre","Seller_1","Accessories",929.39,4,55,"F","Card",3717.56
2023-07-10,"Marseille Vieux-Port","Seller_3","Tablet",74.74,1,16,"M","Card",74.74
2023-09-03,"Nice Promenade","Seller_18","Tablet",444.44,1,36,NA,"Card",444.44
2023-07-29,"Lyon Part-Dieu","Seller_1","Laptop",1055.03,2,36,"M","Card",2110.06
2023-10-09,"Toulouse Capitole","Seller_16","Earbuds",1348.92,1,28,NA,"Card",1348.92
2023-07-21,"Nice Promenade","Seller_7","Smartphone",1281.3,1,45,"F","",1281.3
2024-07-05,"Toulouse Capitole","Seller_18","Smartphone",1484.2,1,19,NA,"Card",1484.2
2024-07-24,"Toulouse Capitole","Seller_19","Smartphone",1024.26,2,40,"M","Card",2048.52
2024-06-06,"Lyon Part-Dieu","Seller_6","Tablet",642.56,1,26,"M","Card",642.56
2024-01-20,"Nice Promenade","Seller_12","Tablet",1218.54,2,49,"F","Card",2437.08
2023-02-23,"Paris Centre","Seller_9","Smartphone",795.47,2,38,"M","Card",1590.94
2023-06-12,"Paris Centre","Seller_10","Smartwatch",248.63,1,53,"F","Card",248.63
2024-03-15,"Marseille Vieux-Port","Seller_13","Tablet",922.78,1,24,"M","Card",922.78
2023-01-09,"Paris Centre","Seller_9","Earbuds",271.58,1,16,"M","Card",271.58
2024-06-15,"Paris Centre","Seller_15","Smartwatch",1118.57,5,21,"F","Card",5592.85
2024-12-31,"Paris Centre","Seller_8","Earbuds",1168.79,1,34,"F","Check",1168.79
2024-04-17,"Toulouse Capitole","Seller_11","Accessories",1055.07,1,29,"M","Card",1055.07
2024-09-01,"Paris Centre","Seller_18","Earbuds",125.59,2,37,"M","Card",251.18
2024-10-09,"Nice Promenade","Seller_5","Tablet",518.57,2,58,"F","Cash",1037.14
2023-01-17,"Marseille Vieux-Port","Seller_10","Tablet",662.22,3,47,"F","Card",1986.66
2023-02-27,"Toulouse Capitole","Seller_20","Earbuds",1429.94,1,32,NA,"Cash",1429.94
2023-12-23,"Marseille Vieux-Port","Seller_3","Smartphone",159.93,2,25,"F","Check",319.86
2023-11-27,"Marseille Vieux-Port","Seller_20","Smartphone",441.91,1,47,"M","Card",441.91
2023-05-14,"Marseille Vieux-Port","Seller_17","Earbuds",1379.38,3,36,"M","Card",4138.14
2023-09-15,"Lyon Part-Dieu","Seller_21","Smartwatch",847.48,3,22,"F","Card",2542.44
2024-04-14,"Toulouse Capitole","Seller_4","Accessories",1170.31,1,26,"M","Card",1170.31
2023-03-31,"Lyon Part-Dieu","Seller_17","Tablet",1036.07,3,34,"M","Card",3108.21
2023-09-21,"Marseille Vieux-Port","Seller_14","Earbuds",147.23,5,42,"M","Check",736.15
2023-03-15,"Marseille Vieux-Port","Seller_6","Smartphone",948.58,1,23,"M","Card",948.58
2024-09-15,"Paris Centre","Seller_13","Tablet",1188.51,1,27,"M","Card",1188.51
2023-11-13,"Lyon Part-Dieu","Seller_10","Accessories",206.02,1,24,"F","Card",206.02
2023-10-06,"Toulouse Capitole","Seller_25","Laptop",109.97,1,28,"M","Card",109.97
2023-12-28,"Toulouse Capitole","Seller_19","Accessories",641.21,1,18,"F","Card",641.21
2023-04-10,"Paris Centre","Seller_7","Tablet",1345.34,2,17,"M","Check",2690.68
2024-08-07,"Lyon Part-Dieu","Seller_19","Smartphone",839.76,1,39,NA,"Cash",839.76
2024-12-26,"Paris Centre","Seller_16","Earbuds",1162.75,3,47,"M","Card",3488.25
2024-01-07,"Nice Promenade","Seller_11","Earbuds",870.46,2,16,"M","Card",1740.92
2024-09-20,"Lyon Part-Dieu","Seller_25","Smartphone",93.59,1,42,"M","Check",93.59
2024-02-26,"Nice Promenade","Seller_6","Smartphone",817.24,1,27,"M","",817.24
2023-10-31,"Lyon Part-Dieu","Seller_16","Laptop",468.76,1,40,"M","Card",468.76
2024-06-21,"Nice Promenade","Seller_25","Earbuds",591.4,3,46,"F","Card",1774.2
2024-10-28,"Paris Centre","Seller_20","Earbuds",945.69,1,16,"F","Card",945.69
2023-05-18,"Nice Promenade","Seller_17","Laptop",871.21,2,33,"M","Card",1742.42
2023-03-25,"Lyon Part-Dieu","Seller_21","Tablet",962.12,1,32,"M","Card",962.12
2023-03-04,"Paris Centre","Seller_8","Smartphone",1251.88,1,42,"F","Card",1251.88
2024-10-17,"Lyon Part-Dieu","Seller_2","Smartphone",1038.52,1,16,"M","",1038.52
2024-02-28,"Toulouse Capitole","Seller_15","Smartphone",1141.16,2,17,"M","",2282.32
2024-03-27,"Nice Promenade","Seller_25","Tablet",650.62,1,23,"M","Card",650.62
2024-12-02,"Paris Centre","Seller_16","Tablet",502.46,2,33,"F","Cash",1004.92
2023-03-11,"Toulouse Capitole","Seller_9","Accessories",417.6,3,21,"M","Card",1252.8
2024-03-11,"Toulouse Capitole","Seller_16","Accessories",326.56,3,38,"F","Card",979.68
2024-12-03,"Marseille Vieux-Port","Seller_11","Earbuds",644.31,1,35,"F","Card",644.31
2024-03-05,"Paris Centre","Seller_17","Smartphone",832.48,1,18,"M","Card",832.48
2024-01-01,"Toulouse Capitole","Seller_25","Smartphone",1010.81,3,34,"F","Card",3032.43
2023-01-13,"Nice Promenade","Seller_2","Laptop",1103.19,1,47,"M","Card",1103.19
2024-12-22,"Toulouse Capitole","Seller_12","Earbuds",543.59,1,48,NA,"Card",543.59
2024-06-09,"Marseille Vieux-Port","Seller_3","Laptop",455.29,2,43,"M","Card",910.58
2023-11-21,"Paris Centre","Seller_22","Laptop",935.75,1,36,"M","Card",935.75
2023-01-27,"Toulouse Capitole","Seller_24","Earbuds",1197.39,1,20,"M","Card",1197.39
2023-04-24,"Toulouse Capitole","Seller_18","Smartphone",1449.66,2,43,"F","Card",2899.32
2024-04-08,"Nice Promenade","Seller_3","Smartwatch",89.49,1,26,"F","Cash",89.49
2024-08-20,"Toulouse Capitole","Seller_15","Tablet",306.34,2,32,"F","Card",612.68
2023-05-07,"Marseille Vieux-Port","Seller_10","Smartphone",695.82,4,28,NA,"Cash",2783.28
2024-03-27,"Marseille Vieux-Port","Seller_18","Smartphone",229.99,3,25,"F","Card",689.97
2024-10-20,"Nice Promenade","Seller_25","Earbuds",536.83,1,27,"F","Card",536.83
2023-09-26,"Toulouse Capitole","Seller_2","Earbuds",1349.69,1,41,"F","Card",1349.69
2023-03-04,"Toulouse Capitole","Seller_18","Smartphone",1272.92,1,51,"F","Card",1272.92
2023-04-20,"Paris Centre","Seller_25","Earbuds",1248.02,1,19,"M","Card",1248.02
2024-01-14,"Nice Promenade","Seller_24","Laptop",1264,2,58,"F","Card",2528
2023-07-08,"Nice Promenade","Seller_16","Smartwatch",1072.97,5,42,"M","Card",5364.85
2023-12-12,"Lyon Part-Dieu","Seller_2","Laptop",251.98,4,26,"F","Cash",1007.92
2024-02-08,"Toulouse Capitole","Seller_18","Laptop",918.43,3,21,"M","Card",2755.29
2023-12-26,"Lyon Part-Dieu","Seller_14","Earbuds",166.54,1,35,"M","Card",166.54
2023-06-17,"Nice Promenade","Seller_19","Earbuds",602.8,1,44,"F","Card",602.8
2024-09-20,"Marseille Vieux-Port","Seller_22","Earbuds",685.29,1,31,"M","Cash",685.29
2023-07-25,"Paris Centre","Seller_18","Smartphone",1492.61,2,41,NA,"Check",2985.22
2023-04-12,"Toulouse Capitole","Seller_11","Tablet",108.23,2,34,"M","Card",216.46
2023-04-19,"Marseille Vieux-Port","Seller_12","Tablet",1360.57,1,16,"F","Card",1360.57
2023-10-26,"Paris Centre","Seller_10","Laptop",1082.46,1,16,"M","Check",1082.46
2023-02-18,"Paris Centre","Seller_18","Earbuds",1424.74,1,26,"M","Card",1424.74
2024-02-19,"Toulouse Capitole","Seller_20","Smartphone",117.17,2,18,"M","Card",234.34
2024-09-11,"Marseille Vieux-Port","Seller_4","Smartphone",541.45,1,42,"M","Card",541.45
2024-03-30,"Lyon Part-Dieu","Seller_23","Earbuds",103.92,2,16,"F","Card",207.84
2024-10-20,"Lyon Part-Dieu","Seller_25","Laptop",963.03,1,28,NA,"Cash",963.03
2024-02-08,"Paris Centre","Seller_22","Smartphone",707.47,3,32,"M","Card",2122.41
2024-08-05,"Paris Centre","Seller_11","Laptop",542.16,2,43,"F","Check",1084.32
2024-05-11,"Toulouse Capitole","Seller_15","Tablet",580.59,1,44,"F","Card",580.59
2024-10-08,"Lyon Part-Dieu","Seller_3","Tablet",805.3,3,42,"M","Card",2415.9
2024-05-21,"Paris Centre","Seller_3","Laptop",1190.04,1,22,"M","Card",1190.04
2023-12-28,"Toulouse Capitole","Seller_21","Smartphone",416.24,4,36,"F","Card",1664.96
2024-08-19,"Marseille Vieux-Port","Seller_7","Laptop",832.32,3,29,"F","Cash",2496.96
2023-07-25,"Toulouse Capitole","Seller_9","Laptop",516.6,1,50,"M","Card",516.6
2024-11-16,"Paris Centre","Seller_18","Laptop",937.79,1,39,"M","Card",937.79
2024-03-19,"Nice Promenade","Seller_9","Tablet",579.11,3,22,"F","Check",1737.33
2023-01-19,"Marseille Vieux-Port","Seller_10","Smartphone",1141.55,1,33,"M","Card",1141.55
2024-05-02,"Lyon Part-Dieu","Seller_7","Smartphone",265.3,1,31,NA,"Card",265.3
2023-11-06,"Paris Centre","Seller_3","Tablet",489.12,1,44,"M","Card",489.12
2023-09-14,"Paris Centre","Seller_2","Smartphone",187.4,3,38,"F","Card",562.2
2023-06-21,"Lyon Part-Dieu","Seller_13","Laptop",901.56,1,53,"M","Check",901.56
2024-01-31,"Nice Promenade","Seller_6","Smartphone",192.24,1,36,"F","",192.24
2024-02-20,"Nice Promenade","Seller_3","Tablet",1464.25,2,36,"M","Card",2928.5
2023-02-13,"Paris Centre","Seller_9","Smartphone",312.09,3,35,"M","",936.27
2023-08-15,"Nice Promenade","Seller_11","Tablet",747.91,1,26,"F","Cash",747.91
2024-11-30,"Marseille Vieux-Port","Seller_10","Smartphone",285.91,1,25,"F","Card",285.91
2024-02-10,"Toulouse Capitole","Seller_3","Smartphone",1295.09,1,25,"M","Card",1295.09
2024-09-24,"Nice Promenade","Seller_17","Accessories",598.62,2,21,"M","Card",1197.24
2024-11-17,"Nice Promenade","Seller_17","Laptop",965.57,2,34,NA,"Card",1931.14
2023-06-08,"Paris Centre","Seller_23","Smartphone",1287.36,2,52,"F","Card",2574.72
2024-11-01,"Lyon Part-Dieu","Seller_13","Smartphone",121.44,1,37,NA,"Card",121.44
2024-08-08,"Toulouse Capitole","Seller_12","Laptop",414.25,2,44,"F","Card",828.5
2023-03-19,"Marseille Vieux-Port","Seller_25","Earbuds",949.66,2,42,"M","",1899.32
2024-09-11,"Marseille Vieux-Port","Seller_25","Smartphone",375.95,1,41,"F","Card",375.95
2024-01-14,"Lyon Part-Dieu","Seller_23","Smartphone",495.27,2,18,"F","Card",990.54
2024-07-22,"Lyon Part-Dieu","Seller_23","Earbuds",1170.36,1,39,"F","Card",1170.36
2024-05-18,"Nice Promenade","Seller_12","Earbuds",131.58,2,46,"M","",263.16
2024-04-09,"Paris Centre","Seller_16","Smartphone",145.69,1,35,"F","Card",145.69
2023-12-16,"Toulouse Capitole","Seller_25","Laptop",1281.01,1,26,"M","Card",1281.01
2024-03-22,"Toulouse Capitole","Seller_15","Tablet",1035.31,1,29,"M","Card",1035.31
2024-01-02,"Toulouse Capitole","Seller_1","Laptop",1205.53,1,40,"F","Card",1205.53
2023-11-24,"Lyon Part-Dieu","Seller_19","Tablet",1002.74,1,40,"F","Card",1002.74
2024-04-06,"Nice Promenade","Seller_5","Tablet",195.24,1,36,"M","Check",195.24
2024-07-28,"Marseille Vieux-Port","Seller_7","Smartphone",88.62,1,18,"F","Cash",88.62
2023-01-05,"Toulouse Capitole","Seller_11","Tablet",1059.62,1,49,"M","Card",1059.62
2024-12-20,"Paris Centre","Seller_22","Tablet",1331.89,4,37,"F","Cash",5327.56
2024-02-05,"Toulouse Capitole","Seller_11","Tablet",417.31,1,33,"F","",417.31
2023-03-11,"Toulouse Capitole","Seller_5","Accessories",661.53,1,66,NA,"Card",661.53
2023-06-30,"Lyon Part-Dieu","Seller_18","Laptop",596.41,3,22,"M","Card",1789.23
2023-09-06,"Nice Promenade","Seller_16","Smartphone",460.13,2,39,"F","Cash",920.26
2023-06-01,"Lyon Part-Dieu","Seller_5","Smartphone",204.5,1,17,"F","Card",204.5
2023-11-24,"Nice Promenade","Seller_22","Smartphone",78.91,1,41,"F","Cash",78.91
2024-11-18,"Toulouse Capitole","Seller_2","Earbuds",525.07,1,35,"M","Card",525.07
2024-03-13,"Marseille Vieux-Port","Seller_1","Tablet",1341.44,1,19,"F","Card",1341.44
2023-08-12,"Nice Promenade","Seller_16","Laptop",301.05,1,35,NA,"Card",301.05
2023-11-09,"Lyon Part-Dieu","Seller_23","Earbuds",1328.94,1,16,"F","Card",1328.94
2024-10-12,"Paris Centre","Seller_8","Smartphone",1161.31,3,35,"M","Card",3483.93
2023-05-04,"Marseille Vieux-Port","Seller_15","Laptop",1090.26,2,47,"F","Card",2180.52
2024-03-08,"Nice Promenade","Seller_22","Laptop",1137.09,1,28,"M","Card",1137.09
2023-12-09,"Nice Promenade","Seller_9","Tablet",1486.02,1,33,"M","Card",1486.02
2024-06-07,"Marseille Vieux-Port","Seller_15","Laptop",214.97,1,26,"M","Card",214.97
2023-12-25,"Marseille Vieux-Port","Seller_23","Tablet",369.29,1,25,"M","Card",369.29
2023-05-14,"Marseille Vieux-Port","Seller_23","Smartwatch",72.75,1,29,"F","Card",72.75
2024-01-02,"Marseille Vieux-Port","Seller_25","Laptop",268.35,1,19,"F","Card",268.35
2024-10-28,"Toulouse Capitole","Seller_24","Accessories",583.51,1,57,NA,"Card",583.51
2024-06-22,"Paris Centre","Seller_16","Tablet",1129.94,2,16,"F","Check",2259.88
2023-05-28,"Lyon Part-Dieu","Seller_14","Smartwatch",486.78,1,36,"F","Card",486.78
2023-08-25,"Lyon Part-Dieu","Seller_22","Tablet",290.26,1,63,"F","Card",290.26
2024-04-11,"Lyon Part-Dieu","Seller_22","Smartphone",406.73,1,45,"F","Card",406.73
2023-12-07,"Paris Centre","Seller_23","Smartphone",254.23,2,43,"M","Card",508.46
2023-11-23,"Lyon Part-Dieu","Seller_16","Laptop",924.92,2,47,"M","Card",1849.84
2023-08-07,"Toulouse Capitole","Seller_14","Laptop",1162.68,2,39,NA,"Check",2325.36
2024-07-30,"Lyon Part-Dieu","Seller_18","Earbuds",838.83,1,57,"F","Card",838.83
2023-10-05,"Toulouse Capitole","Seller_17","Laptop",581.41,2,30,NA,"Card",1162.82
2023-08-12,"Marseille Vieux-Port","Seller_11","Laptop",890.08,1,27,"M","Card",890.08
2023-11-29,"Paris Centre","Seller_16","Laptop",1069.01,2,44,"F","Check",2138.02
2023-07-21,"Nice Promenade","Seller_20","Smartphone",813.71,1,38,NA,"Card",813.71
2023-04-02,"Toulouse Capitole","Seller_16","Smartphone",1155.62,2,24,"F","Card",2311.24
2023-08-22,"Toulouse Capitole","Seller_16","Laptop",485.53,3,16,"M","Card",1456.59
2023-03-22,"Marseille Vieux-Port","Seller_23","Tablet",812.73,3,19,"F","Card",2438.19
2024-03-17,"Paris Centre","Seller_11","Accessories",166.52,1,46,"F","",166.52
2023-09-30,"Marseille Vieux-Port","Seller_16","Earbuds",1209.73,3,28,"M","Card",3629.19
2023-03-03,"Nice Promenade","Seller_25","Laptop",1478.28,2,26,"M","",2956.56
2024-03-03,"Paris Centre","Seller_13","Tablet",1135.56,1,43,"F","Card",1135.56
2023-08-27,"Toulouse Capitole","Seller_18","Laptop",858.35,1,16,"F","Card",858.35
2024-04-19,"Marseille Vieux-Port","Seller_11","Tablet",1146.21,2,35,"F","",2292.42
2024-11-24,"Lyon Part-Dieu","Seller_3","Laptop",1249.52,1,52,"F","Cash",1249.52
2023-02-02,"Lyon Part-Dieu","Seller_19","Laptop",1200.53,1,37,NA,"Check",1200.53
2024-06-27,"Paris Centre","Seller_20","Tablet",161.37,1,34,NA,"Cash",161.37
2023-08-29,"Toulouse Capitole","Seller_11","Smartphone",543.39,1,36,"M","Card",543.39
2023-05-03,"Nice Promenade","Seller_11","Laptop",1189.4,1,23,"M","Check",1189.4
2024-04-15,"Nice Promenade","Seller_24","Laptop",658.18,2,45,"F","Cash",1316.36
2024-05-16,"Marseille Vieux-Port","Seller_9","Smartphone",1002.87,1,30,"M","",1002.87
2023-12-12,"Paris Centre","Seller_11","Earbuds",391.48,1,43,NA,"Card",391.48
2023-08-09,"Nice Promenade","Seller_8","Tablet",1490.67,1,33,"F","Card",1490.67
2023-03-07,"Paris Centre","Seller_11","Smartphone",1198.92,1,45,"F","Card",1198.92
2024-11-12,"Paris Centre","Seller_16","Smartphone",1317.82,1,29,"M","Card",1317.82
2024-03-22,"Toulouse Capitole","Seller_22","Earbuds",672.16,1,16,"F","Check",672.16
2024-03-19,"Lyon Part-Dieu","Seller_24","Laptop",498.9,2,38,"M","Card",997.8
2024-12-31,"Paris Centre","Seller_2","Earbuds",503.02,1,41,"F","Card",503.02
2023-01-27,"Paris Centre","Seller_8","Laptop",677.48,2,47,"M","Card",1354.96
2023-01-25,"Toulouse Capitole","Seller_22","Smartwatch",914.75,1,64,"F","",914.75
2023-11-07,"Lyon Part-Dieu","Seller_2","Smartwatch",132.18,2,31,"F","Check",264.36
2024-01-23,"Toulouse Capitole","Seller_20","Laptop",802.71,1,36,"M","Card",802.71
2023-08-28,"Toulouse Capitole","Seller_19","Earbuds",1376.13,2,32,"F","Card",2752.26
2023-01-28,"Toulouse Capitole","Seller_21","Earbuds",1207.12,1,20,"M","Cash",1207.12
2023-02-04,"Toulouse Capitole","Seller_25","Laptop",1106.13,3,61,"F","Card",3318.39
2024-04-16,"Lyon Part-Dieu","Seller_2","Smartwatch",868.52,1,45,"M","Card",868.52
2024-09-14,"Marseille Vieux-Port","Seller_15","Smartphone",346.11,1,38,"M","Card",346.11
2023-03-30,"Lyon Part-Dieu","Seller_3","Tablet",375.68,2,58,"M","Card",751.36
2024-05-22,"Lyon Part-Dieu","Seller_13","Smartphone",983.38,2,31,"M","Card",1966.76
2023-10-01,"Toulouse Capitole","Seller_14","Tablet",914.45,2,36,"F","Card",1828.9
2024-07-20,"Lyon Part-Dieu","Seller_17","Smartphone",970.84,4,40,"F","Card",3883.36
2023-05-06,"Marseille Vieux-Port","Seller_10","Laptop",723.03,2,52,"F","Card",1446.06
2024-11-24,"Lyon Part-Dieu","Seller_17","Laptop",682.62,1,46,"F","Cash",682.62
2023-09-17,"Toulouse Capitole","Seller_14","Laptop",1356.22,2,20,"F","Card",2712.44
2024-08-16,"Nice Promenade","Seller_15","Accessories",826.77,2,52,"M","Check",1653.54
2023-08-23,"Nice Promenade","Seller_22","Earbuds",1492.81,1,26,"M","Card",1492.81
2024-12-18,"Lyon Part-Dieu","Seller_17","Smartwatch",1398.61,3,16,"M","",4195.83
2024-10-07,"Nice Promenade","Seller_22","Smartphone",1091.76,3,37,"M","Cash",3275.28
2023-12-27,"Toulouse Capitole","Seller_3","Smartphone",258.11,1,49,"M","Card",258.11
2023-10-07,"Toulouse Capitole","Seller_17","Smartphone",261.49,1,44,NA,"Cash",261.49
2023-05-13,"Marseille Vieux-Port","Seller_6","Laptop",197.85,1,23,"M","Card",197.85
2023-07-31,"Nice Promenade","Seller_6","Smartphone",1185.43,1,34,"F","Card",1185.43
2024-10-16,"Toulouse Capitole","Seller_6","Tablet",953.38,4,24,"F","Card",3813.52
2024-09-01,"Paris Centre","Seller_15","Laptop",1035.28,1,24,NA,"Check",1035.28
2024-07-29,"Nice Promenade","Seller_10","Laptop",75.44,2,25,"M","Card",150.88
2024-01-26,"Lyon Part-Dieu","Seller_1","Earbuds",1119.62,4,41,"M","Card",4478.48
2024-12-02,"Nice Promenade","Seller_14","Laptop",1124.64,2,25,"M","Card",2249.28
2023-11-20,"Paris Centre","Seller_3","Tablet",178.74,2,25,NA,"Card",357.48
2023-01-31,"Marseille Vieux-Port","Seller_23","Smartwatch",1463.8,1,16,"M","Cash",1463.8
2023-02-10,"Marseille Vieux-Port","Seller_6","Smartphone",270.54,1,22,"M","Card",270.54
2024-01-17,"Toulouse Capitole","Seller_4","Smartwatch",1368.34,1,53,"M","Card",1368.34
2024-06-13,"Nice Promenade","Seller_21","Earbuds",397.23,1,30,"M","Card",397.23
2023-11-14,"Paris Centre","Seller_6","Tablet",230.26,1,28,"F","Card",230.26
2024-04-15,"Toulouse Capitole","Seller_15","Laptop",1012.5,2,28,NA,"Cash",2025
2024-04-05,"Paris Centre","Seller_21","Smartphone",1476.31,2,33,"M","Card",2952.62
2023-09-23,"Marseille Vieux-Port","Seller_14","Smartphone",901.38,1,44,"F","Cash",901.38
2023-02-01,"Marseille Vieux-Port","Seller_17","Tablet",864.47,1,46,NA,"Card",864.47
2024-11-10,"Toulouse Capitole","Seller_17","Tablet",758.77,1,49,"M","Card",758.77
2024-10-14,"Nice Promenade","Seller_14","Laptop",454.42,1,39,NA,"Card",454.42
2023-11-28,"Paris Centre","Seller_12","Laptop",766.63,2,17,"F","Check",1533.26
2023-03-24,"Paris Centre","Seller_9","Laptop",54.21,3,46,"M","Card",162.63
2023-08-14,"Lyon Part-Dieu","Seller_20","Tablet",55.47,2,33,"F","Card",110.94
2024-05-10,"Toulouse Capitole","Seller_19","Tablet",1147.98,1,28,"F","Card",1147.98
2023-06-13,"Nice Promenade","Seller_20","Tablet",626.62,1,22,NA,"Cash",626.62
2024-03-17,"Toulouse Capitole","Seller_21","Laptop",1240.69,1,40,"M","Check",1240.69
2023-04-06,"Lyon Part-Dieu","Seller_15","Laptop",687.05,1,45,NA,"Card",687.05
2023-03-27,"Paris Centre","Seller_3","Smartphone",192.07,2,42,"M","Card",384.14
2023-05-17,"Marseille Vieux-Port","Seller_23","Earbuds",684.12,1,37,"M","Card",684.12
2024-08-01,"Paris Centre","Seller_4","Smartphone",139.85,1,27,"M","Card",139.85
2024-06-21,"Toulouse Capitole","Seller_5","Tablet",473.5,2,40,"F","Card",947
2023-05-28,"Marseille Vieux-Port","Seller_17","Earbuds",733,2,35,"M","Card",1466
2023-10-05,"Lyon Part-Dieu","Seller_1","Tablet",660.56,1,37,"M","Card",660.56
2023-09-24,"Lyon Part-Dieu","Seller_8","Tablet",456.37,4,54,"M","Card",1825.48
2023-01-28,"Lyon Part-Dieu","Seller_20","Laptop",267.05,3,63,"M","Card",801.15
2024-03-19,"Nice Promenade","Seller_13","Laptop",479.72,1,39,NA,"Cash",479.72
2024-12-28,"Nice Promenade","Seller_6","Accessories",1386.78,1,16,"M","Card",1386.78
2023-12-01,"Marseille Vieux-Port","Seller_15","Tablet",489.37,1,37,"M","Card",489.37
2024-06-26,"Toulouse Capitole","Seller_10","Laptop",1236.92,1,44,NA,"Card",1236.92
2024-05-28,"Paris Centre","Seller_13","Laptop",1453.66,2,35,"F","Card",2907.32
2023-06-10,"Lyon Part-Dieu","Seller_8","Tablet",222.32,2,45,NA,"Card",444.64
2024-05-24,"Marseille Vieux-Port","Seller_6","Tablet",1398.9,2,16,"M","Cash",2797.8
2023-10-28,"Paris Centre","Seller_23","Laptop",233.28,2,38,"F","Card",466.56
2023-11-04,"Toulouse Capitole","Seller_3","Tablet",736.83,1,29,"F","Cash",736.83
2024-03-21,"Lyon Part-Dieu","Seller_8","Laptop",290.16,2,38,"F","Card",580.32
2023-07-02,"Nice Promenade","Seller_6","Laptop",100.96,2,40,"F","Check",201.92
2023-03-26,"Nice Promenade","Seller_2","Laptop",188.03,4,42,"F","Check",752.12
2024-08-22,"Paris Centre","Seller_9","Laptop",1459.61,1,32,"F","Card",1459.61
2023-01-02,"Paris Centre","Seller_24","Smartphone",549.31,1,24,"F","Check",549.31
2023-07-30,"Toulouse Capitole","Seller_21","Smartphone",1054.24,1,47,"F","Card",1054.24
2023-01-25,"Lyon Part-Dieu","Seller_20","Earbuds",78.69,3,53,"M","Card",236.07
2024-11-30,"Nice Promenade","Seller_20","Smartphone",62.23,1,48,"M","Card",62.23
2023-09-15,"Nice Promenade","Seller_20","Laptop",888.63,2,38,"M","Cash",1777.26
2024-01-25,"Toulouse Capitole","Seller_20","Laptop",408.91,2,47,"M","Card",817.82
2023-12-19,"Marseille Vieux-Port","Seller_23","Smartphone",909.36,1,32,"M","",909.36
2024-02-29,"Nice Promenade","Seller_6","Smartphone",503.87,1,33,"M","Card",503.87
2024-10-06,"Toulouse Capitole","Seller_10","Smartphone",1247.72,1,46,"F","Card",1247.72
2023-05-30,"Lyon Part-Dieu","Seller_13","Earbuds",1038.06,3,37,"F","Card",3114.18
2023-04-14,"Nice Promenade","Seller_16","Smartphone",1050.32,1,44,"M","Cash",1050.32
2023-01-25,"Marseille Vieux-Port","Seller_4","Smartphone",280.63,1,36,"M","Card",280.63
2024-02-17,"Paris Centre","Seller_14","Tablet",641.37,1,45,"F","Cash",641.37
2023-10-01,"Paris Centre","Seller_6","Earbuds",433.6,1,32,NA,"Card",433.6
2024-02-05,"Lyon Part-Dieu","Seller_7","Smartphone",260.98,1,20,"M","Card",260.98
2023-12-31,"Marseille Vieux-Port","Seller_21","Laptop",928.25,1,37,"F","Card",928.25
2023-03-28,"Lyon Part-Dieu","Seller_24","Smartphone",1199.74,3,37,"M","Card",3599.22
2024-08-04,"Toulouse Capitole","Seller_19","Laptop",973.32,1,24,"M","Card",973.32
2023-10-04,"Nice Promenade","Seller_10","Tablet",836.54,1,37,"F","Card",836.54
2023-10-09,"Toulouse Capitole","Seller_3","Smartwatch",405.32,2,26,"M","",810.64
2023-03-16,"Marseille Vieux-Port","Seller_2","Earbuds",87.59,3,18,NA,"Card",262.77
2023-11-15,"Lyon Part-Dieu","Seller_11","Earbuds",802.84,2,25,"F","Cash",1605.68
2023-12-04,"Lyon Part-Dieu","Seller_11","Laptop",1475.17,1,32,"F","Card",1475.17
2023-06-13,"Paris Centre","Seller_2","Tablet",474.76,2,41,NA,"Card",949.52
2024-01-13,"Toulouse Capitole","Seller_14","Smartwatch",745.73,2,25,"M","Card",1491.46
2024-07-10,"Toulouse Capitole","Seller_12","Smartphone",274.34,2,26,"M","Card",548.68
2024-06-16,"Lyon Part-Dieu","Seller_24","Smartphone",904.12,1,27,"M","Check",904.12
2024-06-25,"Toulouse Capitole","Seller_10","Earbuds",447.87,3,39,"M","Card",1343.61
2023-08-02,"Nice Promenade","Seller_4","Tablet",830.6,2,23,"F","Cash",1661.2
2023-05-13,"Lyon Part-Dieu","Seller_9","Tablet",62.88,2,56,"M","Card",125.76
2024-10-24,"Toulouse Capitole","Seller_2","Smartphone",203.72,1,52,"M","Card",203.72
2024-01-24,"Marseille Vieux-Port","Seller_9","Smartphone",496.04,1,32,NA,"Card",496.04
2024-07-14,"Toulouse Capitole","Seller_12","Tablet",270.73,1,31,"F","Card",270.73
2024-10-01,"Lyon Part-Dieu","Seller_21","Tablet",1489.1,1,42,"M","Card",1489.1
2024-05-15,"Marseille Vieux-Port","Seller_7","Laptop",341.47,2,29,"F","Card",682.94
2023-08-11,"Marseille Vieux-Port","Seller_21","Smartphone",764.79,1,49,"F","Card",764.79
2024-04-16,"Toulouse Capitole","Seller_24","Smartphone",535.94,1,29,"F","Cash",535.94
2024-07-01,"Paris Centre","Seller_14","Smartphone",770.56,2,25,"F","Card",1541.12
2023-11-15,"Nice Promenade","Seller_16","Smartwatch",1206.87,1,25,"M","Card",1206.87
2024-11-30,"Marseille Vieux-Port","Seller_18","Smartphone",1279.52,1,51,"F","Check",1279.52
2023-05-26,"Marseille Vieux-Port","Seller_16","Accessories",967.35,2,44,"F","Card",1934.7
2023-01-25,"Marseille Vieux-Port","Seller_9","Laptop",1131.78,1,33,"M","Card",1131.78
2024-12-30,"Marseille Vieux-Port","Seller_7","Laptop",382.24,1,42,"F","Card",382.24
2023-03-17,"Lyon Part-Dieu","Seller_13","Tablet",1340.93,1,40,"F","Card",1340.93
2024-02-03,"Nice Promenade","Seller_17","Earbuds",202.97,1,31,"M","Card",202.97
2024-07-30,"Lyon Part-Dieu","Seller_16","Smartphone",961.03,1,50,"F","Card",961.03
2023-03-27,"Marseille Vieux-Port","Seller_19","Laptop",315.7,1,23,NA,"Card",315.7
2023-03-24,"Lyon Part-Dieu","Seller_17","Laptop",810.69,1,31,"M","Card",810.69
2023-10-17,"Paris Centre","Seller_9","Smartphone",1241.08,1,16,"F","Check",1241.08
2024-07-25,"Nice Promenade","Seller_16","Laptop",1288.46,1,59,"M","Check",1288.46
2023-02-17,"Lyon Part-Dieu","Seller_22","Tablet",525.6,3,24,"M","Check",1576.8
2023-06-14,"Nice Promenade","Seller_9","Tablet",533.63,1,16,"F","Card",533.63
2023-06-21,"Lyon Part-Dieu","Seller_10","Smartwatch",613.06,2,48,"M","Card",1226.12
2023-03-05,"Paris Centre","Seller_15","Tablet",751.18,1,38,"F","Card",751.18
2024-02-17,"Lyon Part-Dieu","Seller_21","Laptop",1468.96,2,17,"F","Cash",2937.92
2023-09-14,"Paris Centre","Seller_23","Smartphone",250.31,1,53,"M","Cash",250.31
2024-07-25,"Marseille Vieux-Port","Seller_6","Laptop",1235.06,1,16,"F","Card",1235.06
2024-10-04,"Nice Promenade","Seller_11","Smartphone",616.65,3,55,"F","Card",1849.95
2024-05-17,"Nice Promenade","Seller_1","Smartphone",1206.71,2,45,"M","Card",2413.42
2024-07-18,"Nice Promenade","Seller_9","Tablet",1326.11,1,51,"F","Card",1326.11
2024-06-28,"Nice Promenade","Seller_25","Laptop",661.37,1,26,"F","",661.37
2023-11-24,"Lyon Part-Dieu","Seller_20","Accessories",1456.25,1,27,"M","Card",1456.25
2023-04-21,"Marseille Vieux-Port","Seller_7","Smartphone",1075.8,2,21,NA,"Card",2151.6
2024-05-26,"Nice Promenade","Seller_12","Tablet",1229.73,2,39,"M","Card",2459.46
2023-11-22,"Paris Centre","Seller_1","Earbuds",1492.89,1,21,"F","Card",1492.89
2023-07-20,"Paris Centre","Seller_21","Tablet",1133.69,1,40,"F","Card",1133.69
2024-04-25,"Paris Centre","Seller_6","Tablet",437.97,1,29,NA,"Check",437.97
2024-10-13,"Lyon Part-Dieu","Seller_9","Smartphone",201.14,1,28,"M","Cash",201.14
2023-09-18,"Paris Centre","Seller_25","Earbuds",1076.88,1,42,"F","Card",1076.88
2024-11-12,"Toulouse Capitole","Seller_9","Earbuds",868.16,1,29,"F","Card",868.16
2023-01-16,"Paris Centre","Seller_21","Tablet",663.4,1,45,"M","",663.4
2024-07-15,"Toulouse Capitole","Seller_12","Tablet",545.58,3,25,NA,"Cash",1636.74
2023-03-08,"Toulouse Capitole","Seller_5","Tablet",332.47,3,28,"M","",997.41
2024-02-04,"Lyon Part-Dieu","Seller_23","Smartwatch",1178.72,1,41,NA,"Card",1178.72
2024-02-01,"Toulouse Capitole","Seller_9","Tablet",1391.52,1,51,"M","Card",1391.52
2024-10-01,"Toulouse Capitole","Seller_21","Tablet",1370.75,1,38,"F","Card",1370.75
2024-12-21,"Toulouse Capitole","Seller_17","Smartwatch",658.48,2,28,"M","Card",1316.96
2024-03-22,"Toulouse Capitole","Seller_23","Laptop",122.44,1,31,"M","Card",122.44
2023-05-17,"Nice Promenade","Seller_11","Smartphone",1375.99,1,27,"M","Check",1375.99
2023-04-09,"Paris Centre","Seller_5","Laptop",1356.76,1,19,"M","",1356.76
2024-08-16,"Lyon Part-Dieu","Seller_23","Smartphone",1004.09,1,37,"M","Cash",1004.09
2023-04-02,"Marseille Vieux-Port","Seller_11","Tablet",1218.74,2,20,"F","Card",2437.48
2023-08-19,"Toulouse Capitole","Seller_10","Smartphone",499.44,2,28,"F","Cash",998.88
2023-09-22,"Nice Promenade","Seller_5","Laptop",924.87,2,44,"M","Cash",1849.74
2023-05-03,"Nice Promenade","Seller_8","Smartphone",270.35,2,23,"F","Cash",540.7
2023-02-26,"Toulouse Capitole","Seller_6","Laptop",1417.97,1,16,NA,"Cash",1417.97
2024-11-26,"Toulouse Capitole","Seller_6","Smartphone",605.61,1,16,"F","Card",605.61
2024-07-19,"Toulouse Capitole","Seller_18","Smartphone",NA,2,50,"F","Check",NA
2024-05-06,"Marseille Vieux-Port","Seller_22","Tablet",879.12,2,35,"F","Card",1758.24
2023-01-14,"Nice Promenade","Seller_24","Tablet",255.58,1,35,"M","Card",255.58
2023-05-09,"Paris Centre","Seller_10","Tablet",342.66,3,46,"M","Cash",1027.98
2023-02-14,"Lyon Part-Dieu","Seller_10","Earbuds",976.21,1,31,"M","Card",976.21
2023-06-14,"Nice Promenade","Seller_22","Smartphone",414.59,1,27,"M","Card",414.59
2023-08-28,"Paris Centre","Seller_17","Smartphone",160.44,1,38,"M","Card",160.44
2024-04-24,"Nice Promenade","Seller_22","Earbuds",1146.88,2,30,"M","Card",2293.76
2024-04-09,"Nice Promenade","Seller_11","Tablet",660.93,1,58,NA,"Card",660.93
2023-09-17,"Lyon Part-Dieu","Seller_15","Earbuds",288.1,4,33,"F","Cash",1152.4
2023-09-15,"Marseille Vieux-Port","Seller_12","Smartwatch",1340,2,33,"M","Card",2680
2024-07-16,"Marseille Vieux-Port","Seller_9","Smartphone",946.14,2,52,"M","Cash",1892.28
2024-03-04,"Paris Centre","Seller_3","Laptop",1421.96,2,24,NA,"",2843.92
2023-03-31,"Marseille Vieux-Port","Seller_7","Earbuds",821.34,1,44,"F","Card",821.34
2023-10-12,"Toulouse Capitole","Seller_17","Earbuds",959.43,3,16,"M","Card",2878.29
2023-01-30,"Toulouse Capitole","Seller_12","Tablet",340.7,1,52,"F","Check",340.7
2024-05-22,"Paris Centre","Seller_12","Laptop",822.54,1,37,"F","Card",822.54
2023-01-23,"Toulouse Capitole","Seller_22","Earbuds",892.35,1,40,"M","Card",892.35
2023-01-26,"Marseille Vieux-Port","Seller_3","Laptop",377.74,2,31,"F","Card",755.48
2024-01-03,"Paris Centre","Seller_15","Smartphone",261.94,2,42,"M","Card",523.88
2023-07-11,"Lyon Part-Dieu","Seller_16","Accessories",477.89,1,34,"F","Card",477.89
2023-12-12,"Paris Centre","Seller_11","Earbuds",74.72,1,40,"M","Check",74.72
2024-07-01,"Lyon Part-Dieu","Seller_18","Smartwatch",283.85,1,30,NA,"Cash",283.85
2023-06-26,"Nice Promenade","Seller_18","Smartphone",755.86,2,47,"M","Card",1511.72
2023-01-15,"Lyon Part-Dieu","Seller_8","Laptop",542.38,1,38,"M","Check",542.38
2024-09-22,"Lyon Part-Dieu","Seller_9","Tablet",965.78,3,46,"M","Cash",2897.34
2024-01-08,"Paris Centre","Seller_4","Earbuds",1328.59,1,26,"F","Check",1328.59
2023-09-03,"Lyon Part-Dieu","Seller_6","Tablet",541.04,1,42,NA,"Card",541.04
2023-04-09,"Nice Promenade","Seller_5","Earbuds",118.31,2,26,NA,"",236.62
2023-11-14,"Toulouse Capitole","Seller_25","Smartphone",693.09,1,35,"F","Card",693.09
2024-12-28,"Toulouse Capitole","Seller_16","Smartphone",186.19,1,16,"F","Card",186.19
2024-01-05,"Toulouse Capitole","Seller_9","Laptop",643.97,1,32,"F","Card",643.97
2023-09-25,"Toulouse Capitole","Seller_19","Smartwatch",1030.55,2,32,"M","Card",2061.1
2023-06-15,"Lyon Part-Dieu","Seller_20","Smartwatch",471.9,1,49,NA,"Card",471.9
2023-11-21,"Paris Centre","Seller_19","Smartphone",1014.21,4,27,"F","Cash",4056.84
2024-10-20,"Lyon Part-Dieu","Seller_16","Tablet",1282.24,1,35,"M","Card",1282.24
2024-12-22,"Nice Promenade","Seller_12","Smartwatch",562.24,2,36,"F","Card",1124.48
2023-02-05,"Lyon Part-Dieu","Seller_10","Smartphone",1121.21,2,38,"M","Card",2242.42
2023-12-09,"Toulouse Capitole","Seller_20","Tablet",826.08,1,28,NA,"Card",826.08
2023-06-14,"Nice Promenade","Seller_5","Earbuds",543.89,1,37,"M","Card",543.89
2024-04-05,"Lyon Part-Dieu","Seller_13","Smartwatch",1195.88,4,44,"F","Card",4783.52
2023-04-02,"Nice Promenade","Seller_16","Smartphone",1284.65,1,56,"F","Check",1284.65
2024-03-29,"Marseille Vieux-Port","Seller_12","Laptop",1113.77,1,32,"M","Card",1113.77
2023-11-09,"Toulouse Capitole","Seller_3","Tablet",181.3,1,41,NA,"",181.3
2023-04-06,"Toulouse Capitole","Seller_22","Earbuds",1495.48,2,40,"M","Card",2990.96
2023-12-03,"Marseille Vieux-Port","Seller_24","Accessories",1422.3,1,39,"M","Card",1422.3
2024-01-23,"Lyon Part-Dieu","Seller_16","Tablet",880.79,3,23,"M","Card",2642.37
2023-11-19,"Toulouse Capitole","Seller_10","Laptop",496.44,1,35,"F","",496.44
2024-04-26,"Marseille Vieux-Port","Seller_4","Earbuds",696.01,1,47,"F","Cash",696.01
2024-03-21,"Lyon Part-Dieu","Seller_1","Laptop",1107.98,1,39,"F","Check",1107.98
2024-06-13,"Paris Centre","Seller_25","Earbuds",1151.13,1,30,"F","Card",1151.13
2023-04-20,"Marseille Vieux-Port","Seller_3","Smartwatch",149,1,24,"M","Card",149
2023-04-21,"Lyon Part-Dieu","Seller_19","Laptop",1116.35,1,26,NA,"Cash",1116.35
2024-07-08,"Marseille Vieux-Port","Seller_2","Smartphone",1154.31,2,30,"M","Card",2308.62
2024-12-10,"Paris Centre","Seller_13","Earbuds",992.31,1,33,NA,"Card",992.31
2023-09-17,"Nice Promenade","Seller_10","Earbuds",403.78,1,46,"M","Check",403.78
2023-07-28,"Nice Promenade","Seller_13","Smartphone",759.11,2,63,"M","Card",1518.22
2024-05-09,"Lyon Part-Dieu","Seller_16","Smartphone",1498.84,1,28,NA,"Card",1498.84
2024-06-04,"Toulouse Capitole","Seller_4","Laptop",769.8,1,49,"M","Cash",769.8
2023-11-13,"Paris Centre","Seller_1","Earbuds",219.74,1,34,"M","Card",219.74
2023-02-28,"Nice Promenade","Seller_22","Earbuds",1147.01,2,45,"F","Card",2294.02
2023-12-11,"Lyon Part-Dieu","Seller_9","Earbuds",181.11,1,27,"F","Card",181.11
2024-07-30,"Marseille Vieux-Port","Seller_5","Smartphone",441.92,2,25,"M","Card",883.84
2023-08-23,"Lyon Part-Dieu","Seller_1","Laptop",171.31,1,29,"F","Card",171.31
2023-12-26,"Marseille Vieux-Port","Seller_16","Tablet",925.42,2,28,"F","Card",1850.84
2024-02-09,"Paris Centre","Seller_7","Smartphone",1466.34,1,39,"M","Card",1466.34
2024-02-12,"Lyon Part-Dieu","Seller_21","Smartphone",1227.83,1,31,"F","Cash",1227.83
2024-07-09,"Nice Promenade","Seller_17","Laptop",1229.11,1,37,"F","Card",1229.11
2024-12-09,"Lyon Part-Dieu","Seller_12","Laptop",923.63,2,16,"F","Card",1847.26
2023-02-28,"Lyon Part-Dieu","Seller_21","Tablet",361.06,2,16,"F","Card",722.12
2024-12-07,"Lyon Part-Dieu","Seller_25","Smartphone",141.73,3,45,"M","Card",425.19
2023-06-29,"Marseille Vieux-Port","Seller_16","Earbuds",1023.99,2,29,"F","Check",2047.98
2023-04-26,"Nice Promenade","Seller_10","Earbuds",103.71,1,30,"F","Card",103.71
2024-01-13,"Marseille Vieux-Port","Seller_11","Laptop",995.75,2,56,"F","Card",1991.5
2023-04-06,"Marseille Vieux-Port","Seller_12","Tablet",1215.91,1,28,"M","Card",1215.91
2023-11-13,"Toulouse Capitole","Seller_17","Earbuds",1041.38,2,35,"F","Card",2082.76
2023-03-03,"Nice Promenade","Seller_8","Smartwatch",176.24,1,24,"F","Card",176.24
2024-06-08,"Marseille Vieux-Port","Seller_5","Smartphone",820.16,1,16,"F","Check",820.16
2023-03-08,"Paris Centre","Seller_1","Earbuds",992.57,1,17,"M","Card",992.57
2024-08-25,"Paris Centre","Seller_6","Laptop",736.07,1,28,"M","Cash",736.07
2023-06-05,"Marseille Vieux-Port","Seller_4","Earbuds",383.43,2,45,"M","Card",766.86
2023-03-22,"Lyon Part-Dieu","Seller_18","Laptop",258.42,1,33,"M","Card",258.42
2024-11-25,"Toulouse Capitole","Seller_15","Tablet",436.58,1,35,"M","Card",436.58
2023-08-22,"Marseille Vieux-Port","Seller_18","Smartphone",989.27,1,44,"F","Cash",989.27
2024-04-04,"Marseille Vieux-Port","Seller_18","Laptop",1378.84,1,28,"F","Card",1378.84
2024-11-02,"Nice Promenade","Seller_9","Tablet",868.84,2,40,"M","Check",1737.68
2024-05-22,"Toulouse Capitole","Seller_15","Earbuds",324.21,1,37,NA,"Card",324.21
2024-01-28,"Paris Centre","Seller_4","Tablet",1146.31,2,19,NA,"Card",2292.62
2023-05-21,"Toulouse Capitole","Seller_21","Smartphone",466.34,1,54,"F","Card",466.34
2024-02-15,"Paris Centre","Seller_16","Smartphone",487.36,2,24,"F","Card",974.72
2024-05-09,"Lyon Part-Dieu","Seller_5","Smartphone",1319,3,36,"M","Card",3957
2023-06-24,"Marseille Vieux-Port","Seller_20","Smartphone",799.07,1,37,"F","Cash",799.07
2023-07-10,"Paris Centre","Seller_5","Laptop",1464.16,1,46,"M","Card",1464.16
2024-10-19,"Lyon Part-Dieu","Seller_3","Earbuds",114.99,1,33,NA,"Card",114.99
2024-07-04,"Paris Centre","Seller_19","Laptop",1054.56,2,35,"M","",2109.12
2024-04-12,"Nice Promenade","Seller_2","Smartphone",542.4,2,28,"F","Card",1084.8
2023-09-03,"Nice Promenade","Seller_16","Smartphone",1135.82,1,42,"M","Card",1135.82
2023-11-09,"Nice Promenade","Seller_6","Laptop",791.68,2,30,"M","Card",1583.36
2023-12-24,"Marseille Vieux-Port","Seller_10","Accessories",1460.83,1,26,"M","Card",1460.83
2024-03-06,"Lyon Part-Dieu","Seller_6","Smartphone",1421.11,2,16,"M","Card",2842.22
2024-07-28,"Toulouse Capitole","Seller_15","Laptop",81.19,2,33,NA,"Card",162.38
2024-03-27,"Toulouse Capitole","Seller_2","Smartphone",605.76,1,36,"F","Card",605.76
2023-11-08,"Marseille Vieux-Port","Seller_25","Tablet",617.05,1,31,"M","Card",617.05
2023-01-15,"Nice Promenade","Seller_24","Earbuds",814.25,2,41,"F","Card",1628.5
2023-03-04,"Lyon Part-Dieu","Seller_18","Smartphone",782.94,1,34,"M","Cash",782.94
2024-10-06,"Toulouse Capitole","Seller_19","Laptop",546.13,1,27,"F","Check",546.13
2024-03-31,"Toulouse Capitole","Seller_10","Smartphone",544.27,1,46,"F","",544.27
2023-07-24,"Marseille Vieux-Port","Seller_9","Laptop",572.46,1,23,"F","Card",572.46
2023-01-21,"Toulouse Capitole","Seller_3","Smartphone",903.21,1,38,"M","Cash",903.21
2024-06-28,"Paris Centre","Seller_8","Laptop",1347.76,1,19,"M","Card",1347.76
2023-07-18,"Nice Promenade","Seller_25","Laptop",396.51,2,24,"M","Check",793.02
2024-03-31,"Lyon Part-Dieu","Seller_3","Laptop",286.9,1,50,NA,"Cash",286.9
2023-01-16,"Nice Promenade","Seller_3","Smartphone",1046.65,1,21,"M","Card",1046.65
2024-11-23,"Nice Promenade","Seller_17","Laptop",324.13,2,16,"F","Card",648.26
2023-08-20,"Paris Centre","Seller_5","Laptop",1154.82,2,66,"F","Card",2309.64
2023-11-24,"Marseille Vieux-Port","Seller_15","Accessories",212.8,3,33,"F","Cash",638.4
2024-07-30,"Nice Promenade","Seller_17","Earbuds",760.37,2,35,"F","Card",1520.74
2023-12-13,"Paris Centre","Seller_23","Earbuds",1036.56,2,33,"M","Card",2073.12
2024-02-15,"Toulouse Capitole","Seller_9","Laptop",1356.32,1,29,"M","Card",1356.32
2024-11-28,"Toulouse Capitole","Seller_14","Laptop",1386.2,3,46,"F","Card",4158.6
2023-09-25,"Nice Promenade","Seller_5","Smartphone",758.03,2,28,"M","Card",1516.06
2024-06-24,"Lyon Part-Dieu","Seller_18","Tablet",630.43,1,60,"F","Card",630.43
2024-06-09,"Marseille Vieux-Port","Seller_1","Tablet",324.15,1,44,"M","Card",324.15
2024-03-28,"Paris Centre","Seller_1","Laptop",802.95,1,50,"F","Card",802.95
2023-03-26,"Nice Promenade","Seller_15","Earbuds",1240.81,2,44,"M","Card",2481.62
2023-09-07,"Nice Promenade","Seller_17","Earbuds",811.83,2,46,"M","Card",1623.66
2024-03-13,"Paris Centre","Seller_9","Laptop",223.28,2,29,"M","Card",446.56
2023-04-04,"Lyon Part-Dieu","Seller_6","Smartphone",732.48,1,27,"M","Cash",732.48
2024-08-07,"Marseille Vieux-Port","Seller_20","Tablet",292.82,1,54,"F","Card",292.82
2023-12-18,"Toulouse Capitole","Seller_22","Laptop",405.71,1,55,"F","Cash",405.71
2024-09-27,"Paris Centre","Seller_17","Earbuds",837.28,1,46,"M","Card",837.28
2023-12-24,"Toulouse Capitole","Seller_6","Smartphone",798.97,1,38,"M","Check",798.97
2023-01-18,"Marseille Vieux-Port","Seller_8","Tablet",286.92,1,37,"F","Card",286.92
2024-08-13,"Marseille Vieux-Port","Seller_10","Tablet",1269.13,2,16,"F","Card",2538.26
2024-02-09,"Paris Centre","Seller_4","Tablet",1443.43,2,58,"F","",2886.86
2023-12-13,"Nice Promenade","Seller_9","Smartphone",1377.7,1,33,"M","Card",1377.7
2024-07-29,"Toulouse Capitole","Seller_13","Laptop",442.35,1,59,NA,"Cash",442.35
2024-06-24,"Nice Promenade","Seller_3","Laptop",80.37,1,17,"M","",80.37
2024-12-26,"Nice Promenade","Seller_2","Smartphone",986.44,1,34,"F","Card",986.44
2024-03-11,"Marseille Vieux-Port","Seller_17","Earbuds",1490.48,2,37,"M","Card",2980.96
2024-05-24,"Toulouse Capitole","Seller_14","Laptop",504.14,1,16,"F","Card",504.14
2024-11-21,"Nice Promenade","Seller_21","Smartphone",843.68,1,43,"M","Card",843.68
2024-11-08,"Toulouse Capitole","Seller_13","Smartphone",1264.22,2,26,"F","Card",2528.44
2024-09-16,"Paris Centre","Seller_6","Laptop",1265.07,1,40,"M","Check",1265.07
2023-08-07,"Lyon Part-Dieu","Seller_5","Laptop",208.67,5,60,"F","Cash",1043.35
2024-02-06,"Marseille Vieux-Port","Seller_24","Accessories",1466.8,1,34,"M","Cash",1466.8
2023-12-25,"Paris Centre","Seller_20","Tablet",785.97,1,67,"F","Card",785.97
2024-01-06,"Lyon Part-Dieu","Seller_7","Smartphone",387.31,1,48,"M","Cash",387.31
2023-10-09,"Nice Promenade","Seller_22","Earbuds",1208.03,3,62,"F","Card",3624.09
2024-01-27,"Marseille Vieux-Port","Seller_13","Laptop",994.93,1,22,"M","Check",994.93
2024-10-25,"Nice Promenade","Seller_21","Accessories",1263.44,1,16,"F","Card",1263.44
2024-12-18,"Marseille Vieux-Port","Seller_21","Smartphone",212.42,1,48,"F","Card",212.42
2023-04-25,"Marseille Vieux-Port","Seller_7","Tablet",1473.17,3,60,"F","Check",4419.51
2023-08-29,"Lyon Part-Dieu","Seller_11","Tablet",582.04,1,20,"M","Card",582.04
2024-01-18,"Lyon Part-Dieu","Seller_22","Smartphone",1295.79,1,27,"M","Cash",1295.79
2023-08-12,"Lyon Part-Dieu","Seller_12","Earbuds",1376.42,1,27,"F","Cash",1376.42
2024-01-28,"Lyon Part-Dieu","Seller_20","Smartwatch",1233.92,3,32,"F","Card",3701.76
2023-08-21,"Paris Centre","Seller_4","Laptop",300.61,5,29,"M","Card",1503.05
2024-05-25,"Lyon Part-Dieu","Seller_10","Smartphone",798.08,1,42,"F","Card",798.08
2024-04-12,"Paris Centre","Seller_7","Smartphone",637.09,1,20,"F","",637.09
2023-02-25,"Nice Promenade","Seller_2","Laptop",337.42,1,25,"M","Card",337.42
2023-07-01,"Marseille Vieux-Port","Seller_11","Accessories",632.78,1,24,"M","Card",632.78
2023-01-08,"Lyon Part-Dieu","Seller_25","Laptop",870.03,1,52,"F","",870.03
2024-07-20,"Lyon Part-Dieu","Seller_17","Earbuds",457.68,1,23,"F","Card",457.68
2023-03-19,"Lyon Part-Dieu","Seller_13","Smartphone",168.04,2,35,"M","Check",336.08
2024-07-25,"Paris Centre","Seller_17","Smartphone",948.78,2,41,"M","Card",1897.56
2023-07-09,"Paris Centre","Seller_1","Smartphone",448.42,1,51,"F","Cash",448.42
2024-06-09,"Nice Promenade","Seller_21","Laptop",1078.29,2,31,"M","Card",2156.58
2024-05-23,"Marseille Vieux-Port","Seller_13","Smartphone",1406.34,1,52,"M","Card",1406.34
2023-03-19,"Marseille Vieux-Port","Seller_13","Smartwatch",784.64,3,43,"F","Card",2353.92
2023-07-26,"Paris Centre","Seller_18","Earbuds",982.46,2,26,"M","Cash",1964.92
2023-12-02,"Nice Promenade","Seller_23","Smartphone",1247.02,1,25,"M","Cash",1247.02
2024-07-02,"Marseille Vieux-Port","Seller_11","Tablet",522.16,4,37,NA,"Card",2088.64
2024-06-27,"Lyon Part-Dieu","Seller_1","Smartwatch",1233.17,2,50,"F","Check",2466.34
2023-06-05,"Marseille Vieux-Port","Seller_24","Tablet",651.1,1,31,"M","Check",651.1
2023-11-14,"Nice Promenade","Seller_3","Earbuds",273.45,1,39,"F","Card",273.45
2023-04-07,"Lyon Part-Dieu","Seller_8","Tablet",403.79,1,21,"M","Card",403.79
2024-01-08,"Paris Centre","Seller_18","Tablet",426.35,2,38,"M","Card",852.7
2024-07-25,"Marseille Vieux-Port","Seller_2","Laptop",865.44,2,41,"F","Card",1730.88
2023-07-18,"Nice Promenade","Seller_6","Earbuds",1172.62,1,39,"F","Card",1172.62
2024-11-12,"Paris Centre","Seller_13","Laptop",491.46,1,39,"F","",491.46
2023-12-12,"Paris Centre","Seller_15","Laptop",194.02,4,67,"M","Card",776.08
2024-03-23,"Toulouse Capitole","Seller_9","Tablet",965.4,2,48,NA,"Card",1930.8
2024-07-17,"Lyon Part-Dieu","Seller_17","Smartwatch",449.05,1,58,"M","Check",449.05
2023-11-14,"Lyon Part-Dieu","Seller_7","Laptop",927.93,1,31,"M","Card",927.93
2023-03-17,"Toulouse Capitole","Seller_11","Tablet",930.13,1,39,"F","Card",930.13
2024-11-11,"Nice Promenade","Seller_20","Earbuds",1041.45,1,45,"F","Card",1041.45
2024-05-02,"Lyon Part-Dieu","Seller_7","Earbuds",1251.48,1,35,"F","Cash",1251.48
2023-06-19,"Lyon Part-Dieu","Seller_12","Laptop",87.03,1,24,"F","Card",87.03
2023-10-10,"Marseille Vieux-Port","Seller_14","Tablet",1161.13,1,40,"M","Cash",1161.13
2024-05-18,"Paris Centre","Seller_15","Laptop",107.11,1,28,"F","Check",107.11
2023-11-10,"Lyon Part-Dieu","Seller_7","Tablet",169.34,1,55,"F","Card",169.34
2023-12-15,"Toulouse Capitole","Seller_11","Smartphone",1339.41,2,28,"M","Card",2678.82
2023-02-13,"Paris Centre","Seller_4","Laptop",295.59,1,33,NA,"Cash",295.59
2024-04-02,"Toulouse Capitole","Seller_19","Smartphone",547.38,1,45,"F","Card",547.38
2024-11-16,"Marseille Vieux-Port","Seller_18","Laptop",1367.02,3,31,"M","Card",4101.06
2023-06-25,"Marseille Vieux-Port","Seller_18","Smartphone",55.03,1,29,"F","Card",55.03
2024-08-07,"Marseille Vieux-Port","Seller_23","Smartphone",935.49,1,16,"F","Card",935.49
2024-01-07,"Lyon Part-Dieu","Seller_16","Earbuds",488.66,2,32,"M","Cash",977.32
2023-08-22,"Paris Centre","Seller_13","Earbuds",661.24,1,32,"F","Card",661.24
2023-02-09,"Nice Promenade","Seller_21","Smartphone",1020.49,1,32,"M","Card",1020.49
2024-10-31,"Lyon Part-Dieu","Seller_17","Laptop",1001.85,1,39,"F","Card",1001.85
2023-01-20,"Marseille Vieux-Port","Seller_9","Earbuds",1351.36,1,43,"M","Card",1351.36
2024-08-29,"Toulouse Capitole","Seller_22","Smartwatch",910.8,1,35,"M","Card",910.8
2023-12-22,"Lyon Part-Dieu","Seller_15","Laptop",927,1,62,"F","Card",927
2024-08-05,"Toulouse Capitole","Seller_17","Smartwatch",1205.45,1,45,NA,"Card",1205.45
2023-10-31,"Nice Promenade","Seller_11","Laptop",201.64,2,41,"M","Cash",403.28
2023-09-19,"Toulouse Capitole","Seller_12","Tablet",495.04,1,43,"F","",495.04
2023-02-21,"Paris Centre","Seller_12","Tablet",1477.8,1,20,"M","Card",1477.8
2024-09-19,"Lyon Part-Dieu","Seller_22","Smartphone",741.18,1,33,"M","Card",741.18
2024-11-17,"Lyon Part-Dieu","Seller_9","Smartphone",1257.21,1,51,NA,"",1257.21
2023-05-16,"Paris Centre","Seller_6","Laptop",431.34,2,29,"M","Card",862.68
2023-07-13,"Nice Promenade","Seller_13","Earbuds",1274.88,2,45,"M","Card",2549.76
2024-06-01,"Toulouse Capitole","Seller_21","Earbuds",1072.63,1,32,"F","Card",1072.63
2023-10-23,"Toulouse Capitole","Seller_17","Laptop",974.53,3,36,NA,"Cash",2923.59
2023-12-03,"Marseille Vieux-Port","Seller_18","Smartphone",732.67,3,44,"F","Card",2198.01
2023-08-04,"Lyon Part-Dieu","Seller_18","Smartphone",338.68,1,47,"M","Card",338.68
2023-12-15,"Toulouse Capitole","Seller_17","Smartphone",286.26,1,28,"M","Card",286.26
2024-12-03,"Marseille Vieux-Port","Seller_14","Smartwatch",158.05,1,39,"F","Card",158.05
2024-06-21,"Lyon Part-Dieu","Seller_18","Smartphone",758.98,3,33,"M","Card",2276.94
2024-03-11,"Lyon Part-Dieu","Seller_23","Laptop",157.18,1,32,"F","Card",157.18
2024-08-24,"Marseille Vieux-Port","Seller_17","Earbuds",275.21,2,42,"M","Card",550.42
2023-01-23,"Lyon Part-Dieu","Seller_2","Smartphone",688.79,1,21,"F","Card",688.79
2024-06-08,"Toulouse Capitole","Seller_6","Tablet",513.37,1,26,"F","Card",513.37
2023-07-02,"Nice Promenade","Seller_19","Smartwatch",1039.42,1,36,"F","Card",1039.42
2024-05-06,"Nice Promenade","Seller_7","Laptop",767.23,2,38,"F","Check",1534.46
2024-09-05,"Marseille Vieux-Port","Seller_6","Smartphone",1429.97,4,46,NA,"Card",5719.88
2024-09-12,"Marseille Vieux-Port","Seller_1","Smartphone",1265.48,2,43,"F","Card",2530.96
2024-03-04,"Toulouse Capitole","Seller_20","Laptop",1249.2,1,38,"M","Cash",1249.2
2023-06-26,"Lyon Part-Dieu","Seller_21","Smartphone",748.8,1,39,"F","Cash",748.8
2024-01-16,"Paris Centre","Seller_16","Tablet",1460.66,3,38,"M","Card",4381.98
2023-10-14,"Nice Promenade","Seller_13","Laptop",1033.08,1,33,NA,"Cash",1033.08
2023-05-27,"Paris Centre","Seller_19","Earbuds",368.68,1,32,"M","Card",368.68
2023-09-19,"Lyon Part-Dieu","Seller_19","Smartwatch",968.06,5,18,NA,"Card",4840.3
2023-04-12,"Marseille Vieux-Port","Seller_6","Earbuds",540.15,1,45,"M","Card",540.15
2024-09-28,"Lyon Part-Dieu","Seller_25","Laptop",633.39,3,16,"F","Check",1900.17
2023-06-02,"Marseille Vieux-Port","Seller_3","Smartwatch",694.66,1,16,"F","Card",694.66
2023-07-29,"Lyon Part-Dieu","Seller_8","Laptop",769.31,4,56,"F","Card",3077.24
2023-10-13,"Marseille Vieux-Port","Seller_17","Smartphone",795.47,1,35,"F","Card",795.47
2024-02-02,"Nice Promenade","Seller_13","Tablet",409.25,1,49,"M","Card",409.25
2024-10-23,"Nice Promenade","Seller_17","Laptop",666.29,1,34,"M","Card",666.29
2023-04-08,"Paris Centre","Seller_2","Accessories",1415.87,1,16,"F","Card",1415.87
2023-08-02,"Marseille Vieux-Port","Seller_5","Earbuds",54.43,1,39,"F","Cash",54.43
2024-02-05,"Lyon Part-Dieu","Seller_11","Earbuds",1056.41,4,35,"F","Cash",4225.64
2023-09-14,"Toulouse Capitole","Seller_14","Laptop",460.28,2,57,"F","Card",920.56
2023-07-07,"Marseille Vieux-Port","Seller_16","Earbuds",90.48,1,49,NA,"Card",90.48
2023-09-09,"Lyon Part-Dieu","Seller_4","Smartphone",371.95,1,16,"M","Card",371.95
2023-10-17,"Paris Centre","Seller_24","Smartphone",281.69,1,42,"F","Cash",281.69
2023-01-26,"Lyon Part-Dieu","Seller_25","Tablet",700.7,1,25,"M","Card",700.7
2023-01-16,"Toulouse Capitole","Seller_7","Smartphone",463.88,2,39,"M","Card",927.76
2023-08-28,"Lyon Part-Dieu","Seller_10","Smartphone",1209.39,1,60,"F","",1209.39
2024-04-21,"Toulouse Capitole","Seller_22","Tablet",50.37,1,36,"M","Card",50.37
2024-02-14,"Lyon Part-Dieu","Seller_17","Laptop",165.5,1,23,"M","Check",165.5
2023-09-15,"Paris Centre","Seller_23","Laptop",1451.88,2,31,"F","Card",2903.76
2024-12-18,"Marseille Vieux-Port","Seller_6","Smartphone",1034.72,1,46,"F","Card",1034.72
2023-07-04,"Nice Promenade","Seller_5","Smartphone",951.29,1,23,"M","Check",951.29
2023-09-22,"Lyon Part-Dieu","Seller_15","Earbuds",410.43,1,26,"F","Card",410.43
2023-10-16,"Paris Centre","Seller_11","Laptop",372.7,1,49,"F","Cash",372.7
2023-11-08,"Paris Centre","Seller_9","Tablet",1205.57,2,39,"F","Card",2411.14
2024-04-13,"Nice Promenade","Seller_15","Earbuds",223.76,1,38,"M","Card",223.76
2024-09-07,"Toulouse Capitole","Seller_3","Smartphone",1051.07,1,44,"M","Check",1051.07
2024-08-26,"Toulouse Capitole","Seller_4","Laptop",505.94,3,34,"M","Card",1517.82
2023-01-29,"Lyon Part-Dieu","Seller_7","Earbuds",996.77,1,43,"M","Card",996.77
2023-02-06,"Toulouse Capitole","Seller_13","Earbuds",725.37,1,32,"F","Card",725.37
2024-05-09,"Toulouse Capitole","Seller_3","Smartphone",680.39,1,29,"M","Card",680.39
2024-05-15,"Toulouse Capitole","Seller_6","Laptop",896.17,3,35,"F","Card",2688.51
2024-10-18,"Marseille Vieux-Port","Seller_3","Tablet",1231.73,1,33,"F","Card",1231.73
2023-01-25,"Marseille Vieux-Port","Seller_2","Earbuds",1052.46,1,35,"M","",1052.46
2023-04-20,"Nice Promenade","Seller_7","Smartphone",323.34,4,31,NA,"Card",1293.36
2024-02-24,"Lyon Part-Dieu","Seller_25","Smartphone",307.24,1,35,NA,"Card",307.24
2024-07-14,"Nice Promenade","Seller_20","Laptop",1405.52,1,30,NA,"Card",1405.52
2023-03-21,"Nice Promenade","Seller_22","Laptop",252.2,3,33,"F","Cash",756.6
2024-08-23,"Nice Promenade","Seller_19","Tablet",835.4,1,43,"M","Card",835.4
2024-06-10,"Lyon Part-Dieu","Seller_10","Laptop",1406.29,2,29,"M","Card",2812.58
2024-06-12,"Paris Centre","Seller_11","Earbuds",916.44,1,23,NA,"Card",916.44
2024-06-06,"Paris Centre","Seller_7","Laptop",920.31,1,38,"F","Card",920.31
2023-06-12,"Lyon Part-Dieu","Seller_5","Laptop",231.72,1,41,"M","Card",231.72
2023-04-04,"Lyon Part-Dieu","Seller_23","Laptop",281.2,1,37,NA,"Card",281.2
2023-05-28,"Toulouse Capitole","Seller_8","Earbuds",129.54,1,32,"F","Card",129.54
2023-04-29,"Lyon Part-Dieu","Seller_5","Laptop",886.31,3,34,"M","Card",2658.93
2024-12-23,"Toulouse Capitole","Seller_19","Earbuds",1203.45,1,35,"M","Card",1203.45
2024-06-13,"Paris Centre","Seller_10","Smartphone",1089.74,1,16,"F","Card",1089.74
2023-10-19,"Toulouse Capitole","Seller_2","Laptop",64.31,1,18,"M","Card",64.31
2023-04-02,"Nice Promenade","Seller_12","Smartphone",1281.47,2,38,"F","",2562.94
2023-01-04,"Marseille Vieux-Port","Seller_16","Tablet",1234.79,1,27,"F","Card",1234.79
2023-06-04,"Toulouse Capitole","Seller_20","Smartwatch",704.23,1,35,"F","Cash",704.23
2023-02-02,"Toulouse Capitole","Seller_3","Smartphone",1481.88,1,30,"M","Cash",1481.88
2023-07-01,"Nice Promenade","Seller_2","Laptop",184.05,2,16,"M","Card",368.1
2023-04-02,"Lyon Part-Dieu","Seller_2","Smartphone",1073.28,2,16,"M","Card",2146.56
2023-03-11,"Paris Centre","Seller_14","Smartphone",87.68,2,47,"F","Card",175.36
2023-09-22,"Nice Promenade","Seller_24","Laptop",446.91,1,51,"F","Cash",446.91
2023-02-05,"Marseille Vieux-Port","Seller_16","Earbuds",651.17,1,45,"F","Check",651.17
2023-06-20,"Toulouse Capitole","Seller_22","Smartwatch",1107.02,2,43,"M","Card",2214.04
2024-01-03,"Toulouse Capitole","Seller_9","Accessories",1398.44,1,37,"F","Card",1398.44
2023-07-09,"Paris Centre","Seller_13","Smartphone",1411,2,23,NA,"Card",2822
2023-05-11,"Toulouse Capitole","Seller_3","Tablet",899.95,1,42,"F","Card",899.95
2023-02-28,"Toulouse Capitole","Seller_24","Smartphone",1026.28,1,35,NA,"Check",1026.28
2024-03-10,"Nice Promenade","Seller_3","Smartphone",816.13,2,43,"F","Cash",1632.26
2024-01-21,"Paris Centre","Seller_12","Tablet",262.36,1,30,NA,"Card",262.36
2024-12-25,"Marseille Vieux-Port","Seller_11","Tablet",915.9,2,58,"M","Check",1831.8
2024-10-09,"Toulouse Capitole","Seller_23","Smartwatch",619.81,2,22,"M","Card",1239.62
2023-04-09,"Paris Centre","Seller_20","Smartphone",1023.55,3,49,"F","Cash",3070.65
2023-12-25,"Toulouse Capitole","Seller_22","Tablet",1067.53,1,31,"M","Card",1067.53
2023-08-29,"Marseille Vieux-Port","Seller_11","Laptop",681.59,2,43,"M","Card",1363.18
2024-08-17,"Toulouse Capitole","Seller_9","Laptop",1160.49,2,39,"M","Check",2320.98
2023-09-02,"Lyon Part-Dieu","Seller_8","Tablet",300.56,2,27,"F","Check",601.12
2024-09-28,"Nice Promenade","Seller_20","Tablet",114.05,2,41,"F","Check",228.1
2024-01-18,"Nice Promenade","Seller_15","Laptop",138.64,2,41,"M","Check",277.28
2024-06-04,"Toulouse Capitole","Seller_1","Accessories",266.97,2,24,"M","Card",533.94
2024-07-04,"Toulouse Capitole","Seller_10","Smartphone",1217.86,1,35,"M","Card",1217.86
2023-11-01,"Toulouse Capitole","Seller_15","Earbuds",522.06,1,21,"M","Card",522.06
2023-01-15,"Nice Promenade","Seller_24","Accessories",182.87,1,54,"M","Card",182.87
2024-02-06,"Marseille Vieux-Port","Seller_14","Laptop",1458.39,1,27,"M","Card",1458.39
2023-01-20,"Nice Promenade","Seller_17","Smartphone",411.62,3,44,NA,"Card",1234.86
2023-02-05,"Nice Promenade","Seller_13","Smartphone",313.18,1,47,"M","Check",313.18
2024-06-08,"Toulouse Capitole","Seller_11","Tablet",1176.8,2,25,NA,"Card",2353.6
2023-10-01,"Nice Promenade","Seller_24","Laptop",1265.44,3,30,"F","",3796.32
2024-02-25,"Toulouse Capitole","Seller_17","Laptop",533.38,1,54,"M","Check",533.38
2024-07-10,"Nice Promenade","Seller_10","Earbuds",892.43,1,34,NA,"Cash",892.43
2024-03-11,"Lyon Part-Dieu","Seller_7","Earbuds",1000.12,1,43,NA,"Card",1000.12
2023-05-02,"Lyon Part-Dieu","Seller_15","Tablet",83.06,1,35,"M","Cash",83.06
2023-07-22,"Paris Centre","Seller_23","Smartphone",683.69,2,33,"M","Card",1367.38
2024-09-25,"Lyon Part-Dieu","Seller_5","Laptop",1360.39,1,50,"F","Cash",1360.39
2023-11-30,"Lyon Part-Dieu","Seller_22","Accessories",1420.53,1,48,"M","Card",1420.53
2024-05-10,"Marseille Vieux-Port","Seller_11","Laptop",413.73,2,24,"M","Cash",827.46
2024-08-15,"Nice Promenade","Seller_10","Tablet",822.66,1,38,"F","Card",822.66
2023-10-27,"Nice Promenade","Seller_7","Laptop",1184.16,2,17,"M","",2368.32
2023-09-11,"Nice Promenade","Seller_24","Earbuds",1433.66,1,49,"F","Card",1433.66
2024-11-26,"Lyon Part-Dieu","Seller_10","Laptop",254.5,4,28,"F","Cash",1018
2024-05-17,"Paris Centre","Seller_10","Smartphone",494.68,1,36,"M","Card",494.68
2024-04-30,"Paris Centre","Seller_3","Accessories",297.97,2,28,"M","Card",595.94
2024-04-03,"Toulouse Capitole","Seller_13","Earbuds",532.74,1,29,NA,"Cash",532.74
2024-04-02,"Lyon Part-Dieu","Seller_6","Laptop",283.93,4,30,"M","Card",1135.72
2023-11-24,"Toulouse Capitole","Seller_5","Earbuds",1091.23,1,37,"F","Card",1091.23
2023-03-25,"Lyon Part-Dieu","Seller_20","Accessories",1440.29,1,48,"F","Card",1440.29
2023-12-03,"Toulouse Capitole","Seller_16","Tablet",615.12,1,44,"M","Card",615.12
2023-04-06,"Nice Promenade","Seller_10","Laptop",845.51,2,30,"M","Card",1691.02
2023-06-26,"Paris Centre","Seller_22","Accessories",258.48,2,20,"M","",516.96
2023-12-05,"Paris Centre","Seller_19","Earbuds",828.2,1,45,NA,"Cash",828.2
2023-03-24,"Marseille Vieux-Port","Seller_7","Laptop",158.13,1,37,"M","Card",158.13
2024-11-05,"Paris Centre","Seller_8","Smartphone",428.39,1,35,"M","",428.39
2024-07-07,"Marseille Vieux-Port","Seller_4","Smartphone",89.2,4,35,"M","Card",356.8
2024-01-15,"Toulouse Capitole","Seller_24","Laptop",945.73,3,37,"M","Card",2837.19
2024-11-01,"Toulouse Capitole","Seller_13","Smartphone",117.89,1,48,"F","Cash",117.89
2023-03-25,"Lyon Part-Dieu","Seller_20","Smartphone",238.62,1,26,"F","",238.62
2024-04-03,"Nice Promenade","Seller_25","Laptop",800.47,2,32,"F","Cash",1600.94
2024-09-03,"Toulouse Capitole","Seller_17","Earbuds",81.3,2,30,"F","Cash",162.6
2024-03-26,"Lyon Part-Dieu","Seller_18","Smartphone",119.87,2,26,"F","Card",239.74
2023-02-09,"Paris Centre","Seller_23","Laptop",1123.95,1,40,"M","Card",1123.95
2024-07-12,"Lyon Part-Dieu","Seller_23","Laptop",472.91,1,31,"F","Card",472.91
2024-05-17,"Toulouse Capitole","Seller_4","Laptop",171.87,1,16,"F","Card",171.87
2023-01-10,"Marseille Vieux-Port","Seller_10","Smartwatch",455.8,1,23,"F","Card",455.8
2023-11-02,"Paris Centre","Seller_14","Earbuds",1333.58,1,43,"F","Card",1333.58
2023-10-11,"Lyon Part-Dieu","Seller_20","Tablet",767.6,3,22,"F","Card",2302.8
2024-12-02,"Nice Promenade","Seller_8","Tablet",650.42,1,33,"F","Card",650.42
2024-11-16,"Marseille Vieux-Port","Seller_5","Smartphone",225,3,25,NA,"Check",675
2024-01-14,"Marseille Vieux-Port","Seller_13","Tablet",479.53,1,24,"F","Card",479.53
2023-06-08,"Marseille Vieux-Port","Seller_8","Smartphone",266.12,1,35,"M","Card",266.12
2024-12-17,"Lyon Part-Dieu","Seller_14","Accessories",383.31,1,36,"M","Card",383.31
2024-10-28,"Lyon Part-Dieu","Seller_4","Earbuds",685.83,1,16,"F","Card",685.83
2023-02-23,"Marseille Vieux-Port","Seller_5","Tablet",1484.94,1,40,"F","Card",1484.94
2024-05-04,"Toulouse Capitole","Seller_18","Laptop",757.07,1,36,"F","Card",757.07
2024-08-22,"Toulouse Capitole","Seller_21","Accessories",552.39,2,38,"F","Cash",1104.78
2023-08-20,"Toulouse Capitole","Seller_21","Earbuds",1154.08,1,40,"M","Card",1154.08
2024-09-09,"Lyon Part-Dieu","Seller_2","Laptop",84.52,4,38,"M","Card",338.08
2024-06-16,"Toulouse Capitole","Seller_9","Earbuds",227.32,1,29,"M","Card",227.32
2024-02-19,"Paris Centre","Seller_23","Tablet",488.98,3,33,"F","",1466.94
2024-07-06,"Paris Centre","Seller_12","Earbuds",1226.45,1,30,"M","Check",1226.45
2023-12-25,"Lyon Part-Dieu","Seller_16","Smartphone",1347.53,1,26,"F","Card",1347.53
2023-03-07,"Lyon Part-Dieu","Seller_16","Tablet",851.51,1,19,"F","Card",851.51
2024-12-09,"Lyon Part-Dieu","Seller_1","Laptop",1240.15,2,55,"M","Card",2480.3
2023-03-06,"Toulouse Capitole","Seller_24","Earbuds",1371.36,1,30,"F","Card",1371.36
2024-07-20,"Paris Centre","Seller_10","Earbuds",1177.18,2,41,"F","Card",2354.36
2024-09-04,"Toulouse Capitole","Seller_20","Laptop",1323.78,2,35,"F","Card",2647.56
2024-12-05,"Toulouse Capitole","Seller_14","Tablet",1167.26,1,39,"M","",1167.26
2023-09-19,"Toulouse Capitole","Seller_11","Earbuds",1435.71,2,46,"M","Card",2871.42
2023-12-29,"Marseille Vieux-Port","Seller_14","Earbuds",1036.91,3,16,"M","Cash",3110.73
2023-05-27,"Lyon Part-Dieu","Seller_3","Tablet",580.53,1,42,"M","Card",580.53
2024-09-18,"Nice Promenade","Seller_8","Laptop",389.57,1,47,"F","Check",389.57
2023-06-23,"Nice Promenade","Seller_21","Tablet",1437.93,1,34,"F","Card",1437.93
2024-07-19,"Paris Centre","Seller_18","Laptop",1342.67,1,47,"F","Card",1342.67
2023-03-31,"Paris Centre","Seller_11","Smartphone",1091.03,1,20,NA,"Card",1091.03
2023-08-20,"Marseille Vieux-Port","Seller_9","Earbuds",224.29,2,24,NA,"Card",448.58
2023-04-03,"Paris Centre","Seller_6","Laptop",1230.96,2,46,"F","Card",2461.92
2023-08-27,"Marseille Vieux-Port","Seller_5","Laptop",1114.81,1,38,NA,"Cash",1114.81
2023-07-20,"Marseille Vieux-Port","Seller_24","Laptop",369.34,2,30,"M","Card",738.68
2023-06-08,"Paris Centre","Seller_6","Tablet",423.69,1,22,"F","Card",423.69
2024-02-27,"Paris Centre","Seller_11","Tablet",541.77,1,16,"F","Card",541.77
2023-05-05,"Paris Centre","Seller_25","Smartwatch",715.34,1,27,"M","Card",715.34
2023-08-18,"Toulouse Capitole","Seller_16","Laptop",333.43,1,33,"M","Cash",333.43
2023-08-16,"Paris Centre","Seller_15","Smartphone",247.64,1,51,NA,"Card",247.64
2023-08-18,"Toulouse Capitole","Seller_12","Laptop",1186.73,1,40,"M","Check",1186.73
2024-09-23,"Nice Promenade","Seller_18","Smartphone",270.17,2,27,"M","Card",540.34
2023-07-01,"Paris Centre","Seller_10","Smartphone",1397.79,2,27,"F","Cash",2795.58
2024-04-01,"Paris Centre","Seller_12","Tablet",1487.41,2,64,"F","Card",2974.82
2023-09-08,"Nice Promenade","Seller_9","Smartphone",995.74,1,32,"F","Card",995.74
2023-07-07,"Lyon Part-Dieu","Seller_2","Smartphone",179.39,1,42,"M","Check",179.39
2024-05-24,"Toulouse Capitole","Seller_14","Tablet",449.27,2,40,"M","Cash",898.54
2024-07-19,"Toulouse Capitole","Seller_16","Smartphone",1451.39,2,55,"F","Cash",2902.78
2024-01-23,"Paris Centre","Seller_10","Tablet",1118.7,2,22,NA,"",2237.4
2023-03-13,"Paris Centre","Seller_20","Laptop",628.78,1,45,"F","Card",628.78
2024-12-16,"Paris Centre","Seller_8","Laptop",1030.68,3,26,"F","Card",3092.04
2023-06-11,"Paris Centre","Seller_22","Laptop",480.06,4,16,"M","Card",1920.24
2024-01-12,"Nice Promenade","Seller_12","Smartphone",1427.97,2,45,"F","Card",2855.94
2024-08-08,"Marseille Vieux-Port","Seller_20","Laptop",387.89,1,28,"M","Check",387.89
2024-03-11,"Paris Centre","Seller_16","Tablet",900.22,1,45,"M","Cash",900.22
2023-12-19,"Paris Centre","Seller_2","Tablet",878.66,1,51,"M","Card",878.66
2023-02-14,"Marseille Vieux-Port","Seller_15","Tablet",279.27,2,28,"F","Card",558.54
2023-07-05,"Nice Promenade","Seller_3","Earbuds",328.22,1,46,"F","Check",328.22
2024-04-01,"Paris Centre","Seller_14","Laptop",444.21,3,21,"M","Card",1332.63
2024-03-28,"Toulouse Capitole","Seller_2","Smartwatch",160.63,1,43,"M","Card",160.63
2024-06-30,"Paris Centre","Seller_23","Smartphone",777.11,1,39,"F","Check",777.11
2024-07-20,"Toulouse Capitole","Seller_10","Earbuds",426.01,1,36,"M","Card",426.01
2023-01-07,"Nice Promenade","Seller_16","Tablet",544.75,1,39,NA,"Cash",544.75
2024-05-29,"Nice Promenade","Seller_3","Accessories",508.23,4,46,"F","Card",2032.92
2023-10-25,"Lyon Part-Dieu","Seller_18","Tablet",566.86,1,27,"F","Card",566.86
2023-05-04,"Lyon Part-Dieu","Seller_7","Smartphone",1341.21,1,45,NA,"Card",1341.21
2023-02-28,"Lyon Part-Dieu","Seller_8","Laptop",1104.86,2,17,"M","Card",2209.72
2024-07-25,"Toulouse Capitole","Seller_10","Laptop",935.87,2,16,"M","Card",1871.74
2023-04-23,"Nice Promenade","Seller_10","Tablet",550.6,1,30,"M","Card",550.6
2023-07-15,"Nice Promenade","Seller_23","Smartphone",642.66,1,51,NA,"Card",642.66
2024-07-14,"Nice Promenade","Seller_21","Smartphone",847.19,2,31,"F","Cash",1694.38
2024-09-29,"Lyon Part-Dieu","Seller_11","Tablet",418.04,1,44,"F","Card",418.04
2023-11-11,"Marseille Vieux-Port","Seller_24","Smartphone",1074.7,1,59,"M","Check",1074.7
2024-10-03,"Toulouse Capitole","Seller_10","Tablet",789.67,1,39,"M","Card",789.67
2023-11-20,"Paris Centre","Seller_3","Laptop",915.45,1,52,"M","Card",915.45
2023-03-30,"Nice Promenade","Seller_19","Laptop",392.78,1,32,"M","Card",392.78
2023-07-06,"Lyon Part-Dieu","Seller_24","Earbuds",1483.87,4,16,"M","Card",5935.48
2024-10-18,"Marseille Vieux-Port","Seller_1","Smartphone",305.21,1,29,"M","Card",305.21
2024-01-12,"Lyon Part-Dieu","Seller_23","Laptop",195.29,2,32,"M","Check",390.58
2023-06-26,"Toulouse Capitole","Seller_13","Smartphone",643.83,1,50,"M","Check",643.83
2024-03-28,"Paris Centre","Seller_12","Tablet",1454.21,1,30,"F","",1454.21
2023-10-06,"Lyon Part-Dieu","Seller_24","Laptop",1114.61,2,17,"F","Card",2229.22
2024-07-03,"Toulouse Capitole","Seller_6","Earbuds",1047.23,1,19,"M","Card",1047.23
2024-02-16,"Nice Promenade","Seller_4","Smartwatch",1464.55,3,40,NA,"Card",4393.65
2024-06-30,"Nice Promenade","Seller_20","Smartphone",225.01,2,47,"F","Card",450.02
2023-07-08,"Nice Promenade","Seller_1","Tablet",511.65,2,41,"F","Check",1023.3
2023-03-10,"Lyon Part-Dieu","Seller_14","Smartphone",1181.87,1,59,"M","Cash",1181.87
2024-10-09,"Toulouse Capitole","Seller_3","Smartphone",634.35,2,41,"M","Cash",1268.7
2023-12-19,"Nice Promenade","Seller_10","Smartphone",1018.51,2,22,NA,"Card",2037.02
2023-07-03,"Paris Centre","Seller_2","Earbuds",170.35,2,16,"M","Card",340.7
2024-04-17,"Toulouse Capitole","Seller_2","Tablet",980.43,2,50,"F","Card",1960.86
2024-04-09,"Nice Promenade","Seller_1","Smartphone",1240.13,1,50,"M","Card",1240.13
2023-07-12,"Nice Promenade","Seller_23","Smartphone",497.11,4,56,"F","Card",1988.44
2023-06-15,"Paris Centre","Seller_11","Smartphone",330.45,3,32,"M","Card",991.35
2023-06-26,"Nice Promenade","Seller_10","Accessories",595.07,3,27,"M","Cash",1785.21
2023-10-31,"Lyon Part-Dieu","Seller_13","Earbuds",738.29,2,35,"M","Cash",1476.58
2024-09-10,"Paris Centre","Seller_19","Smartphone",748.32,2,45,NA,"Card",1496.64
2024-03-30,"Lyon Part-Dieu","Seller_8","Smartwatch",732.78,2,28,"M","",1465.56
2024-02-13,"Toulouse Capitole","Seller_13","Tablet",698.32,4,33,"M","Card",2793.28
2024-08-29,"Paris Centre","Seller_5","Laptop",670.82,1,28,NA,"Card",670.82
2024-02-14,"Nice Promenade","Seller_23","Laptop",184.11,2,26,"M","Cash",368.22
2023-11-22,"Paris Centre","Seller_2","Earbuds",253.48,1,31,"M","Cash",253.48
2024-06-20,"Lyon Part-Dieu","Seller_11","Laptop",1305.95,1,43,"M","Card",1305.95
2024-02-16,"Lyon Part-Dieu","Seller_14","Tablet",134.89,3,31,"F","Check",404.67
2024-09-14,"Toulouse Capitole","Seller_20","Smartphone",1424.42,1,26,"F","Cash",1424.42
2023-04-14,"Paris Centre","Seller_25","Tablet",1394.83,1,30,"F","Check",1394.83
2024-08-21,"Lyon Part-Dieu","Seller_6","Tablet",168.2,3,26,"F","Cash",504.6
2023-11-20,"Marseille Vieux-Port","Seller_14","Laptop",695.97,2,36,"M","Card",1391.94
2023-02-16,"Nice Promenade","Seller_5","Tablet",559.16,1,46,"F","Cash",559.16
2024-11-06,"Lyon Part-Dieu","Seller_12","Smartwatch",1038.6,1,27,NA,"Card",1038.6
2023-04-03,"Toulouse Capitole","Seller_24","Accessories",1165.33,1,39,"M","Card",1165.33
2024-07-08,"Nice Promenade","Seller_25","Smartphone",494.82,1,36,"M","Cash",494.82
2023-10-20,"Nice Promenade","Seller_13","Laptop",408.06,1,37,"M","Card",408.06
2023-10-24,"Nice Promenade","Seller_8","Smartphone",493.71,3,27,"F","Card",1481.13
2024-12-13,"Toulouse Capitole","Seller_18","Smartphone",1050.18,2,34,"F","Card",2100.36
2023-06-18,"Paris Centre","Seller_12","Tablet",751.17,2,51,"M","Check",1502.34
2023-11-21,"Nice Promenade","Seller_8","Laptop",1418.87,1,37,NA,"Card",1418.87
2023-04-07,"Marseille Vieux-Port","Seller_21","Smartphone",691.8,3,19,"F","Card",2075.4
2023-08-29,"Nice Promenade","Seller_4","Laptop",291.51,1,34,"F","Check",291.51
2023-07-01,"Nice Promenade","Seller_20","Smartphone",956.85,1,28,"M","Cash",956.85
2024-06-17,"Toulouse Capitole","Seller_8","Smartphone",739.68,1,23,"F","Check",739.68
2023-03-16,"Nice Promenade","Seller_3","Tablet",96.02,2,25,"F","Card",192.04
2023-04-15,"Nice Promenade","Seller_19","Smartphone",900.28,2,26,"F","Card",1800.56
2024-08-20,"Toulouse Capitole","Seller_13","Laptop",817.55,3,19,"M","Card",2452.65
2023-11-30,"Paris Centre","Seller_18","Tablet",123.29,2,22,"F","Card",246.58
2024-10-08,"Toulouse Capitole","Seller_14","Laptop",328.33,1,51,"M","Card",328.33
2024-03-23,"Lyon Part-Dieu","Seller_10","Laptop",691.02,1,26,"M","Cash",691.02
2024-12-08,"Marseille Vieux-Port","Seller_16","Tablet",1352.05,1,27,"M","Cash",1352.05
2024-03-01,"Toulouse Capitole","Seller_5","Earbuds",471.5,3,42,"M","Card",1414.5
2024-02-06,"Marseille Vieux-Port","Seller_22","Earbuds",763.11,1,26,NA,"Card",763.11
2023-03-30,"Toulouse Capitole","Seller_13","Tablet",1096.06,1,41,NA,"Card",1096.06
2024-07-10,"Nice Promenade","Seller_12","Tablet",653.39,1,34,"M","Card",653.39
2024-11-08,"Paris Centre","Seller_19","Smartphone",1392.76,2,36,"M","Card",2785.52
2024-12-09,"Marseille Vieux-Port","Seller_4","Smartphone",888.01,1,37,"M","Card",888.01
2023-02-10,"Paris Centre","Seller_24","Smartwatch",474.88,3,37,NA,"Cash",1424.64
2024-11-15,"Paris Centre","Seller_5","Laptop",545.33,1,21,"M","Card",545.33
2023-10-24,"Lyon Part-Dieu","Seller_24","Earbuds",721.59,1,50,"M","Card",721.59
2023-07-30,"Nice Promenade","Seller_19","Earbuds",172.42,1,45,"F","Card",172.42
2023-02-16,"Lyon Part-Dieu","Seller_21","Tablet",730.1,2,62,"F","Card",1460.2
2024-11-02,"Nice Promenade","Seller_6","Tablet",69.84,2,37,"F","Card",139.68
2023-03-01,"Toulouse Capitole","Seller_7","Smartphone",1239.02,1,47,NA,"",1239.02
2024-03-27,"Lyon Part-Dieu","Seller_24","Smartphone",338.17,2,21,"M","Card",676.34
2023-05-20,"Marseille Vieux-Port","Seller_9","Smartphone",1216.2,1,20,"F","Cash",1216.2
2024-02-25,"Nice Promenade","Seller_16","Smartphone",115.03,1,48,"M","Card",115.03
2023-10-31,"Nice Promenade","Seller_13","Tablet",288.45,1,24,"F","Card",288.45
2023-01-24,"Lyon Part-Dieu","Seller_8","Smartphone",252.8,1,51,"F","Card",252.8
2023-10-06,"Marseille Vieux-Port","Seller_7","Tablet",242.31,2,45,"F","Card",484.62
2023-01-26,"Marseille Vieux-Port","Seller_24","Smartphone",1055.61,1,27,"M","Check",1055.61
2023-02-09,"Nice Promenade","Seller_17","Earbuds",497.05,1,33,"F","Card",497.05
2024-02-07,"Lyon Part-Dieu","Seller_6","Laptop",239.2,1,42,"M","Card",239.2
2024-07-11,"Toulouse Capitole","Seller_17","Smartphone",182.9,1,24,"M","Card",182.9
2024-01-07,"Lyon Part-Dieu","Seller_9","Smartphone",1218.85,1,24,"M","Card",1218.85
2024-04-04,"Lyon Part-Dieu","Seller_25","Accessories",982.64,1,44,"M","Cash",982.64
2023-09-06,"Marseille Vieux-Port","Seller_20","Tablet",1147.83,1,42,"F","Card",1147.83
2023-10-18,"Toulouse Capitole","Seller_8","Laptop",433.9,1,28,"F","Check",433.9
2023-10-23,"Paris Centre","Seller_20","Earbuds",987.08,1,33,"M","Check",987.08
2023-05-07,"Paris Centre","Seller_20","Laptop",1040.37,1,40,"M","Card",1040.37
2024-11-03,"Paris Centre","Seller_9","Accessories",187.18,2,16,"F","Card",374.36
2023-07-28,"Marseille Vieux-Port","Seller_7","Tablet",1369.51,3,21,"M","Card",4108.53
2024-11-01,"Nice Promenade","Seller_7","Laptop",449.16,4,56,"F","Cash",1796.64
2023-08-24,"Nice Promenade","Seller_10","Tablet",1008.93,1,28,"F","Card",1008.93
2024-11-18,"Lyon Part-Dieu","Seller_19","Tablet",768.85,1,39,"F","Check",768.85
2024-12-05,"Nice Promenade","Seller_24","Smartphone",112.9,3,44,NA,"Card",338.7
2023-12-25,"Marseille Vieux-Port","Seller_12","Tablet",369.69,2,16,NA,"Card",739.38
2024-02-02,"Toulouse Capitole","Seller_1","Smartphone",1106.3,2,39,"F","Card",2212.6
2024-11-23,"Nice Promenade","Seller_24","Smartwatch",996.98,1,29,NA,"Card",996.98
2023-06-01,"Paris Centre","Seller_10","Smartphone",1161.24,3,37,"F","Cash",3483.72
2024-02-15,"Lyon Part-Dieu","Seller_12","Earbuds",891.84,1,21,"M","Check",891.84
2024-09-07,"Toulouse Capitole","Seller_15","Smartphone",457.19,2,32,"M","Card",914.38
2024-11-16,"Paris Centre","Seller_16","Accessories",238.51,1,32,"M","Card",238.51
2024-03-24,"Paris Centre","Seller_17","Tablet",87.91,1,23,"F","Card",87.91
2024-02-18,"Lyon Part-Dieu","Seller_22","Smartphone",839.37,1,31,"F","Card",839.37
2023-03-20,"Paris Centre","Seller_4","Earbuds",677.38,1,38,"F","Card",677.38
2024-01-05,"Nice Promenade","Seller_12","Smartphone",521.66,2,32,"F","Cash",1043.32
2023-02-18,"Marseille Vieux-Port","Seller_16","Smartphone",196.71,3,17,"M","Card",590.13
2024-05-05,"Paris Centre","Seller_4","Smartphone",210.27,1,25,"M","Card",210.27
2024-04-26,"Toulouse Capitole","Seller_16","Smartphone",469.4,1,19,"F","Card",469.4
2024-02-20,"Lyon Part-Dieu","Seller_13","Earbuds",288.7,2,40,"M","Check",577.4
2024-07-08,"Nice Promenade","Seller_16","Laptop",680.55,2,44,"F","Card",1361.1
2023-03-09,"Paris Centre","Seller_22","Laptop",1486.38,1,31,"M","Card",1486.38
2024-03-27,"Toulouse Capitole","Seller_1","Smartphone",590.79,1,36,"F","Card",590.79
2023-02-16,"Nice Promenade","Seller_15","Smartphone",392.17,1,66,"M","Card",392.17
2023-09-28,"Lyon Part-Dieu","Seller_15","Laptop",1424.45,3,40,"F","Card",4273.35
2024-10-28,"Toulouse Capitole","Seller_17","Tablet",347.89,1,32,NA,"Card",347.89
2023-11-21,"Lyon Part-Dieu","Seller_14","Earbuds",1098.1,2,35,"M","Card",2196.2
2024-12-09,"Marseille Vieux-Port","Seller_3","Smartphone",733.45,5,41,"M","Card",3667.25
2023-12-13,"Marseille Vieux-Port","Seller_21","Smartphone",1477.92,1,25,"M","Card",1477.92
2023-07-31,"Paris Centre","Seller_16","Laptop",727.85,1,53,"F","Cash",727.85
2024-04-15,"Marseille Vieux-Port","Seller_7","Laptop",778,2,47,"F","Card",1556
2024-06-10,"Nice Promenade","Seller_6","Accessories",850.66,3,38,"F","Card",2551.98
2023-03-01,"Lyon Part-Dieu","Seller_9","Smartphone",505.43,1,40,"M","Card",505.43
2023-05-16,"Lyon Part-Dieu","Seller_3","Smartphone",754.14,2,34,"F","Card",1508.28
2024-05-27,"Toulouse Capitole","Seller_9","Tablet",1324.86,1,36,"F","Card",1324.86
2024-12-23,"Paris Centre","Seller_12","Tablet",320.6,1,23,"F","Card",320.6
2024-05-04,"Toulouse Capitole","Seller_3","Earbuds",509.3,1,31,"M","Card",509.3
2024-06-22,"Nice Promenade","Seller_17","Tablet",NA,3,39,"F","Card",NA
2023-10-23,"Nice Promenade","Seller_19","Earbuds",969.27,1,52,"M","Card",969.27
2023-04-27,"Lyon Part-Dieu","Seller_9","Earbuds",1212.67,1,36,"F","Card",1212.67
2023-10-11,"Lyon Part-Dieu","Seller_11","Smartphone",365.83,2,34,"F","Cash",731.66
2023-11-15,"Lyon Part-Dieu","Seller_17","Earbuds",924.09,2,51,"M","Card",1848.18
2023-10-05,"Toulouse Capitole","Seller_7","Laptop",403.34,2,55,"F","Card",806.68
2024-07-31,"Paris Centre","Seller_18","Accessories",1413.53,1,16,"F","Card",1413.53
2023-08-16,"Toulouse Capitole","Seller_13","Laptop",777.88,3,55,"M","Cash",2333.64
2024-05-24,"Paris Centre","Seller_6","Smartphone",340.13,1,37,"M","Card",340.13
2023-01-10,"Toulouse Capitole","Seller_24","Smartphone",1223.87,1,26,"F","Cash",1223.87
2024-03-23,"Toulouse Capitole","Seller_1","Laptop",406.01,1,23,"F","",406.01
2024-01-07,"Toulouse Capitole","Seller_21","Smartphone",646.62,1,32,NA,"Card",646.62
2023-05-18,"Paris Centre","Seller_16","Tablet",128.5,2,41,"M","Card",257
2024-06-15,"Nice Promenade","Seller_18","Smartwatch",649.12,1,43,"F","Card",649.12
2024-11-22,"Toulouse Capitole","Seller_24","Laptop",1075.79,1,60,"F","Card",1075.79
2023-03-29,"Lyon Part-Dieu","Seller_12","Laptop",1160.82,3,31,"M","Card",3482.46
2024-08-11,"Toulouse Capitole","Seller_23","Earbuds",318.86,2,38,"F","Cash",637.72
2023-07-06,"Marseille Vieux-Port","Seller_19","Smartphone",267.74,3,38,"M","Card",803.22
2024-02-04,"Nice Promenade","Seller_19","Tablet",1364.21,1,39,"M","Card",1364.21
2023-04-27,"Lyon Part-Dieu","Seller_25","Smartphone",553.82,5,51,"M","Card",2769.1
2024-10-27,"Nice Promenade","Seller_11","Earbuds",1055.38,3,16,"F","Card",3166.14
2023-06-13,"Nice Promenade","Seller_8","Tablet",1083.42,1,16,"M","Card",1083.42
2023-07-01,"Paris Centre","Seller_3","Tablet",496,1,22,"M","Card",496
2024-09-21,"Toulouse Capitole","Seller_13","Smartphone",671.21,2,16,"F","Card",1342.42
2023-09-27,"Nice Promenade","Seller_14","Smartphone",1336.95,1,37,NA,"Card",1336.95
2024-12-24,"Marseille Vieux-Port","Seller_24","Laptop",1490.76,3,35,"F","Card",4472.28
2024-10-11,"Paris Centre","Seller_16","Earbuds",519.17,1,29,"F","Card",519.17
2023-02-03,"Paris Centre","Seller_18","Laptop",496.67,2,30,"F","",993.34
2023-07-25,"Nice Promenade","Seller_18","Laptop",1418.15,1,22,"M","",1418.15
2024-03-15,"Marseille Vieux-Port","Seller_4","Smartphone",1131,2,16,"F","Check",2262
2023-06-14,"Lyon Part-Dieu","Seller_18","Smartphone",313.7,2,44,"F","Card",627.4
2024-01-31,"Marseille Vieux-Port","Seller_7","Tablet",801.59,1,32,"M","Card",801.59
2023-12-07,"Marseille Vieux-Port","Seller_12","Laptop",217.51,1,38,"F","Card",217.51
2024-08-24,"Marseille Vieux-Port","Seller_20","Accessories",714.51,2,48,"F","Card",1429.02
2024-01-18,"Marseille Vieux-Port","Seller_14","Smartphone",554.19,4,34,"M","Card",2216.76
2023-02-19,"Nice Promenade","Seller_24","Laptop",225.31,2,40,"F","",450.62
2023-01-30,"Marseille Vieux-Port","Seller_24","Laptop",1212.69,1,16,"M","Check",1212.69
2023-09-22,"Lyon Part-Dieu","Seller_23","Accessories",158.12,1,33,"F","Card",158.12
2024-07-10,"Paris Centre","Seller_7","Laptop",967.23,2,57,"M","Card",1934.46
2023-11-28,"Marseille Vieux-Port","Seller_13","Smartphone",420.71,4,28,"M","Cash",1682.84
2024-11-03,"Toulouse Capitole","Seller_19","Accessories",463.45,1,34,"F","Card",463.45
2024-11-14,"Nice Promenade","Seller_24","Earbuds",396.31,1,16,"F","Card",396.31
2023-11-29,"Paris Centre","Seller_10","Earbuds",261.58,1,37,NA,"Card",261.58
2023-01-06,"Lyon Part-Dieu","Seller_10","Laptop",1067.5,1,45,"M","Card",1067.5
2024-10-15,"Nice Promenade","Seller_24","Laptop",271.12,2,28,NA,"",542.24
2023-10-05,"Paris Centre","Seller_9","Smartphone",1092.24,1,36,"F","Check",1092.24
2023-05-11,"Nice Promenade","Seller_13","Smartphone",1404.45,1,25,NA,"Check",1404.45
2023-05-03,"Marseille Vieux-Port","Seller_9","Smartphone",359.72,1,27,"M","Check",359.72
2023-03-17,"Nice Promenade","Seller_13","Tablet",613.54,1,49,"F","Card",613.54
2023-08-28,"Paris Centre","Seller_1","Laptop",527.13,1,35,"M","Card",527.13
2023-02-17,"Lyon Part-Dieu","Seller_12","Tablet",378.51,1,55,"F","Card",378.51
2023-01-18,"Toulouse Capitole","Seller_10","Smartwatch",337.54,1,44,"M","Card",337.54
2024-12-10,"Paris Centre","Seller_12","Accessories",143.31,3,33,"M","Card",429.93
2023-07-02,"Paris Centre","Seller_11","Laptop",1034.24,1,42,"M","Card",1034.24
2023-09-25,"Nice Promenade","Seller_12","Accessories",197.93,2,32,NA,"Card",395.86
2024-02-26,"Lyon Part-Dieu","Seller_2","Smartphone",1033.43,1,16,"M","Card",1033.43
2024-07-19,"Marseille Vieux-Port","Seller_21","Laptop",1436.35,2,24,"M","Card",2872.7
2023-11-11,"Nice Promenade","Seller_15","Tablet",1461.22,1,26,"M","Card",1461.22
2023-08-07,"Nice Promenade","Seller_17","Accessories",1051.87,1,36,"M","Card",1051.87
2024-01-30,"Marseille Vieux-Port","Seller_23","Earbuds",606.18,1,43,"M","Card",606.18
2023-06-09,"Marseille Vieux-Port","Seller_23","Accessories",1135.54,1,18,"M","Card",1135.54
2024-03-16,"Lyon Part-Dieu","Seller_8","Smartphone",642.59,1,35,"F","Card",642.59
2024-03-27,"Lyon Part-Dieu","Seller_5","Laptop",527.25,2,41,"F","Card",1054.5
2024-11-10,"Marseille Vieux-Port","Seller_19","Smartphone",1274.34,1,38,"M","Card",1274.34
2023-10-31,"Lyon Part-Dieu","Seller_21","Laptop",681.62,1,26,"F","Card",681.62
2024-10-06,"Paris Centre","Seller_6","Accessories",519.2,3,24,"F","Cash",1557.6
2023-10-09,"Nice Promenade","Seller_8","Earbuds",620.92,1,41,"M","Cash",620.92
2023-05-30,"Toulouse Capitole","Seller_16","Smartphone",202.84,2,57,"F","Card",405.68
2023-01-03,"Lyon Part-Dieu","Seller_25","Laptop",88.43,1,30,"F","Cash",88.43
2023-05-19,"Marseille Vieux-Port","Seller_24","Laptop",648.44,1,16,"F","Card",648.44
2023-04-16,"Nice Promenade","Seller_16","Earbuds",627.23,2,28,"M","Cash",1254.46
2023-09-06,"Toulouse Capitole","Seller_16","Laptop",526.01,1,45,"F","Card",526.01
2024-06-11,"Marseille Vieux-Port","Seller_16","Earbuds",1343.28,3,16,"M","Card",4029.84
2024-05-09,"Marseille Vieux-Port","Seller_2","Tablet",1481.77,1,48,"F","Card",1481.77
2024-10-13,"Nice Promenade","Seller_4","Tablet",1287.75,1,30,NA,"Card",1287.75
2023-04-28,"Marseille Vieux-Port","Seller_19","Earbuds",257.05,1,36,"M","Card",257.05
2023-11-10,"Toulouse Capitole","Seller_10","Tablet",362.23,4,58,"M","Card",1448.92
2023-04-14,"Toulouse Capitole","Seller_10","Earbuds",902.19,3,38,"F","Card",2706.57
2023-08-21,"Toulouse Capitole","Seller_4","Smartphone",425.72,1,37,"M","Card",425.72
2023-10-11,"Lyon Part-Dieu","Seller_16","Laptop",1306.06,1,33,NA,"Cash",1306.06
2023-04-18,"Paris Centre","Seller_13","Tablet",821.62,4,41,"F","",3286.48
2023-03-05,"Lyon Part-Dieu","Seller_22","Smartphone",640.78,1,35,"M","Card",640.78
2024-12-11,"Paris Centre","Seller_8","Tablet",1187.44,1,25,"F","Check",1187.44
2024-06-29,"Marseille Vieux-Port","Seller_24","Laptop",636.02,1,23,NA,"Card",636.02
2024-02-05,"Marseille Vieux-Port","Seller_7","Tablet",1333.68,2,16,"F","Card",2667.36
2023-01-30,"Marseille Vieux-Port","Seller_9","Smartphone",936.67,1,44,"F","Card",936.67
2024-09-25,"Marseille Vieux-Port","Seller_19","Tablet",1394.61,1,58,"M","Card",1394.61
2023-05-09,"Marseille Vieux-Port","Seller_22","Tablet",1356.7,2,31,"M","",2713.4
2023-09-19,"Paris Centre","Seller_12","Tablet",138.51,2,20,"M","Card",277.02
2024-01-25,"Paris Centre","Seller_14","Smartphone",154.75,1,36,"M","Card",154.75
2023-10-09,"Marseille Vieux-Port","Seller_14","Smartphone",1041.54,1,39,"M","Card",1041.54
2024-08-14,"Nice Promenade","Seller_16","Earbuds",1454.49,2,21,"F","Card",2908.98
2023-11-28,"Nice Promenade","Seller_18","Tablet",821.31,1,16,"M","Cash",821.31
2024-12-12,"Marseille Vieux-Port","Seller_13","Smartphone",1161.34,1,34,"F","Card",1161.34
2023-02-09,"Nice Promenade","Seller_16","Smartwatch",580.46,1,66,"M","Card",580.46
2023-01-19,"Marseille Vieux-Port","Seller_7","Laptop",573.19,1,46,"F","Card",573.19
2024-07-08,"Marseille Vieux-Port","Seller_4","Earbuds",893.16,1,31,"M","Card",893.16
2024-07-11,"Paris Centre","Seller_14","Smartphone",699.79,1,33,"M","Card",699.79
2024-08-01,"Paris Centre","Seller_10","Laptop",1191.09,1,25,"M","Check",1191.09
2024-08-04,"Marseille Vieux-Port","Seller_6","Tablet",1250.03,3,24,"F","Check",3750.09
2023-01-22,"Paris Centre","Seller_15","Smartphone",1214.96,4,32,"F","",4859.84
2023-02-24,"Marseille Vieux-Port","Seller_18","Smartwatch",1239.55,1,44,"M","Card",1239.55
2024-12-18,"Nice Promenade","Seller_25","Smartphone",1070.71,2,31,"F","Card",2141.42
2023-08-10,"Toulouse Capitole","Seller_16","Earbuds",1428.63,1,36,"M","Card",1428.63
2024-08-11,"Toulouse Capitole","Seller_21","Laptop",192.8,4,48,"M","Card",771.2
2023-12-26,"Paris Centre","Seller_4","Earbuds",670.7,2,49,"F","Card",1341.4
2023-07-09,"Toulouse Capitole","Seller_23","Smartphone",263.68,1,44,"M","Card",263.68
2023-07-24,"Lyon Part-Dieu","Seller_24","Laptop",1374.87,1,21,"F","Card",1374.87
2024-04-01,"Marseille Vieux-Port","Seller_24","Laptop",402.59,2,33,"M","Card",805.18
2023-09-29,"Marseille Vieux-Port","Seller_15","Tablet",371.35,1,28,"F","Card",371.35
2024-06-20,"Nice Promenade","Seller_17","Smartphone",1077.3,1,40,"M","Card",1077.3
2024-11-15,"Paris Centre","Seller_20","Smartphone",189.05,1,22,"M","Card",189.05
2024-04-09,"Marseille Vieux-Port","Seller_16","Smartphone",953.1,2,58,NA,"Cash",1906.2
2024-01-16,"Paris Centre","Seller_20","Tablet",62.62,1,33,"M","Card",62.62
2023-09-14,"Nice Promenade","Seller_11","Smartphone",1369.42,4,33,"M","Card",5477.68
2024-12-07,"Marseille Vieux-Port","Seller_20","Smartphone",804.73,1,27,"M","Check",804.73
2023-08-13,"Lyon Part-Dieu","Seller_11","Tablet",556.84,1,16,"M","Cash",556.84
2023-05-05,"Paris Centre","Seller_11","Earbuds",741.99,2,26,"M","Check",1483.98
2024-12-08,"Lyon Part-Dieu","Seller_2","Laptop",500.39,1,32,"M","Card",500.39
2023-08-28,"Marseille Vieux-Port","Seller_4","Laptop",697.76,1,16,"F","Check",697.76
2024-10-08,"Paris Centre","Seller_7","Earbuds",578.32,3,27,"F","Card",1734.96
2024-08-27,"Toulouse Capitole","Seller_24","Tablet",1418.47,1,40,"F","Card",1418.47
2023-06-06,"Marseille Vieux-Port","Seller_8","Smartphone",256.86,1,33,"M","Card",256.86
2023-05-07,"Paris Centre","Seller_23","Smartphone",890.65,1,39,"M","Card",890.65
2024-08-18,"Nice Promenade","Seller_24","Tablet",577.49,2,40,"F","Card",1154.98
2024-11-06,"Toulouse Capitole","Seller_11","Smartphone",309.84,1,38,"M","Card",309.84
2023-02-06,"Paris Centre","Seller_24","Smartphone",1128.88,1,34,"M","Card",1128.88
2023-11-18,"Paris Centre","Seller_8","Tablet",114.29,3,44,"F","Card",342.87
2024-07-25,"Paris Centre","Seller_16","Laptop",744.36,2,50,"M","Card",1488.72
2023-08-08,"Paris Centre","Seller_11","Smartphone",898.23,1,45,"F","Card",898.23
2023-12-14,"Nice Promenade","Seller_1","Smartphone",235.44,1,18,NA,"Card",235.44
2024-01-31,"Lyon Part-Dieu","Seller_19","Tablet",715.01,1,44,"F","Card",715.01
2024-09-25,"Paris Centre","Seller_1","Accessories",1349.03,1,36,"F","Card",1349.03
2024-05-18,"Marseille Vieux-Port","Seller_2","Tablet",539.66,1,23,"F","Card",539.66
2024-02-06,"Marseille Vieux-Port","Seller_25","Smartphone",735.82,5,31,"M","",3679.1
2024-11-14,"Toulouse Capitole","Seller_3","Earbuds",892.68,1,29,"M","Card",892.68
2024-04-30,"Lyon Part-Dieu","Seller_25","Smartphone",394.82,2,55,"M","Card",789.64
2024-09-02,"Paris Centre","Seller_18","Laptop",1370.18,2,29,"M","Cash",2740.36
2023-10-27,"Lyon Part-Dieu","Seller_23","Smartphone",233.83,4,32,"M","",935.32
2023-05-06,"Toulouse Capitole","Seller_6","Laptop",947.26,2,48,"F","Card",1894.52
2024-01-20,"Marseille Vieux-Port","Seller_18","Laptop",1391.34,1,19,"M","Card",1391.34
2024-06-02,"Paris Centre","Seller_14","Laptop",1314.52,2,43,NA,"Check",2629.04
2023-02-11,"Nice Promenade","Seller_21","Laptop",219.36,1,54,NA,"",219.36
2023-03-24,"Lyon Part-Dieu","Seller_18","Smartphone",646.77,1,38,"M","Card",646.77
2024-05-29,"Nice Promenade","Seller_6","Smartphone",1296.59,2,35,"M","Cash",2593.18
2023-10-21,"Toulouse Capitole","Seller_4","Tablet",87.7,1,37,"F","Card",87.7
2024-05-14,"Paris Centre","Seller_16","Smartphone",1433.39,3,30,NA,"Card",4300.17
2024-06-22,"Paris Centre","Seller_1","Accessories",1403.72,3,22,"M","Check",4211.16
2024-07-07,"Marseille Vieux-Port","Seller_15","Smartphone",1346.93,1,20,"F","",1346.93
2024-11-09,"Nice Promenade","Seller_1","Tablet",1230.43,1,24,"M","Cash",1230.43
2024-05-03,"Marseille Vieux-Port","Seller_10","Smartphone",704.6,1,37,"F","Card",704.6
2024-08-19,"Nice Promenade","Seller_21","Earbuds",453.73,2,38,"F","Card",907.46
2024-06-05,"Lyon Part-Dieu","Seller_8","Smartphone",1277.95,4,29,"M","Card",5111.8
2024-07-10,"Toulouse Capitole","Seller_21","Smartwatch",131.53,2,38,"F","Card",263.06
2024-11-24,"Toulouse Capitole","Seller_22","Earbuds",557.18,2,24,"M","Card",1114.36
2023-07-18,"Toulouse Capitole","Seller_2","Tablet",1397.02,1,42,"F","Card",1397.02
2024-12-16,"Nice Promenade","Seller_8","Laptop",549.08,1,35,"F","Card",549.08
2023-12-22,"Toulouse Capitole","Seller_21","Smartphone",1489.18,3,54,"F","Card",4467.54
2024-01-12,"Nice Promenade","Seller_11","Laptop",1074.29,1,44,"M","Card",1074.29
2024-02-11,"Lyon Part-Dieu","Seller_25","Smartphone",87.27,2,55,"F","Card",174.54
2023-07-19,"Lyon Part-Dieu","Seller_10","Smartphone",116.22,1,55,NA,"Card",116.22
2023-10-01,"Toulouse Capitole","Seller_17","Laptop",1083.61,1,22,"F","Check",1083.61
2023-05-12,"Lyon Part-Dieu","Seller_17","Tablet",284.18,1,18,"M","Card",284.18
2024-08-31,"Paris Centre","Seller_17","Tablet",492.92,1,32,"F","Card",492.92
2023-03-02,"Nice Promenade","Seller_1","Laptop",1495.54,1,44,"F","Card",1495.54
2023-02-23,"Nice Promenade","Seller_21","Smartphone",1053.43,1,51,NA,"Card",1053.43
2023-08-07,"Marseille Vieux-Port","Seller_13","Laptop",835.08,2,40,"F","Card",1670.16
2023-01-23,"Marseille Vieux-Port","Seller_14","Smartwatch",1488.3,4,58,"M","Card",5953.2
2023-07-20,"Marseille Vieux-Port","Seller_19","Laptop",805.77,1,32,NA,"Cash",805.77
2023-06-10,"Paris Centre","Seller_22","Smartphone",822.65,1,63,"M","Card",822.65
2023-02-07,"Marseille Vieux-Port","Seller_15","Tablet",1488.63,1,25,"F","Card",1488.63
2023-06-26,"Paris Centre","Seller_7","Laptop",378.64,2,24,"M","Cash",757.28
2023-08-28,"Toulouse Capitole","Seller_20","Earbuds",1109.88,3,37,"M","Card",3329.64
2023-12-07,"Toulouse Capitole","Seller_3","Smartphone",1459.61,1,30,"F","Card",1459.61
2023-09-21,"Toulouse Capitole","Seller_12","Laptop",291.75,1,19,"F","Card",291.75
2024-05-11,"Lyon Part-Dieu","Seller_11","Tablet",721.45,1,16,"M","Card",721.45
2023-11-16,"Nice Promenade","Seller_9","Laptop",494.16,1,48,"F","Check",494.16
2023-01-24,"Paris Centre","Seller_11","Laptop",1058.71,3,23,"F","Card",3176.13
2023-09-28,"Lyon Part-Dieu","Seller_1","Smartphone",572,1,35,NA,"Card",572
2023-02-17,"Lyon Part-Dieu","Seller_5","Laptop",202.96,1,61,"M","Card",202.96
2023-02-09,"Marseille Vieux-Port","Seller_24","Tablet",1001.05,1,26,"M","Check",1001.05
2024-06-10,"Marseille Vieux-Port","Seller_23","Smartphone",494.08,1,28,"F","Check",494.08
2023-09-01,"Paris Centre","Seller_23","Tablet",599.51,1,42,"M","Card",599.51
2024-10-22,"Nice Promenade","Seller_9","Smartwatch",1053.69,1,53,NA,"Card",1053.69
2023-11-21,"Paris Centre","Seller_16","Smartphone",482.96,1,58,"F","Card",482.96
2023-03-30,"Toulouse Capitole","Seller_19","Earbuds",1068.02,1,16,"F","Card",1068.02
2024-01-25,"Toulouse Capitole","Seller_17","Laptop",93.23,2,32,"M","Card",186.46
2023-08-06,"Lyon Part-Dieu","Seller_16","Tablet",239.33,2,39,"F","Card",478.66
2024-06-10,"Paris Centre","Seller_13","Tablet",991.56,2,38,"M","Card",1983.12
2024-01-10,"Lyon Part-Dieu","Seller_18","Tablet",339.75,3,34,"F","Card",1019.25
2024-04-02,"Lyon Part-Dieu","Seller_22","Smartphone",767.09,2,47,"F","Card",1534.18
2023-05-21,"Paris Centre","Seller_3","Earbuds",869.26,1,49,"M","Card",869.26
2023-03-27,"Lyon Part-Dieu","Seller_10","Laptop",75.33,2,21,"F","Card",150.66
2023-09-14,"Paris Centre","Seller_10","Tablet",601.09,3,30,"M","Card",1803.27
2024-03-21,"Nice Promenade","Seller_10","Laptop",270.72,2,29,"F","Card",541.44
2023-07-10,"Marseille Vieux-Port","Seller_20","Smartphone",307.72,1,29,"F","Check",307.72
2024-04-21,"Toulouse Capitole","Seller_2","Earbuds",845.84,1,40,"F","Cash",845.84
2023-04-09,"Toulouse Capitole","Seller_17","Laptop",807.78,3,43,"M","Card",2423.34
2023-11-13,"Nice Promenade","Seller_24","Tablet",652.84,2,60,NA,"Card",1305.68
2023-08-12,"Marseille Vieux-Port","Seller_13","Earbuds",411.07,3,51,"F","Card",1233.21
2024-10-17,"Marseille Vieux-Port","Seller_14","Laptop",1091.37,3,26,"F","Check",3274.11
2024-12-27,"Nice Promenade","Seller_21","Smartphone",737.14,1,33,"M","Cash",737.14
2023-05-01,"Marseille Vieux-Port","Seller_6","Laptop",119.26,1,44,"F","Card",119.26
2024-11-13,"Paris Centre","Seller_23","Smartphone",939.66,1,73,"M","Cash",939.66
2023-01-01,"Lyon Part-Dieu","Seller_7","Laptop",1064.57,1,22,"F","",1064.57
2023-01-25,"Paris Centre","Seller_22","Earbuds",891.97,2,69,"M","Card",1783.94
2023-05-30,"Nice Promenade","Seller_10","Laptop",NA,2,51,"M","Card",NA
2024-08-02,"Lyon Part-Dieu","Seller_13","Earbuds",940.51,2,54,"F","Card",1881.02
2023-11-08,"Toulouse Capitole","Seller_17","Laptop",1341.44,2,26,"F","Check",2682.88
2024-11-28,"Paris Centre","Seller_14","Earbuds",1251.15,1,40,"F","Card",1251.15
2023-05-21,"Nice Promenade","Seller_14","Earbuds",304.63,3,30,NA,"Card",913.89
2024-01-23,"Nice Promenade","Seller_15","Smartphone",408.84,1,33,NA,"Card",408.84
2024-01-30,"Nice Promenade","Seller_8","Laptop",907.94,1,64,"F","Card",907.94
2024-09-15,"Lyon Part-Dieu","Seller_10","Smartphone",1379.75,1,40,"F","Card",1379.75
2023-04-25,"Toulouse Capitole","Seller_18","Smartphone",1396.05,1,34,"F","Card",1396.05
2024-09-17,"Nice Promenade","Seller_25","Laptop",1101.66,5,38,"M","Card",5508.3
2024-07-12,"Lyon Part-Dieu","Seller_8","Tablet",1020.72,2,45,NA,"Card",2041.44
2024-12-10,"Marseille Vieux-Port","Seller_10","Tablet",213.59,1,32,"M","Card",213.59
2023-04-24,"Lyon Part-Dieu","Seller_11","Accessories",1450.69,1,25,"M","",1450.69
2024-08-13,"Lyon Part-Dieu","Seller_11","Laptop",525.37,1,25,"F","Card",525.37
2023-11-03,"Lyon Part-Dieu","Seller_23","Laptop",63.06,1,32,"F","Card",63.06
2023-06-22,"Nice Promenade","Seller_6","Smartwatch",650.61,1,56,"F","Card",650.61
2023-08-31,"Lyon Part-Dieu","Seller_14","Laptop",471.57,4,25,"M","Card",1886.28
2023-03-16,"Nice Promenade","Seller_8","Smartwatch",1336.82,2,47,"F","Card",2673.64
2023-02-19,"Marseille Vieux-Port","Seller_12","Smartphone",466.41,3,16,"F","Card",1399.23
2023-01-02,"Paris Centre","Seller_14","Tablet",337.68,1,38,"F","Card",337.68
2024-10-05,"Lyon Part-Dieu","Seller_5","Laptop",309.72,1,41,"F","Cash",309.72
2023-04-27,"Nice Promenade","Seller_3","Smartphone",375.99,2,23,"F","Cash",751.98
2023-09-17,"Marseille Vieux-Port","Seller_5","Earbuds",1029.47,1,52,"F","Cash",1029.47
2023-06-14,"Lyon Part-Dieu","Seller_9","Smartwatch",684.51,1,40,"F","Card",684.51
2023-08-06,"Marseille Vieux-Port","Seller_24","Earbuds",188.16,1,43,NA,"Card",188.16
2024-12-29,"Lyon Part-Dieu","Seller_23","Laptop",865.89,1,16,"M","Card",865.89
2023-09-20,"Paris Centre","Seller_11","Tablet",1288.89,2,38,"M","Card",2577.78
2023-01-24,"Toulouse Capitole","Seller_16","Smartphone",130.8,1,42,"M","Card",130.8
2024-07-30,"Lyon Part-Dieu","Seller_20","Smartphone",828.89,1,37,"F","Card",828.89
2024-03-15,"Toulouse Capitole","Seller_20","Tablet",823.11,1,59,NA,"Cash",823.11
2024-01-12,"Paris Centre","Seller_10","Smartphone",254.49,3,22,"F","Cash",763.47
2023-05-12,"Marseille Vieux-Port","Seller_10","Laptop",1403.58,1,32,"F","Card",1403.58
2023-12-09,"Lyon Part-Dieu","Seller_3","Laptop",1238.45,1,54,"F","Cash",1238.45
2023-05-14,"Nice Promenade","Seller_11","Tablet",1264.22,1,28,"F","Card",1264.22
2024-01-15,"Nice Promenade","Seller_16","Tablet",420.97,1,32,"F","Card",420.97
2023-08-14,"Paris Centre","Seller_17","Tablet",1480.13,1,34,"M","",1480.13
2024-01-20,"Toulouse Capitole","Seller_12","Smartwatch",1176.48,1,34,"F","Card",1176.48
2023-08-10,"Marseille Vieux-Port","Seller_18","Smartphone",628.5,1,35,NA,"Card",628.5
2024-10-30,"Marseille Vieux-Port","Seller_19","Laptop",918.28,1,31,"F","Cash",918.28
2023-08-25,"Lyon Part-Dieu","Seller_9","Smartphone",1425.49,1,16,"M","Card",1425.49
2023-08-18,"Toulouse Capitole","Seller_17","Smartphone",717.31,2,45,"F","Cash",1434.62
2024-03-26,"Paris Centre","Seller_9","Earbuds",1203.97,1,58,"M","Card",1203.97
2023-02-05,"Paris Centre","Seller_13","Earbuds",1088.14,1,37,"M","Card",1088.14
2023-02-27,"Toulouse Capitole","Seller_21","Smartphone",739.94,1,31,"F","Card",739.94
2024-10-11,"Nice Promenade","Seller_14","Smartphone",1070.44,1,44,"M","Cash",1070.44
2024-10-17,"Nice Promenade","Seller_19","Laptop",793.64,1,18,"F","Card",793.64
2023-12-22,"Paris Centre","Seller_13","Laptop",1249.82,2,20,"F","Card",2499.64
2023-08-04,"Lyon Part-Dieu","Seller_21","Smartphone",197.19,1,23,"M","Check",197.19
2024-03-05,"Marseille Vieux-Port","Seller_6","Smartphone",393.4,1,16,"F","Check",393.4
2023-01-09,"Paris Centre","Seller_1","Tablet",203.02,3,53,"M","Card",609.06
2023-11-15,"Nice Promenade","Seller_16","Earbuds",372.57,2,38,"F","Check",745.14
2023-05-24,"Marseille Vieux-Port","Seller_14","Laptop",1463.54,1,29,"M","Card",1463.54
2024-04-17,"Marseille Vieux-Port","Seller_6","Accessories",977.88,1,30,"M","Check",977.88
2024-12-10,"Lyon Part-Dieu","Seller_21","Smartphone",1214.08,2,28,"F","Card",2428.16
2024-06-05,"Lyon Part-Dieu","Seller_20","Earbuds",1093.7,2,42,"M","Card",2187.4
2023-12-08,"Marseille Vieux-Port","Seller_11","Smartphone",1100.1,2,48,"F","Card",2200.2
2023-02-03,"Toulouse Capitole","Seller_9","Tablet",1391.84,1,39,"F","Check",1391.84
2024-02-25,"Lyon Part-Dieu","Seller_23","Earbuds",824.38,1,16,"F","Card",824.38
2024-03-12,"Marseille Vieux-Port","Seller_20","Laptop",738.48,1,23,"M","Cash",738.48
2023-02-14,"Toulouse Capitole","Seller_10","Smartphone",1313.36,1,33,NA,"Check",1313.36
2023-09-16,"Paris Centre","Seller_14","Earbuds",654.51,1,38,NA,"Card",654.51
2023-07-28,"Lyon Part-Dieu","Seller_17","Laptop",1331.99,1,34,"M","Card",1331.99
2024-11-11,"Lyon Part-Dieu","Seller_12","Tablet",832.02,3,28,"F","Card",2496.06
2023-04-01,"Marseille Vieux-Port","Seller_23","Tablet",695.49,2,45,"F","Card",1390.98
2023-09-13,"Nice Promenade","Seller_9","Laptop",889.7,1,30,"F","Card",889.7
2024-12-25,"Lyon Part-Dieu","Seller_4","Tablet",1241.7,1,31,"M","Card",1241.7
2024-07-03,"Lyon Part-Dieu","Seller_2","Tablet",625.8,1,39,"M","Cash",625.8
2023-12-09,"Marseille Vieux-Port","Seller_4","Tablet",294.54,1,16,"M","Cash",294.54
2023-08-15,"Nice Promenade","Seller_23","Laptop",1062.62,2,19,"M","Card",2125.24
2024-03-24,"Lyon Part-Dieu","Seller_11","Laptop",58,3,34,"F","Card",174
2024-10-09,"Nice Promenade","Seller_2","Smartphone",846.88,3,22,"M","Cash",2540.64
2024-12-12,"Toulouse Capitole","Seller_1","Laptop",800.94,1,32,NA,"Cash",800.94
2024-01-18,"Paris Centre","Seller_18","Laptop",1337.11,1,44,"M","Cash",1337.11
2023-12-29,"Marseille Vieux-Port","Seller_1","Earbuds",919.24,1,54,"F","Check",919.24
2024-08-03,"Nice Promenade","Seller_16","Smartphone",1368.4,1,29,"F","Card",1368.4
2023-04-15,"Nice Promenade","Seller_12","Laptop",498.84,2,25,NA,"Card",997.68
2023-10-10,"Nice Promenade","Seller_5","Smartphone",126.38,1,37,"M","Card",126.38
2024-03-22,"Marseille Vieux-Port","Seller_22","Laptop",734.15,2,49,"F","Card",1468.3
2023-11-04,"Nice Promenade","Seller_12","Tablet",1219.75,4,40,"F","Card",4879
2023-04-27,"Marseille Vieux-Port","Seller_9","Earbuds",913.14,2,40,"M","Card",1826.28
2024-05-24,"Lyon Part-Dieu","Seller_22","Earbuds",553.31,3,48,"F","Card",1659.93
2024-04-09,"Paris Centre","Seller_6","Tablet",394.19,2,24,"M","Cash",788.38
2024-01-25,"Paris Centre","Seller_11","Smartphone",951.77,1,33,"M","Card",951.77
2023-02-24,"Nice Promenade","Seller_15","Earbuds",1314.86,4,43,"F","Card",5259.44
2024-09-17,"Nice Promenade","Seller_12","Smartphone",680.98,1,38,"F","Card",680.98
2024-11-29,"Lyon Part-Dieu","Seller_23","Tablet",1403.87,1,24,"M","Card",1403.87
2024-07-09,"Marseille Vieux-Port","Seller_7","Tablet",1199.27,1,21,"F","Card",1199.27
2023-10-05,"Paris Centre","Seller_24","Laptop",1077.72,1,48,"M","Cash",1077.72
2023-01-26,"Nice Promenade","Seller_14","Laptop",1483.56,1,25,"F","Card",1483.56
2023-09-27,"Paris Centre","Seller_17","Earbuds",1489.27,1,51,"M","Card",1489.27
2024-03-10,"Toulouse Capitole","Seller_1","Smartphone",291.83,2,26,"F","",583.66
2024-06-06,"Toulouse Capitole","Seller_23","Smartphone",546.49,1,17,"M","Card",546.49
2023-08-20,"Toulouse Capitole","Seller_11","Accessories",1218.55,1,32,"M","Card",1218.55
2023-04-25,"Nice Promenade","Seller_8","Tablet",1464.5,2,33,"M","Card",2929
2023-07-20,"Paris Centre","Seller_13","Earbuds",577.54,2,29,NA,"Card",1155.08
2023-08-04,"Marseille Vieux-Port","Seller_12","Smartphone",51.84,3,47,"M","Check",155.52
2023-11-10,"Toulouse Capitole","Seller_12","Smartphone",311.02,2,35,"M","Cash",622.04
2023-01-11,"Toulouse Capitole","Seller_4","Smartphone",1322.48,2,16,NA,"Check",2644.96
2024-04-24,"Toulouse Capitole","Seller_17","Laptop",574.51,4,47,"F","Card",2298.04
2024-09-04,"Toulouse Capitole","Seller_25","Smartphone",705.78,1,38,"F","Check",705.78
2024-06-21,"Lyon Part-Dieu","Seller_20","Accessories",516.19,1,37,"F","Card",516.19
2024-05-27,"Nice Promenade","Seller_11","Smartphone",770.92,3,44,"M","Card",2312.76
2024-04-26,"Marseille Vieux-Port","Seller_17","Tablet",1307.49,1,29,"M","Card",1307.49
2024-11-20,"Marseille Vieux-Port","Seller_9","Tablet",426.8,1,35,"M","Card",426.8
2023-02-21,"Lyon Part-Dieu","Seller_18","Tablet",555.76,2,22,"M","Card",1111.52
2024-07-22,"Nice Promenade","Seller_4","Laptop",866.09,1,46,"F","",866.09
2024-08-20,"Marseille Vieux-Port","Seller_12","Laptop",144.41,2,50,"M","Card",288.82
2023-10-07,"Marseille Vieux-Port","Seller_19","Smartphone",196.84,1,34,"M","Card",196.84
2023-08-01,"Nice Promenade","Seller_13","Tablet",1167.71,4,32,"F","Card",4670.84
2023-08-03,"Marseille Vieux-Port","Seller_6","Smartphone",274,2,54,NA,"Card",548
2023-05-23,"Marseille Vieux-Port","Seller_17","Tablet",269.91,1,35,"F","Card",269.91
2023-12-24,"Nice Promenade","Seller_21","Smartphone",1478.31,2,36,"F","Cash",2956.62
2023-10-28,"Paris Centre","Seller_19","Smartphone",1211.11,1,37,"F","Check",1211.11
2023-08-02,"Marseille Vieux-Port","Seller_14","Smartphone",988.35,2,35,"M","Card",1976.7
2024-10-23,"Toulouse Capitole","Seller_2","Earbuds",988.49,2,30,"F","Card",1976.98
2023-08-22,"Lyon Part-Dieu","Seller_15","Smartphone",664.63,2,31,"M","Card",1329.26
2023-06-02,"Nice Promenade","Seller_11","Laptop",1271.92,2,76,"F","Card",2543.84
2024-11-01,"Lyon Part-Dieu","Seller_23","Tablet",273.24,2,26,"F","Card",546.48
2024-07-10,"Paris Centre","Seller_23","Earbuds",1106.8,4,31,"F","Card",4427.2
2023-05-30,"Marseille Vieux-Port","Seller_4","Earbuds",512.74,1,43,"M","Card",512.74
2023-01-24,"Paris Centre","Seller_7","Smartphone",168.98,1,46,"F","Card",168.98
2023-04-06,"Lyon Part-Dieu","Seller_19","Tablet",636.19,2,21,"F","Cash",1272.38
2024-09-15,"Toulouse Capitole","Seller_7","Smartphone",832.82,2,41,"M","Card",1665.64
2023-05-30,"Paris Centre","Seller_7","Smartphone",590.88,3,46,"M","Cash",1772.64
2024-12-30,"Toulouse Capitole","Seller_9","Tablet",1216.27,1,16,"F","Check",1216.27
2024-12-31,"Marseille Vieux-Port","Seller_19","Smartphone",1270.46,2,16,"M","Card",2540.92
2024-04-08,"Marseille Vieux-Port","Seller_20","Smartphone",581.66,1,47,"M","Card",581.66
2023-06-21,"Lyon Part-Dieu","Seller_21","Smartwatch",369.51,1,37,"F","Cash",369.51
2024-07-21,"Paris Centre","Seller_15","Smartphone",680.91,2,39,"F","Card",1361.82
2024-12-13,"Paris Centre","Seller_12","Smartphone",1457.83,1,30,"F","Card",1457.83
2023-03-16,"Nice Promenade","Seller_6","Laptop",873.71,1,33,"M","Card",873.71
2024-07-21,"Marseille Vieux-Port","Seller_7","Laptop",1455.45,1,16,NA,"Card",1455.45
2023-05-09,"Nice Promenade","Seller_6","Earbuds",1256.44,1,38,"F","Check",1256.44
2024-09-05,"Lyon Part-Dieu","Seller_17","Smartphone",1057.29,2,41,NA,"",2114.58
2024-06-05,"Paris Centre","Seller_22","Smartphone",855.42,1,23,"M","Card",855.42
2024-12-07,"Paris Centre","Seller_17","Smartphone",784.38,4,61,"F","Check",3137.52
2024-02-12,"Paris Centre","Seller_14","Earbuds",329.01,1,32,"M","Card",329.01
2023-03-09,"Toulouse Capitole","Seller_17","Laptop",503.25,2,28,"F","",1006.5
2024-03-27,"Toulouse Capitole","Seller_25","Laptop",666.8,2,43,"M","Card",1333.6
2024-07-25,"Marseille Vieux-Port","Seller_24","Earbuds",675.73,4,32,"M","Card",2702.92
2024-05-29,"Nice Promenade","Seller_19","Earbuds",1252.42,1,16,"M","Card",1252.42
2024-03-14,"Lyon Part-Dieu","Seller_1","Tablet",1447.79,3,34,"F","Check",4343.37
2023-02-03,"Toulouse Capitole","Seller_3","Tablet",258.83,3,39,"F","Card",776.49
2023-06-30,"Lyon Part-Dieu","Seller_22","Laptop",1052.26,1,48,"F","",1052.26
2024-11-13,"Marseille Vieux-Port","Seller_22","Smartphone",565.87,1,32,NA,"",565.87
2024-04-17,"Lyon Part-Dieu","Seller_15","Earbuds",558.21,4,53,"F","Card",2232.84
2023-10-07,"Nice Promenade","Seller_18","Accessories",1313.04,2,41,"F","Card",2626.08
2024-04-22,"Marseille Vieux-Port","Seller_2","Smartwatch",531.14,2,36,NA,"Check",1062.28
2023-07-27,"Toulouse Capitole","Seller_16","Smartphone",1113.73,2,49,"M","Card",2227.46
2023-01-07,"Paris Centre","Seller_2","Tablet",1133.26,1,60,"M","Card",1133.26
2024-08-07,"Lyon Part-Dieu","Seller_22","Laptop",1178.4,1,38,"F","Cash",1178.4
2024-05-30,"Paris Centre","Seller_21","Laptop",1049.71,1,20,"M","Card",1049.71
2024-11-29,"Marseille Vieux-Port","Seller_10","Smartphone",853.23,4,48,"M","Card",3412.92
2024-05-22,"Lyon Part-Dieu","Seller_10","Tablet",724.45,1,28,"M","Card",724.45
2023-05-30,"Marseille Vieux-Port","Seller_5","Earbuds",827.73,1,30,NA,"Cash",827.73
2023-04-15,"Lyon Part-Dieu","Seller_5","Accessories",1415.19,2,38,NA,"Card",2830.38
2023-06-04,"Paris Centre","Seller_10","Accessories",1385.12,2,47,"F","Cash",2770.24
2024-08-21,"Lyon Part-Dieu","Seller_20","Tablet",760.63,2,53,"M","Card",1521.26
2024-02-14,"Lyon Part-Dieu","Seller_22","Earbuds",395.35,1,24,"M","Card",395.35
2024-12-13,"Nice Promenade","Seller_6","Smartphone",1155.34,1,44,"M","Check",1155.34
2023-12-24,"Marseille Vieux-Port","Seller_7","Accessories",1395.17,1,16,"M","Cash",1395.17
2024-11-15,"Paris Centre","Seller_17","Smartwatch",1237.04,1,32,"F","Card",1237.04
2023-04-27,"Lyon Part-Dieu","Seller_14","Tablet",653.27,3,38,"F","Cash",1959.81
2023-11-25,"Lyon Part-Dieu","Seller_15","Laptop",1039.39,3,20,"M","Card",3118.17
2024-07-13,"Paris Centre","Seller_23","Smartphone",127.76,2,18,"M","Card",255.52
2024-05-22,"Nice Promenade","Seller_19","Tablet",1092.72,1,35,"F","Card",1092.72
2024-03-22,"Nice Promenade","Seller_13","Earbuds",682.52,1,34,"F","Card",682.52
2024-10-08,"Marseille Vieux-Port","Seller_15","Laptop",1141.21,1,35,"F","Cash",1141.21
2024-03-27,"Toulouse Capitole","Seller_14","Laptop",414.06,1,33,"M","Card",414.06
2023-02-22,"Toulouse Capitole","Seller_18","Smartphone",1056.85,2,27,"F","",2113.7
2023-09-30,"Toulouse Capitole","Seller_2","Smartphone",969.25,2,47,"F","Cash",1938.5
2023-02-24,"Marseille Vieux-Port","Seller_3","Earbuds",1160.27,2,31,"F","Card",2320.54
2024-05-14,"Lyon Part-Dieu","Seller_24","Tablet",883.03,2,26,"M","Cash",1766.06
2024-10-30,"Marseille Vieux-Port","Seller_16","Smartphone",1373.14,2,16,"F","Card",2746.28
2023-05-10,"Paris Centre","Seller_5","Accessories",463.15,3,33,"F","Cash",1389.45
2024-01-21,"Lyon Part-Dieu","Seller_4","Laptop",1163.46,1,34,"M","Card",1163.46
2023-05-05,"Marseille Vieux-Port","Seller_6","Laptop",537.6,2,54,"F","Card",1075.2
2023-08-18,"Lyon Part-Dieu","Seller_17","Accessories",1497.67,1,45,"M","Card",1497.67
2024-10-20,"Lyon Part-Dieu","Seller_24","Laptop",1460.01,1,38,"F","",1460.01
2024-07-21,"Marseille Vieux-Port","Seller_22","Smartphone",940.87,1,42,"M","Check",940.87
2023-01-12,"Toulouse Capitole","Seller_2","Laptop",777.09,2,41,"M","Card",1554.18
2023-02-26,"Paris Centre","Seller_5","Tablet",592.55,1,31,"F","Check",592.55
2023-07-26,"Toulouse Capitole","Seller_1","Smartphone",214.58,2,37,"M","Check",429.16
2024-11-09,"Toulouse Capitole","Seller_5","Smartphone",613.71,1,48,"F","Check",613.71
2024-11-27,"Marseille Vieux-Port","Seller_19","Smartwatch",256.55,1,38,NA,"Card",256.55
2024-08-07,"Lyon Part-Dieu","Seller_11","Tablet",NA,4,40,"F","Card",NA
2023-01-17,"Nice Promenade","Seller_8","Laptop",551.93,1,45,"M","Cash",551.93
2023-03-05,"Toulouse Capitole","Seller_12","Smartphone",344.94,1,33,"M","Card",344.94
2024-07-07,"Toulouse Capitole","Seller_1","Earbuds",332.26,1,26,"M","",332.26
2023-12-26,"Toulouse Capitole","Seller_21","Smartphone",1192.77,1,43,NA,"Card",1192.77
2024-11-15,"Lyon Part-Dieu","Seller_10","Smartphone",1346.19,3,54,"F","Card",4038.57
2024-10-25,"Toulouse Capitole","Seller_24","Laptop",922.04,1,44,"M","Card",922.04
2023-05-08,"Lyon Part-Dieu","Seller_20","Laptop",124.6,3,25,"F","Card",373.8
2023-12-01,"Paris Centre","Seller_9","Accessories",1472.62,2,26,"F","Card",2945.24
2024-03-05,"Paris Centre","Seller_15","Tablet",1076.7,3,41,"M","Card",3230.1
2023-04-04,"Marseille Vieux-Port","Seller_14","Smartwatch",242.46,2,38,"M","Check",484.92
2024-02-22,"Marseille Vieux-Port","Seller_7","Tablet",1452.66,1,42,"M","Card",1452.66
2024-02-20,"Marseille Vieux-Port","Seller_22","Laptop",257.03,1,39,"M","Card",257.03
2024-09-22,"Toulouse Capitole","Seller_22","Smartwatch",653.58,1,16,"F","Card",653.58
2023-08-25,"Lyon Part-Dieu","Seller_6","Smartphone",1257.82,1,31,"F","Check",1257.82
2023-09-06,"Lyon Part-Dieu","Seller_3","Earbuds",1430.89,1,31,"M","Card",1430.89
2023-11-30,"Paris Centre","Seller_21","Earbuds",1306.15,2,21,"F","Card",2612.3
2023-11-21,"Marseille Vieux-Port","Seller_24","Accessories",1405.56,1,61,"M","Cash",1405.56
2023-02-22,"Paris Centre","Seller_4","Tablet",503.99,3,32,"F","Card",1511.97
2023-08-14,"Lyon Part-Dieu","Seller_17","Tablet",1073.15,2,26,"M","Card",2146.3
2023-07-08,"Paris Centre","Seller_1","Smartphone",988.56,1,31,"F","Card",988.56
2023-04-18,"Nice Promenade","Seller_22","Smartphone",300.78,2,29,"F","Card",601.56
2024-11-13,"Toulouse Capitole","Seller_25","Laptop",56.17,4,38,"M","Card",224.68
2023-03-13,"Toulouse Capitole","Seller_10","Smartwatch",1277.78,1,32,"F","Cash",1277.78
2023-01-05,"Lyon Part-Dieu","Seller_16","Earbuds",943.21,1,43,"F","Card",943.21
2024-02-16,"Paris Centre","Seller_2","Smartphone",971.03,2,35,"F","Card",1942.06
2024-11-23,"Lyon Part-Dieu","Seller_16","Laptop",783.47,2,30,"F","Card",1566.94
2024-11-25,"Paris Centre","Seller_19","Smartphone",602.9,2,32,"M","Card",1205.8
2024-11-29,"Paris Centre","Seller_18","Tablet",192.88,2,36,"M","Card",385.76
2023-12-10,"Lyon Part-Dieu","Seller_18","Tablet",648.17,3,47,"F","Cash",1944.51
2024-07-29,"Lyon Part-Dieu","Seller_13","Earbuds",112.09,3,16,NA,"Check",336.27
2023-09-11,"Marseille Vieux-Port","Seller_8","Laptop",421.97,1,48,"F","Card",421.97
2023-06-06,"Paris Centre","Seller_6","Earbuds",1287.29,2,16,"F","Card",2574.58
2023-06-21,"Marseille Vieux-Port","Seller_10","Smartphone",701.03,2,49,"F","Check",1402.06
2024-01-07,"Toulouse Capitole","Seller_2","Laptop",1128.23,1,44,NA,"Card",1128.23
2023-05-11,"Marseille Vieux-Port","Seller_3","Smartwatch",239.35,2,17,NA,"Cash",478.7
2024-01-19,"Lyon Part-Dieu","Seller_18","Smartwatch",666.26,2,51,"F","Cash",1332.52
2023-12-01,"Marseille Vieux-Port","Seller_21","Smartphone",68.83,3,48,"M","Cash",206.49
2024-02-07,"Toulouse Capitole","Seller_24","Tablet",1130.63,3,32,"F","Card",3391.89
2024-01-12,"Nice Promenade","Seller_9","Smartphone",783.66,1,39,"F","Card",783.66
2023-01-22,"Nice Promenade","Seller_16","Smartphone",1267.35,1,39,"M","Card",1267.35
2024-11-23,"Paris Centre","Seller_8","Tablet",511.11,2,27,"F","Cash",1022.22
2024-03-10,"Lyon Part-Dieu","Seller_19","Earbuds",759.04,2,34,"M","Check",1518.08
2024-05-23,"Toulouse Capitole","Seller_9","Earbuds",980.21,1,38,"M","Card",980.21
2024-08-05,"Toulouse Capitole","Seller_25","Laptop",1369.45,1,41,"M","Card",1369.45
2024-02-22,"Paris Centre","Seller_7","Earbuds",1025.53,1,53,"M","Card",1025.53
2023-11-21,"Paris Centre","Seller_2","Tablet",872.05,1,40,"M","Cash",872.05
2024-04-02,"Nice Promenade","Seller_7","Earbuds",498,1,42,"F","Card",498
2023-01-10,"Lyon Part-Dieu","Seller_14","Tablet",1232.2,2,30,NA,"Card",2464.4
2023-01-07,"Paris Centre","Seller_3","Tablet",876.32,1,33,"M","Card",876.32
2023-09-23,"Marseille Vieux-Port","Seller_15","Tablet",620.55,4,67,"M","Card",2482.2
2024-02-17,"Lyon Part-Dieu","Seller_1","Earbuds",650.69,1,45,"F","Cash",650.69
2024-01-09,"Marseille Vieux-Port","Seller_12","Tablet",1149.81,1,52,"M","Cash",1149.81
2023-12-24,"Marseille Vieux-Port","Seller_6","Tablet",256.29,2,33,"F","Cash",512.58
2023-03-30,"Toulouse Capitole","Seller_18","Accessories",645.72,1,49,"M","Card",645.72
2024-06-17,"Lyon Part-Dieu","Seller_11","Tablet",172.6,1,18,"M","Card",172.6
2023-07-20,"Toulouse Capitole","Seller_17","Tablet",599.71,1,37,"M","Card",599.71
2023-03-05,"Toulouse Capitole","Seller_24","Tablet",633.48,3,16,"M","Card",1900.44
2024-09-07,"Marseille Vieux-Port","Seller_10","Tablet",1321.96,1,28,"F","Cash",1321.96
2023-12-03,"Marseille Vieux-Port","Seller_11","Smartphone",678.17,1,16,NA,"Card",678.17
2023-01-14,"Marseille Vieux-Port","Seller_23","Smartphone",872.45,2,27,"F","Cash",1744.9
2024-06-30,"Paris Centre","Seller_23","Earbuds",697.63,2,46,"M","Cash",1395.26
2024-06-26,"Nice Promenade","Seller_3","Laptop",928.67,3,32,NA,"",2786.01
2024-05-09,"Nice Promenade","Seller_13","Tablet",750.63,1,41,"M","Card",750.63
2023-02-26,"Paris Centre","Seller_20","Tablet",1322.57,1,34,NA,"Cash",1322.57
2024-04-29,"Nice Promenade","Seller_6","Smartphone",798.17,2,20,"M","Card",1596.34
2024-08-12,"Paris Centre","Seller_14","Smartphone",109.89,2,35,"F","Card",219.78
2024-12-30,"Paris Centre","Seller_22","Laptop",1059.01,2,31,NA,"Check",2118.02
2024-06-15,"Lyon Part-Dieu","Seller_14","Smartphone",463.08,1,36,"M","Card",463.08
2024-09-15,"Lyon Part-Dieu","Seller_21","Laptop",612.73,1,18,"F","Card",612.73
2023-05-29,"Paris Centre","Seller_17","Laptop",1430.38,1,35,NA,"Card",1430.38
2024-03-06,"Nice Promenade","Seller_17","Earbuds",77.58,1,40,"M","Check",77.58
2024-10-25,"Marseille Vieux-Port","Seller_14","Smartphone",438.91,4,29,"F","Card",1755.64
2024-12-05,"Lyon Part-Dieu","Seller_9","Smartphone",989.83,1,39,"M","Card",989.83
2024-04-27,"Toulouse Capitole","Seller_13","Laptop",1236.67,1,36,"M","Card",1236.67
2023-02-08,"Toulouse Capitole","Seller_14","Earbuds",1128.32,3,30,"M","Check",3384.96
2023-05-09,"Nice Promenade","Seller_2","Smartphone",147.87,1,16,NA,"Card",147.87
2024-06-12,"Lyon Part-Dieu","Seller_5","Smartphone",107.09,2,35,"F","Check",214.18
2023-11-28,"Nice Promenade","Seller_10","Laptop",242.69,1,32,"F","Card",242.69
2024-04-27,"Nice Promenade","Seller_3","Tablet",1056.87,1,37,"M","Check",1056.87
2023-01-28,"Lyon Part-Dieu","Seller_1","Tablet",353.31,1,40,"M","Card",353.31
2024-08-28,"Lyon Part-Dieu","Seller_14","Smartwatch",296.76,1,28,NA,"Card",296.76
2023-07-09,"Lyon Part-Dieu","Seller_20","Tablet",674.42,1,26,"M","Cash",674.42
2023-09-10,"Paris Centre","Seller_25","Smartphone",1333.06,2,16,"F","Check",2666.12
2023-08-15,"Toulouse Capitole","Seller_19","Laptop",369.51,1,27,"M","Card",369.51
2024-07-07,"Nice Promenade","Seller_4","Smartphone",863.25,1,60,"F","Card",863.25
2023-01-19,"Marseille Vieux-Port","Seller_2","Smartphone",914.84,1,43,"M","Card",914.84
2024-01-08,"Paris Centre","Seller_16","Smartphone",1197.74,4,38,"F","Card",4790.96
2023-08-03,"Paris Centre","Seller_23","Tablet",1316.47,1,53,"F","Card",1316.47
2024-04-24,"Paris Centre","Seller_17","Smartphone",1391.99,1,26,"M","Cash",1391.99
2024-06-13,"Nice Promenade","Seller_9","Smartphone",1326.89,2,49,"M","Card",2653.78
2023-07-11,"Lyon Part-Dieu","Seller_8","Smartphone",1448.49,2,40,"F","Card",2896.98
2023-08-10,"Marseille Vieux-Port","Seller_11","Earbuds",801.17,1,39,"F","Card",801.17
2024-06-19,"Lyon Part-Dieu","Seller_10","Smartphone",928.06,1,28,"M","Card",928.06
2023-03-07,"Lyon Part-Dieu","Seller_3","Laptop",1253.11,2,35,"F","",2506.22
2024-12-30,"Lyon Part-Dieu","Seller_24","Accessories",134.12,1,20,"F","Card",134.12
2024-10-05,"Paris Centre","Seller_9","Smartphone",442.8,1,24,"M","Card",442.8
2024-10-18,"Marseille Vieux-Port","Seller_8","Accessories",1429.52,2,27,"M","Cash",2859.04
2024-01-15,"Nice Promenade","Seller_7","Smartphone",1243.62,2,20,"M","Card",2487.24
2023-11-11,"Marseille Vieux-Port","Seller_4","Tablet",707.41,4,51,"F","Card",2829.64
2024-09-18,"Lyon Part-Dieu","Seller_17","Laptop",521.14,2,53,"F","Card",1042.28
2023-09-22,"Toulouse Capitole","Seller_3","Smartphone",922.63,1,43,"F","Cash",922.63
2023-03-26,"Toulouse Capitole","Seller_3","Laptop",1349.71,1,33,"M","Card",1349.71
2024-11-28,"Toulouse Capitole","Seller_25","Earbuds",845.55,1,38,"M","Card",845.55
2024-02-13,"Toulouse Capitole","Seller_24","Earbuds",892.18,1,38,"M","Card",892.18
2023-01-14,"Lyon Part-Dieu","Seller_15","Smartphone",1438.37,1,44,"M","Check",1438.37
2023-09-09,"Toulouse Capitole","Seller_14","Smartphone",192.66,2,35,NA,"Card",385.32
2023-11-03,"Nice Promenade","Seller_23","Tablet",678.76,5,44,NA,"Card",3393.8
2023-11-07,"Toulouse Capitole","Seller_2","Tablet",847.22,2,38,"M","Card",1694.44
2023-10-31,"Paris Centre","Seller_2","Smartphone",424.9,1,20,"M","Card",424.9
2024-10-13,"Lyon Part-Dieu","Seller_10","Smartphone",1414.7,3,24,NA,"Card",4244.1
2024-06-11,"Nice Promenade","Seller_12","Tablet",1270.07,1,31,"M","",1270.07
2023-10-26,"Marseille Vieux-Port","Seller_5","Tablet",287.78,1,38,"M","Cash",287.78
2024-11-25,"Lyon Part-Dieu","Seller_3","Smartphone",755.12,1,29,"M","Card",755.12
2024-07-26,"Lyon Part-Dieu","Seller_20","Laptop",661.28,1,38,"M","Check",661.28
2023-07-11,"Nice Promenade","Seller_2","Smartphone",845.97,1,24,"M","Card",845.97
2024-04-12,"Nice Promenade","Seller_6","Tablet",167.55,2,16,"M","Card",335.1
2023-02-14,"Lyon Part-Dieu","Seller_7","Laptop",448.68,1,24,"F","Card",448.68
2024-09-02,"Toulouse Capitole","Seller_13","Smartwatch",158.55,2,50,"M","Cash",317.1
2024-07-29,"Nice Promenade","Seller_15","Laptop",1329.63,1,24,"F","Cash",1329.63
2024-11-24,"Toulouse Capitole","Seller_23","Tablet",604.61,1,43,"F","Cash",604.61
2024-11-07,"Nice Promenade","Seller_7","Earbuds",1252.66,1,18,"F","Check",1252.66
2024-08-07,"Nice Promenade","Seller_20","Earbuds",633.5,1,48,"M","Card",633.5
2023-02-14,"Toulouse Capitole","Seller_23","Smartwatch",870.57,2,39,"M","Card",1741.14
2024-01-28,"Lyon Part-Dieu","Seller_14","Smartphone",93.98,1,27,"F","Card",93.98
2023-09-29,"Nice Promenade","Seller_5","Smartphone",531.69,1,51,"M","Cash",531.69
2023-05-25,"Lyon Part-Dieu","Seller_7","Laptop",772.48,1,41,"F","Card",772.48
2024-12-10,"Nice Promenade","Seller_20","Earbuds",241.14,1,16,"F","Card",241.14
2024-06-06,"Paris Centre","Seller_24","Earbuds",1293.82,1,26,"M","Card",1293.82
2023-07-24,"Lyon Part-Dieu","Seller_7","Smartphone",1277.68,2,36,"F","Card",2555.36
2023-10-31,"Marseille Vieux-Port","Seller_18","Smartphone",717.77,4,35,NA,"Card",2871.08
2023-09-29,"Marseille Vieux-Port","Seller_16","Laptop",1077.45,1,37,"F","Card",1077.45
2023-03-21,"Lyon Part-Dieu","Seller_24","Accessories",1315.45,2,35,"M","Card",2630.9
2023-06-02,"Nice Promenade","Seller_7","Laptop",714.94,1,31,"M","Cash",714.94
2023-02-23,"Lyon Part-Dieu","Seller_22","Earbuds",94.15,1,34,"M","Card",94.15
2024-12-31,"Marseille Vieux-Port","Seller_10","Smartphone",733.84,2,32,"F","Card",1467.68
2023-10-24,"Marseille Vieux-Port","Seller_1","Tablet",94.19,1,24,"M","Card",94.19
2024-10-28,"Lyon Part-Dieu","Seller_3","Smartphone",1408.69,1,40,"M","Card",1408.69
2024-07-07,"Lyon Part-Dieu","Seller_5","Tablet",66.42,1,32,"F","Card",66.42
2024-03-16,"Paris Centre","Seller_5","Laptop",1447.98,2,57,"F","Check",2895.96
2023-04-11,"Toulouse Capitole","Seller_1","Tablet",659.14,1,16,"M","Card",659.14
2024-08-19,"Marseille Vieux-Port","Seller_13","Earbuds",645.51,3,40,"F","Card",1936.53
2024-09-25,"Marseille Vieux-Port","Seller_20","Tablet",873.35,3,17,"F","Card",2620.05
2023-11-03,"Nice Promenade","Seller_17","Laptop",919.81,3,55,"F","Card",2759.43
2023-03-05,"Toulouse Capitole","Seller_9","Smartphone",244.87,1,24,"M","Cash",244.87
2024-12-27,"Marseille Vieux-Port","Seller_22","Earbuds",936.7,2,27,"M","Card",1873.4
2023-01-16,"Lyon Part-Dieu","Seller_4","Accessories",413.96,2,27,"F","Card",827.92
2024-09-29,"Marseille Vieux-Port","Seller_16","Smartphone",155.47,1,52,"M","Card",155.47
2024-04-05,"Marseille Vieux-Port","Seller_2","Tablet",940.76,1,40,"F","Cash",940.76
2023-09-03,"Marseille Vieux-Port","Seller_4","Accessories",1134.31,1,34,"M","Cash",1134.31
2023-01-16,"Marseille Vieux-Port","Seller_11","Earbuds",894.9,1,36,"M","Check",894.9
2024-08-23,"Toulouse Capitole","Seller_11","Tablet",1184.44,2,29,"F","Cash",2368.88
2023-10-13,"Toulouse Capitole","Seller_17","Smartphone",781.27,1,37,"M","Cash",781.27
2023-11-25,"Nice Promenade","Seller_6","Earbuds",228.83,2,34,"M","Card",457.66
2024-11-21,"Nice Promenade","Seller_15","Tablet",904.49,1,31,"F","Check",904.49
2023-11-29,"Lyon Part-Dieu","Seller_25","Laptop",729.54,2,50,"F","Card",1459.08
2024-08-31,"Marseille Vieux-Port","Seller_7","Tablet",484.88,1,39,"M","Check",484.88
2023-06-11,"Lyon Part-Dieu","Seller_21","Smartphone",619.27,1,30,"M","",619.27
2023-05-29,"Toulouse Capitole","Seller_1","Laptop",727.7,1,22,"F","Card",727.7
2023-09-04,"Marseille Vieux-Port","Seller_9","Smartphone",1263,1,30,"F","",1263
2023-08-11,"Marseille Vieux-Port","Seller_9","Tablet",1450.32,1,36,"M","Card",1450.32
2023-04-17,"Nice Promenade","Seller_9","Tablet",1468.42,3,40,"M","Card",4405.26
2024-01-31,"Toulouse Capitole","Seller_15","Smartphone",232.95,1,59,NA,"Card",232.95
2024-08-05,"Toulouse Capitole","Seller_6","Smartphone",1290.36,1,43,"M","Cash",1290.36
2023-05-06,"Toulouse Capitole","Seller_5","Smartphone",432.44,1,24,"M","Card",432.44
2023-04-29,"Toulouse Capitole","Seller_10","Smartphone",795.69,4,19,"F","Card",3182.76
2024-07-03,"Nice Promenade","Seller_22","Laptop",499.1,1,33,NA,"Check",499.1
2024-02-19,"Paris Centre","Seller_24","Laptop",965.85,1,65,"M","Card",965.85
2024-12-23,"Paris Centre","Seller_25","Smartphone",1395.55,1,48,"F","Card",1395.55
2024-03-31,"Toulouse Capitole","Seller_12","Smartphone",1486.15,1,40,"M","Card",1486.15
2024-05-17,"Lyon Part-Dieu","Seller_17","Tablet",287.14,1,25,"F","Card",287.14
2023-01-29,"Paris Centre","Seller_17","Smartphone",180.47,1,20,"M","Card",180.47
2023-04-29,"Paris Centre","Seller_5","Tablet",1473.13,1,38,"M","",1473.13
2024-04-13,"Lyon Part-Dieu","Seller_9","Laptop",775,1,35,"F","Cash",775
2023-01-21,"Paris Centre","Seller_17","Smartphone",1270.92,2,23,"F","Card",2541.84
2023-11-01,"Toulouse Capitole","Seller_5","Smartphone",229.71,1,27,"F","Card",229.71
2023-03-19,"Paris Centre","Seller_11","Accessories",966.03,1,38,"F","Cash",966.03
2024-05-21,"Nice Promenade","Seller_21","Tablet",986.23,1,27,"M","Check",986.23
2024-03-30,"Paris Centre","Seller_12","Smartphone",422.76,1,27,"F","Card",422.76
2024-05-09,"Lyon Part-Dieu","Seller_18","Laptop",393.29,1,37,"F","Card",393.29
2024-08-02,"Paris Centre","Seller_1","Laptop",856.37,2,52,"F","Card",1712.74
2023-04-06,"Paris Centre","Seller_3","Earbuds",535.24,1,53,"M","Card",535.24
2024-04-28,"Nice Promenade","Seller_1","Smartwatch",475.59,1,32,"F","Card",475.59
2023-03-20,"Lyon Part-Dieu","Seller_23","Laptop",1141.17,1,27,"M","Cash",1141.17
2024-03-01,"Paris Centre","Seller_23","Earbuds",829.4,1,41,"F","Card",829.4
2023-06-20,"Paris Centre","Seller_1","Tablet",57.05,2,34,"F","Check",114.1
2023-11-21,"Toulouse Capitole","Seller_20","Earbuds",1266.95,1,37,"F","Card",1266.95
2023-04-22,"Lyon Part-Dieu","Seller_2","Laptop",616.4,1,46,"M","Cash",616.4
2023-01-29,"Marseille Vieux-Port","Seller_10","Smartphone",1017.64,1,41,"F","Cash",1017.64
2023-09-29,"Marseille Vieux-Port","Seller_23","Smartphone",1042.79,1,33,"M","Card",1042.79
2024-04-05,"Paris Centre","Seller_17","Tablet",1094.92,2,46,"F","Card",2189.84
2024-08-14,"Paris Centre","Seller_8","Smartphone",1113.83,1,27,"F","",1113.83
2024-11-22,"Nice Promenade","Seller_14","Smartphone",91.52,3,34,"M","Card",274.56
2023-05-03,"Paris Centre","Seller_14","Laptop",1469.84,4,37,"M","Card",5879.36
2024-04-14,"Nice Promenade","Seller_14","Laptop",404.93,2,69,"M","Cash",809.86
2023-01-25,"Paris Centre","Seller_23","Smartwatch",1323.53,2,32,"M","Check",2647.06
2024-10-14,"Paris Centre","Seller_10","Smartphone",1403.07,1,30,"M","Card",1403.07
2023-12-14,"Paris Centre","Seller_9","Smartphone",598.22,2,35,"F","Check",1196.44
2024-07-05,"Lyon Part-Dieu","Seller_19","Tablet",517.28,3,42,"F","Card",1551.84
2024-10-20,"Nice Promenade","Seller_1","Laptop",1369.86,1,44,"F","Cash",1369.86
2024-06-19,"Paris Centre","Seller_18","Smartphone",1127.82,1,34,"M","Card",1127.82
2024-04-04,"Nice Promenade","Seller_13","Laptop",228.71,1,31,"F","Cash",228.71
2023-12-14,"Toulouse Capitole","Seller_10","Tablet",333.38,2,53,"F","Card",666.76
2024-03-10,"Lyon Part-Dieu","Seller_23","Smartphone",616.51,1,60,"M","Card",616.51
2023-10-11,"Marseille Vieux-Port","Seller_19","Laptop",522.18,1,38,"F","Check",522.18
2023-02-09,"Paris Centre","Seller_6","Earbuds",798.63,1,30,"F","Card",798.63
2024-06-02,"Toulouse Capitole","Seller_12","Smartphone",1230.9,1,35,"M","Card",1230.9
2024-10-06,"Nice Promenade","Seller_18","Tablet",77.83,2,40,"M","Card",155.66
2024-06-06,"Paris Centre","Seller_18","Laptop",1418.27,1,40,"M","Card",1418.27
2024-03-29,"Toulouse Capitole","Seller_12","Laptop",109.04,3,44,"F","Card",327.12
2023-12-05,"Paris Centre","Seller_12","Smartphone",702.36,3,40,"M","Card",2107.08
2024-12-31,"Paris Centre","Seller_14","Tablet",497.58,1,31,"F","Card",497.58
2024-11-01,"Lyon Part-Dieu","Seller_10","Laptop",1020.52,2,35,"F","Check",2041.04
2024-08-28,"Toulouse Capitole","Seller_15","Laptop",234.26,2,36,"F","Cash",468.52
2023-09-10,"Marseille Vieux-Port","Seller_10","Smartphone",718.62,1,52,"F","Card",718.62
2024-02-13,"Marseille Vieux-Port","Seller_12","Laptop",969.95,1,35,"M","Cash",969.95
2024-05-07,"Paris Centre","Seller_16","Tablet",521.54,1,40,"M","Card",521.54
2024-02-29,"Lyon Part-Dieu","Seller_21","Tablet",1353.46,1,29,"F","",1353.46
2024-07-01,"Marseille Vieux-Port","Seller_1","Laptop",336.69,1,27,"M","Card",336.69
2024-05-11,"Nice Promenade","Seller_11","Earbuds",293.45,1,47,"M","Card",293.45
2024-12-22,"Lyon Part-Dieu","Seller_13","Tablet",865.4,3,36,"M","Card",2596.2
2023-01-22,"Lyon Part-Dieu","Seller_14","Smartphone",367.72,4,23,NA,"Card",1470.88
2023-07-14,"Toulouse Capitole","Seller_18","Smartwatch",1034.98,1,34,"F","Card",1034.98
2024-11-14,"Paris Centre","Seller_20","Smartphone",1290.6,2,25,NA,"Cash",2581.2
2024-08-23,"Lyon Part-Dieu","Seller_24","Smartphone",NA,4,32,"M","Cash",NA
2024-02-28,"Marseille Vieux-Port","Seller_3","Tablet",1267.21,5,34,"M","Card",6336.05
2023-12-09,"Marseille Vieux-Port","Seller_25","Smartwatch",1479.95,2,44,"M","Card",2959.9
2023-07-31,"Nice Promenade","Seller_16","Laptop",535.37,1,37,"M","Check",535.37
2024-07-11,"Paris Centre","Seller_17","Earbuds",1283.31,1,24,"M","Card",1283.31
2023-10-08,"Paris Centre","Seller_16","Smartphone",1365.27,1,32,"M","Card",1365.27
2024-06-07,"Lyon Part-Dieu","Seller_8","Earbuds",1008.98,1,30,"M","Cash",1008.98
2023-05-31,"Nice Promenade","Seller_18","Laptop",354.92,1,19,"F","Card",354.92
2023-10-18,"Paris Centre","Seller_11","Smartwatch",1122.99,1,41,"F","Card",1122.99
2024-12-22,"Marseille Vieux-Port","Seller_7","Tablet",1215.44,1,33,"M","Check",1215.44
2023-03-27,"Paris Centre","Seller_21","Laptop",934.19,3,16,"F","Cash",2802.57
2024-07-22,"Marseille Vieux-Port","Seller_14","Earbuds",134.81,1,35,"M","Cash",134.81
2023-11-07,"Toulouse Capitole","Seller_15","Accessories",933.62,2,22,"F","Card",1867.24
2023-09-21,"Toulouse Capitole","Seller_9","Laptop",753.78,5,36,"M","Card",3768.9
2023-11-09,"Nice Promenade","Seller_7","Laptop",420.3,2,26,"M","Cash",840.6
2023-05-30,"Paris Centre","Seller_11","Smartphone",261.03,1,26,NA,"Card",261.03
2023-01-01,"Paris Centre","Seller_14","Earbuds",320.67,2,20,"M","",641.34
2024-05-17,"Lyon Part-Dieu","Seller_16","Tablet",875.65,2,46,"F","Card",1751.3
2023-10-05,"Marseille Vieux-Port","Seller_4","Tablet",279.41,1,43,"F","Card",279.41
2023-05-01,"Paris Centre","Seller_8","Smartphone",544.47,1,46,NA,"Card",544.47
2023-09-28,"Marseille Vieux-Port","Seller_16","Smartwatch",208.98,1,37,"F","Cash",208.98
2024-07-19,"Nice Promenade","Seller_22","Earbuds",1196.23,1,47,"F","Card",1196.23
2023-11-22,"Marseille Vieux-Port","Seller_13","Smartwatch",189.27,1,29,"F","Card",189.27
2024-12-16,"Nice Promenade","Seller_10","Laptop",458.11,3,34,"F","Cash",1374.33
2023-11-09,"Lyon Part-Dieu","Seller_18","Earbuds",805.33,1,57,"M","Card",805.33
2024-06-27,"Toulouse Capitole","Seller_8","Smartphone",1123.1,3,27,"F","Card",3369.3
2023-05-12,"Lyon Part-Dieu","Seller_15","Tablet",885.6,1,39,"M","Check",885.6
2024-07-21,"Toulouse Capitole","Seller_1","Laptop",1080.1,2,26,"F","Card",2160.2
2023-06-20,"Lyon Part-Dieu","Seller_16","Laptop",1263.11,1,39,"F","Card",1263.11
2023-07-04,"Nice Promenade","Seller_6","Earbuds",683.52,2,23,"F","Cash",1367.04
2023-09-30,"Lyon Part-Dieu","Seller_9","Tablet",489.24,2,25,"M","Card",978.48
2024-09-04,"Toulouse Capitole","Seller_2","Laptop",1282.47,2,20,"F","Check",2564.94
2024-06-18,"Toulouse Capitole","Seller_13","Smartphone",1180.48,1,44,"F","Card",1180.48
2023-07-04,"Toulouse Capitole","Seller_7","Smartphone",939.75,1,27,"M","Check",939.75
2024-03-29,"Nice Promenade","Seller_18","Smartwatch",389.46,2,36,NA,"Card",778.92
2024-10-08,"Paris Centre","Seller_5","Laptop",581.4,1,36,"F","Card",581.4
2024-11-22,"Marseille Vieux-Port","Seller_3","Earbuds",690.8,1,41,"M","Cash",690.8
2024-01-21,"Paris Centre","Seller_13","Tablet",1434.83,1,40,"F","Card",1434.83
2024-01-30,"Paris Centre","Seller_18","Tablet",326.61,1,36,"F","Card",326.61
2024-12-02,"Toulouse Capitole","Seller_4","Laptop",197.89,3,16,"M","Cash",593.67
2024-06-19,"Lyon Part-Dieu","Seller_2","Smartphone",1409.01,1,47,NA,"Check",1409.01
2024-02-19,"Paris Centre","Seller_17","Laptop",730.53,1,18,"M","Cash",730.53
2024-01-18,"Marseille Vieux-Port","Seller_16","Tablet",1292.48,1,26,"M","Check",1292.48
2024-11-20,"Marseille Vieux-Port","Seller_22","Earbuds",959.32,1,27,"M","Cash",959.32
2023-06-29,"Lyon Part-Dieu","Seller_24","Laptop",157.42,1,48,"F","Card",157.42
2023-10-19,"Toulouse Capitole","Seller_2","Tablet",1283,3,28,"F","Card",3849
2024-07-05,"Nice Promenade","Seller_2","Earbuds",334.01,1,28,"F","Card",334.01
2023-07-18,"Lyon Part-Dieu","Seller_1","Laptop",1367.97,1,36,"F","Card",1367.97
2023-08-12,"Marseille Vieux-Port","Seller_13","Smartphone",463.73,1,71,"F","Card",463.73
2024-01-25,"Nice Promenade","Seller_8","Smartphone",433.77,1,58,"M","Card",433.77
2024-07-25,"Toulouse Capitole","Seller_21","Tablet",1405.89,3,55,"F","Check",4217.67
2023-10-06,"Toulouse Capitole","Seller_21","Smartwatch",1121.8,1,43,"F","Card",1121.8
2024-10-10,"Paris Centre","Seller_18","Earbuds",376.15,1,40,"M","Card",376.15
2023-06-02,"Nice Promenade","Seller_18","Smartphone",267.7,1,20,"F","Card",267.7
2023-07-20,"Toulouse Capitole","Seller_20","Tablet",339.53,1,51,"F","Card",339.53
2023-01-10,"Lyon Part-Dieu","Seller_9","Tablet",1074.09,1,34,"M","Card",1074.09
2024-04-11,"Lyon Part-Dieu","Seller_2","Laptop",510.73,2,32,"F","Card",1021.46
2024-10-29,"Toulouse Capitole","Seller_18","Laptop",292.39,2,34,"F","Card",584.78
2024-01-22,"Lyon Part-Dieu","Seller_6","Accessories",632.64,1,37,"F","Check",632.64
2024-05-18,"Marseille Vieux-Port","Seller_11","Laptop",1307.54,1,70,"M","Cash",1307.54
2024-10-25,"Toulouse Capitole","Seller_9","Smartwatch",553.27,1,27,"M","Card",553.27
2024-01-12,"Nice Promenade","Seller_9","Laptop",665.48,1,16,"F","Card",665.48
2023-04-04,"Toulouse Capitole","Seller_16","Smartphone",1106.74,1,34,NA,"Card",1106.74
2024-07-11,"Marseille Vieux-Port","Seller_18","Laptop",650.87,2,42,NA,"Cash",1301.74
2024-12-30,"Nice Promenade","Seller_15","Smartphone",829.47,2,74,"M","Card",1658.94
2023-01-11,"Lyon Part-Dieu","Seller_21","Smartwatch",1027.01,2,28,"F","Cash",2054.02
2023-10-17,"Lyon Part-Dieu","Seller_7","Tablet",1404.79,3,20,"F","Card",4214.37
2024-11-06,"Toulouse Capitole","Seller_13","Tablet",324.7,2,29,"F","Card",649.4
2024-03-17,"Toulouse Capitole","Seller_5","Smartphone",1020.03,2,16,"M","Card",2040.06
2024-09-20,"Marseille Vieux-Port","Seller_21","Smartphone",418.82,2,46,"F","Cash",837.64
2023-08-17,"Paris Centre","Seller_7","Laptop",885.95,3,47,"M","Card",2657.85
2023-11-02,"Nice Promenade","Seller_17","Smartphone",231.38,1,44,NA,"Card",231.38
2024-06-28,"Toulouse Capitole","Seller_10","Tablet",265.54,3,50,"F","Check",796.62
2023-03-26,"Paris Centre","Seller_5","Smartphone",199.36,2,48,"M","Card",398.72
2024-12-30,"Paris Centre","Seller_14","Smartphone",464.28,1,45,"M","Card",464.28
2023-12-06,"Nice Promenade","Seller_24","Tablet",941.58,1,34,"M","Card",941.58
2023-02-17,"Lyon Part-Dieu","Seller_20","Laptop",1374.81,1,40,NA,"Card",1374.81
2024-11-01,"Lyon Part-Dieu","Seller_4","Laptop",732.24,1,36,"F","Cash",732.24
2024-10-06,"Toulouse Capitole","Seller_25","Smartphone",695.88,2,42,"F","Card",1391.76
2024-05-08,"Marseille Vieux-Port","Seller_8","Smartphone",1352.02,4,47,"M","Check",5408.08
2024-04-21,"Toulouse Capitole","Seller_21","Laptop",1295.34,1,19,"M","Card",1295.34
2023-11-29,"Lyon Part-Dieu","Seller_21","Accessories",799.37,1,23,"M","Card",799.37
2024-10-04,"Nice Promenade","Seller_20","Laptop",907.3,2,36,"M","Card",1814.6
2024-12-12,"Nice Promenade","Seller_24","Tablet",690.21,1,43,"M","Card",690.21
2023-08-31,"Nice Promenade","Seller_16","Earbuds",1309.96,2,25,"M","Card",2619.92
2024-11-02,"Marseille Vieux-Port","Seller_25","Laptop",194.87,1,50,"M","",194.87
2023-08-29,"Nice Promenade","Seller_16","Laptop",1270.09,1,35,"F","Check",1270.09
2024-07-26,"Paris Centre","Seller_25","Laptop",444.18,1,30,"M","Check",444.18
2024-02-04,"Paris Centre","Seller_21","Smartphone",989.7,5,27,"F","",4948.5
2023-05-17,"Nice Promenade","Seller_22","Laptop",1346.1,1,47,"F","Cash",1346.1
2024-04-13,"Nice Promenade","Seller_4","Tablet",1282.54,1,54,"F","Card",1282.54
2023-04-22,"Nice Promenade","Seller_15","Laptop",700.65,1,57,"M","Check",700.65
2024-02-21,"Lyon Part-Dieu","Seller_6","Earbuds",1345.26,2,16,"M","Check",2690.52
2023-05-10,"Toulouse Capitole","Seller_8","Smartphone",278.5,1,62,"F","Card",278.5
2024-04-16,"Paris Centre","Seller_7","Earbuds",351.85,3,58,"M","Check",1055.55
2024-01-03,"Nice Promenade","Seller_16","Smartphone",1120.56,1,49,"F","Card",1120.56
2024-02-24,"Nice Promenade","Seller_24","Laptop",461.18,1,48,"M","Card",461.18
2023-12-31,"Toulouse Capitole","Seller_22","Laptop",1026.34,1,42,"M","Card",1026.34
2023-05-24,"Toulouse Capitole","Seller_20","Tablet",966.09,1,42,"F","Card",966.09
2024-06-30,"Nice Promenade","Seller_5","Laptop",311.67,1,41,"M","Card",311.67
2024-03-18,"Paris Centre","Seller_11","Laptop",192.91,1,41,"F","Check",192.91
2023-11-06,"Nice Promenade","Seller_20","Smartphone",489.99,4,22,"F","Check",1959.96
2023-09-09,"Toulouse Capitole","Seller_22","Earbuds",792.23,2,35,"M","",1584.46
2024-05-21,"Marseille Vieux-Port","Seller_6","Tablet",349.6,1,46,"F","Card",349.6
2024-09-04,"Marseille Vieux-Port","Seller_11","Earbuds",392.5,1,55,NA,"Card",392.5
2024-08-04,"Marseille Vieux-Port","Seller_16","Accessories",242.61,1,18,"M","Card",242.61
2023-08-27,"Paris Centre","Seller_9","Smartphone",686.23,2,57,"M","Card",1372.46
2023-05-01,"Toulouse Capitole","Seller_25","Smartwatch",1247.64,1,46,"F","Cash",1247.64
2023-02-08,"Nice Promenade","Seller_5","Tablet",164.03,1,21,"M","Card",164.03
2023-12-01,"Paris Centre","Seller_17","Laptop",613.11,2,39,"M","Card",1226.22
2023-10-25,"Marseille Vieux-Port","Seller_16","Accessories",1394.85,2,33,"F","Check",2789.7
2024-09-03,"Marseille Vieux-Port","Seller_16","Laptop",1065.98,2,63,"M","Card",2131.96
2024-11-28,"Lyon Part-Dieu","Seller_21","Earbuds",1136.8,2,34,"F","",2273.6
2023-12-19,"Lyon Part-Dieu","Seller_24","Smartphone",540.13,2,43,NA,"Card",1080.26
2024-05-14,"Toulouse Capitole","Seller_25","Laptop",337.15,1,25,"F","Check",337.15
2024-09-25,"Nice Promenade","Seller_9","Smartphone",537.39,1,54,"M","Card",537.39
2023-10-13,"Nice Promenade","Seller_15","Earbuds",1368.29,2,45,"M","Card",2736.58
2023-03-10,"Toulouse Capitole","Seller_11","Smartphone",287.81,1,22,"M","Card",287.81
2024-09-23,"Marseille Vieux-Port","Seller_14","Laptop",1424.25,1,16,"F","Check",1424.25
2023-09-01,"Paris Centre","Seller_17","Accessories",554.53,1,64,"M","Card",554.53
2023-06-14,"Nice Promenade","Seller_10","Smartphone",1435.64,2,32,"M","Card",2871.28
2023-02-19,"Paris Centre","Seller_12","Laptop",633.5,2,19,"F","Card",1267
2024-08-31,"Lyon Part-Dieu","Seller_25","Smartphone",1229.07,1,40,"M","Cash",1229.07
2024-04-05,"Nice Promenade","Seller_7","Smartwatch",565.05,2,53,"F","Card",1130.1
2024-03-27,"Paris Centre","Seller_12","Smartphone",1221.37,1,42,"F","Check",1221.37
2023-05-26,"Nice Promenade","Seller_16","Smartphone",560.26,1,33,"M","Card",560.26
2023-02-09,"Toulouse Capitole","Seller_12","Laptop",1419.92,3,28,"M","Card",4259.76
2023-02-19,"Nice Promenade","Seller_3","Tablet",1257.54,1,33,"F","Card",1257.54
2024-07-04,"Paris Centre","Seller_9","Smartphone",894.98,2,20,"M","Card",1789.96
2023-09-24,"Toulouse Capitole","Seller_15","Smartphone",521.54,1,66,"F","Card",521.54
2023-11-07,"Paris Centre","Seller_3","Smartphone",1423.18,1,29,NA,"",1423.18
2024-12-31,"Paris Centre","Seller_20","Earbuds",843.85,1,16,"M","Card",843.85
2023-07-13,"Paris Centre","Seller_6","Smartphone",483.47,1,42,"M","Card",483.47
2024-08-21,"Toulouse Capitole","Seller_15","Smartwatch",1142.13,2,30,NA,"Card",2284.26
2023-04-08,"Toulouse Capitole","Seller_21","Smartphone",193.22,3,53,"M","Card",579.66
2024-08-31,"Nice Promenade","Seller_6","Accessories",1251.75,1,43,"M","Card",1251.75
2023-02-03,"Marseille Vieux-Port","Seller_17","Tablet",941.92,2,35,"M","",1883.84
2024-07-06,"Toulouse Capitole","Seller_5","Tablet",433.89,1,42,"M","Card",433.89
2024-05-18,"Marseille Vieux-Port","Seller_19","Tablet",105.83,2,59,"M","Card",211.66
2024-07-07,"Marseille Vieux-Port","Seller_22","Tablet",184.56,1,60,"M","Cash",184.56
2024-03-05,"Marseille Vieux-Port","Seller_14","Smartphone",1174.32,2,34,"M","Cash",2348.64
2024-06-03,"Paris Centre","Seller_25","Tablet",855.06,2,38,"M","Check",1710.12
2023-12-22,"Lyon Part-Dieu","Seller_11","Laptop",708.39,1,38,"F","Card",708.39
2024-07-21,"Lyon Part-Dieu","Seller_21","Accessories",1249.76,1,27,"M","Card",1249.76
2024-12-28,"Toulouse Capitole","Seller_5","Laptop",1160.25,1,24,"M","Card",1160.25
2024-03-29,"Paris Centre","Seller_9","Earbuds",1339.45,3,29,NA,"Card",4018.35
2024-05-04,"Toulouse Capitole","Seller_7","Laptop",925.2,1,44,NA,"Card",925.2
2024-02-12,"Marseille Vieux-Port","Seller_18","Laptop",491.39,4,16,"M","Check",1965.56
2024-11-10,"Nice Promenade","Seller_9","Tablet",559.47,2,37,"M","Card",1118.94
2024-05-23,"Lyon Part-Dieu","Seller_18","Smartwatch",404.35,3,43,NA,"Card",1213.05
2024-11-14,"Nice Promenade","Seller_2","Laptop",1400.64,2,26,"M","Check",2801.28
2023-09-08,"Toulouse Capitole","Seller_14","Tablet",731.77,2,28,"M","Cash",1463.54
2023-10-03,"Marseille Vieux-Port","Seller_5","Laptop",1175.58,2,24,NA,"Card",2351.16
2024-05-20,"Marseille Vieux-Port","Seller_21","Accessories",446.44,2,25,"F","",892.88
2024-04-04,"Marseille Vieux-Port","Seller_15","Earbuds",1030.07,2,16,"M","Card",2060.14
2023-12-02,"Marseille Vieux-Port","Seller_5","Tablet",178.7,1,59,NA,"Card",178.7
2023-01-13,"Lyon Part-Dieu","Seller_6","Tablet",1237.56,2,16,"M","Cash",2475.12
2024-08-11,"Marseille Vieux-Port","Seller_9","Laptop",523.96,1,35,"M","Cash",523.96
2024-10-26,"Lyon Part-Dieu","Seller_21","Tablet",1035.01,1,66,"M","Card",1035.01
2023-07-11,"Nice Promenade","Seller_8","Laptop",1099.98,2,45,"F","Card",2199.96
2024-07-20,"Paris Centre","Seller_10","Smartphone",707.18,1,38,"M","Card",707.18
2024-05-12,"Nice Promenade","Seller_23","Accessories",1197.29,2,31,"F","",2394.58
2023-09-06,"Lyon Part-Dieu","Seller_21","Laptop",334.77,1,16,"M","Card",334.77
2024-03-31,"Nice Promenade","Seller_23","Smartphone",1126.39,2,47,"F","Card",2252.78
2023-02-10,"Nice Promenade","Seller_24","Smartphone",639.71,3,31,"F","Card",1919.13
2024-01-31,"Marseille Vieux-Port","Seller_18","Smartphone",217.17,1,16,"M","Card",217.17
2024-01-18,"Marseille Vieux-Port","Seller_20","Smartphone",1406.43,2,37,"F","Card",2812.86
2023-06-08,"Nice Promenade","Seller_13","Laptop",110.63,1,34,"M","Card",110.63
2024-05-29,"Nice Promenade","Seller_20","Laptop",1093.91,1,37,NA,"Card",1093.91
2024-09-08,"Paris Centre","Seller_24","Earbuds",485.3,1,59,"F","Cash",485.3
2024-01-21,"Lyon Part-Dieu","Seller_20","Tablet",390.85,3,20,"M","",1172.55
2023-02-04,"Nice Promenade","Seller_20","Laptop",444.28,3,41,"M","Card",1332.84
2024-06-27,"Nice Promenade","Seller_5","Laptop",584.55,1,40,"F","Cash",584.55
2024-09-18,"Lyon Part-Dieu","Seller_15","Tablet",105.96,1,25,"M","Cash",105.96
2023-01-25,"Nice Promenade","Seller_2","Laptop",1416.89,2,41,"F","Card",2833.78
2024-08-30,"Paris Centre","Seller_16","Smartphone",668.96,1,39,"F","Card",668.96
2023-10-27,"Marseille Vieux-Port","Seller_13","Earbuds",804.57,1,54,"M","Card",804.57
2023-10-16,"Paris Centre","Seller_19","Tablet",553.88,2,29,NA,"Card",1107.76
2023-03-25,"Nice Promenade","Seller_3","Tablet",763.28,1,36,"F","Card",763.28
2024-01-05,"Paris Centre","Seller_22","Earbuds",756.02,1,31,"F","Card",756.02
2023-11-14,"Nice Promenade","Seller_5","Tablet",1272.77,1,43,"F","Card",1272.77
2023-10-10,"Marseille Vieux-Port","Seller_25","Smartphone",1336.38,1,28,"F","Cash",1336.38
2023-08-19,"Marseille Vieux-Port","Seller_1","Smartphone",892,1,49,"M","Card",892
2023-09-01,"Paris Centre","Seller_25","Earbuds",925.52,1,31,"M","Card",925.52
2023-09-28,"Nice Promenade","Seller_6","Tablet",1444.65,1,44,"M","Card",1444.65
2023-01-27,"Lyon Part-Dieu","Seller_3","Laptop",1120.98,5,40,"M","Cash",5604.9
2023-01-31,"Lyon Part-Dieu","Seller_19","Smartphone",1381.39,2,38,"M","Card",2762.78
2024-01-22,"Nice Promenade","Seller_20","Smartphone",514.7,2,54,"F","Card",1029.4
2024-02-01,"Nice Promenade","Seller_20","Smartphone",1271.02,3,29,"M","Card",3813.06
2023-11-28,"Paris Centre","Seller_21","Smartphone",1272.92,1,17,"F","Card",1272.92
2023-04-14,"Nice Promenade","Seller_2","Laptop",1074.74,2,50,"M","Card",2149.48
2023-11-13,"Lyon Part-Dieu","Seller_22","Earbuds",806.47,1,20,"M","Card",806.47
2023-05-17,"Paris Centre","Seller_13","Smartwatch",666.17,1,33,"F","Card",666.17
2024-04-10,"Marseille Vieux-Port","Seller_9","Smartphone",1493.23,1,64,"F","Cash",1493.23
2024-06-15,"Paris Centre","Seller_20","Laptop",1299.59,1,26,"M","Card",1299.59
2023-06-13,"Marseille Vieux-Port","Seller_6","Tablet",754.18,5,41,"M","Card",3770.9
2024-05-06,"Paris Centre","Seller_17","Tablet",858.87,1,19,"M","Card",858.87
2023-02-07,"Marseille Vieux-Port","Seller_23","Tablet",178.44,2,38,"M","Card",356.88
2024-02-27,"Paris Centre","Seller_14","Smartwatch",551.8,1,42,"F","Cash",551.8
2023-08-07,"Marseille Vieux-Port","Seller_5","Earbuds",442,1,17,"F","Card",442
2023-11-22,"Marseille Vieux-Port","Seller_21","Laptop",334.79,2,51,NA,"Check",669.58
2024-11-26,"Marseille Vieux-Port","Seller_6","Tablet",1112.02,1,31,"F","Card",1112.02
2024-09-06,"Lyon Part-Dieu","Seller_19","Earbuds",399.19,3,34,"M","Card",1197.57
2023-08-11,"Marseille Vieux-Port","Seller_19","Smartphone",1497.45,2,25,"F","Card",2994.9
2023-05-07,"Marseille Vieux-Port","Seller_14","Laptop",773.73,2,37,"M","Card",1547.46
2024-07-03,"Nice Promenade","Seller_18","Smartphone",937.45,1,34,"F","Card",937.45
2023-07-04,"Marseille Vieux-Port","Seller_16","Laptop",358.32,3,16,"F","Card",1074.96
2024-05-25,"Toulouse Capitole","Seller_12","Laptop",192.22,2,24,NA,"Cash",384.44
2024-09-20,"Paris Centre","Seller_6","Smartphone",881.78,1,25,"F","Card",881.78
2024-02-13,"Lyon Part-Dieu","Seller_4","Earbuds",345.52,1,27,NA,"Card",345.52
2024-02-07,"Marseille Vieux-Port","Seller_22","Laptop",604.44,1,41,"M","Card",604.44
2024-04-02,"Marseille Vieux-Port","Seller_8","Tablet",1428.86,1,27,"M","Card",1428.86
2023-02-10,"Marseille Vieux-Port","Seller_2","Earbuds",540.41,1,44,"F","Check",540.41
2024-01-30,"Marseille Vieux-Port","Seller_16","Earbuds",305.68,1,19,"F","Card",305.68
2023-12-12,"Marseille Vieux-Port","Seller_15","Laptop",904.23,4,32,"F","Check",3616.92
2024-11-15,"Marseille Vieux-Port","Seller_17","Earbuds",1259.58,1,26,"M","Cash",1259.58
2023-11-02,"Marseille Vieux-Port","Seller_17","Smartphone",1477.87,1,36,"M","Cash",1477.87
2024-03-26,"Marseille Vieux-Port","Seller_2","Tablet",938.42,1,22,"F","Card",938.42
2024-08-30,"Toulouse Capitole","Seller_5","Laptop",630.81,1,39,"F","Card",630.81
2023-02-14,"Nice Promenade","Seller_11","Laptop",1326.99,1,21,"F","Card",1326.99
2023-12-20,"Nice Promenade","Seller_23","Earbuds",1078.99,1,49,NA,"Card",1078.99
2024-04-26,"Toulouse Capitole","Seller_22","Laptop",944.98,3,30,"F","Card",2834.94
2023-09-12,"Nice Promenade","Seller_20","Laptop",1017.61,1,33,"M","Cash",1017.61
2023-02-19,"Paris Centre","Seller_1","Smartphone",873.98,2,39,"F","Card",1747.96
2023-05-03,"Paris Centre","Seller_4","Tablet",416.87,1,29,"M","Card",416.87
2023-05-01,"Nice Promenade","Seller_1","Smartphone",1087.62,1,48,NA,"Check",1087.62
2024-08-14,"Toulouse Capitole","Seller_4","Earbuds",1152.09,4,16,NA,"Card",4608.36
2023-01-14,"Lyon Part-Dieu","Seller_5","Tablet",951.57,2,49,"M","Cash",1903.14
2024-01-05,"Marseille Vieux-Port","Seller_4","Earbuds",1471.53,2,58,"F","Card",2943.06
2024-10-24,"Lyon Part-Dieu","Seller_8","Earbuds",1338.56,1,40,NA,"Cash",1338.56
2024-02-02,"Lyon Part-Dieu","Seller_7","Laptop",106.13,2,24,"M","Card",212.26
2023-09-27,"Lyon Part-Dieu","Seller_6","Laptop",758.59,1,44,"M","Card",758.59
2024-05-08,"Lyon Part-Dieu","Seller_21","Laptop",559.52,1,22,"M","Card",559.52
2024-01-17,"Toulouse Capitole","Seller_25","Laptop",1181.93,1,43,"M","Cash",1181.93
2024-11-11,"Paris Centre","Seller_18","Tablet",523.14,3,43,"F","Cash",1569.42
2023-06-29,"Lyon Part-Dieu","Seller_19","Tablet",1491.76,1,60,"M","Card",1491.76
2023-04-18,"Toulouse Capitole","Seller_18","Laptop",500.83,3,21,"M","Card",1502.49
2023-05-08,"Nice Promenade","Seller_10","Accessories",466.76,1,28,"M","Card",466.76
2024-07-24,"Lyon Part-Dieu","Seller_13","Smartphone",269.96,1,22,"F","Check",269.96
2023-01-12,"Lyon Part-Dieu","Seller_23","Earbuds",1321.69,3,41,"F","Card",3965.07
2023-07-28,"Toulouse Capitole","Seller_12","Earbuds",1118.83,4,41,"M","Card",4475.32
2023-10-22,"Lyon Part-Dieu","Seller_7","Accessories",665.03,2,48,"F","Card",1330.06
2023-08-04,"Toulouse Capitole","Seller_1","Accessories",201.64,1,67,"M","Card",201.64
2023-02-21,"Toulouse Capitole","Seller_24","Smartphone",1262.37,3,24,"M","Card",3787.11
2024-02-17,"Lyon Part-Dieu","Seller_14","Smartphone",1042.48,1,22,"F","",1042.48
2023-02-12,"Nice Promenade","Seller_25","Smartphone",666.77,1,26,"M","Card",666.77
2024-03-22,"Nice Promenade","Seller_15","Tablet",486.52,1,35,"M","Card",486.52
2024-10-06,"Paris Centre","Seller_4","Earbuds",602.32,2,25,"F","",1204.64
2023-08-08,"Paris Centre","Seller_9","Laptop",870.2,3,17,"F","Card",2610.6
2023-02-21,"Marseille Vieux-Port","Seller_4","Laptop",1118.27,3,47,"M","Card",3354.81
2023-03-23,"Marseille Vieux-Port","Seller_14","Laptop",585.28,1,16,"F","Cash",585.28
2024-07-29,"Nice Promenade","Seller_1","Tablet",427.05,3,40,"M","Card",1281.15
2024-03-21,"Nice Promenade","Seller_20","Earbuds",298.45,3,48,"F","Card",895.35
2023-12-31,"Marseille Vieux-Port","Seller_14","Earbuds",1152.54,1,52,NA,"Card",1152.54
2024-04-12,"Toulouse Capitole","Seller_17","Earbuds",508.81,1,46,NA,"Card",508.81
2023-04-27,"Nice Promenade","Seller_18","Smartphone",1106.8,1,51,"M","Card",1106.8
2024-08-22,"Lyon Part-Dieu","Seller_12","Tablet",219.49,1,21,"M","Card",219.49
2023-08-01,"Marseille Vieux-Port","Seller_17","Smartphone",292.18,2,41,"F","Card",584.36
2024-08-20,"Nice Promenade","Seller_13","Smartwatch",939.11,1,32,"F","Check",939.11
2023-07-09,"Toulouse Capitole","Seller_11","Tablet",223.07,1,16,"F","Cash",223.07
2023-06-07,"Toulouse Capitole","Seller_10","Smartwatch",784.76,2,23,"F","Card",1569.52
2024-02-07,"Marseille Vieux-Port","Seller_14","Smartphone",641.4,2,46,"F","Check",1282.8
2023-02-13,"Toulouse Capitole","Seller_19","Earbuds",1181.54,2,37,"F","Card",2363.08
2024-05-21,"Lyon Part-Dieu","Seller_15","Smartphone",56.36,3,20,"M","Cash",169.08
2024-02-18,"Marseille Vieux-Port","Seller_19","Smartphone",591.59,2,39,"F","Check",1183.18
2023-05-18,"Lyon Part-Dieu","Seller_18","Smartphone",578.13,2,41,"F","Card",1156.26
2024-11-14,"Nice Promenade","Seller_13","Smartphone",1304.78,1,27,"F","Card",1304.78
2024-02-17,"Paris Centre","Seller_24","Laptop",1041.75,1,27,"F","Cash",1041.75
2024-02-07,"Marseille Vieux-Port","Seller_17","Earbuds",427.91,1,38,"F","Card",427.91
2024-05-06,"Toulouse Capitole","Seller_23","Laptop",1294.6,1,33,"F","Check",1294.6
2023-08-02,"Nice Promenade","Seller_21","Earbuds",1291.76,1,49,"M","Card",1291.76
2024-04-12,"Marseille Vieux-Port","Seller_3","Laptop",1114.47,1,47,"F","Card",1114.47
2024-07-17,"Nice Promenade","Seller_11","Laptop",524.86,1,35,"M","Card",524.86
2024-10-09,"Paris Centre","Seller_12","Accessories",591.13,3,16,"M","Card",1773.39
2023-01-21,"Toulouse Capitole","Seller_8","Smartwatch",1470.74,1,30,"M","Card",1470.74
2023-11-26,"Nice Promenade","Seller_7","Tablet",254.91,1,43,"F","Card",254.91
2023-08-28,"Paris Centre","Seller_24","Laptop",274.67,2,45,"F","Card",549.34
2023-05-31,"Lyon Part-Dieu","Seller_6","Laptop",811.67,1,19,"M","Card",811.67
2024-04-02,"Toulouse Capitole","Seller_13","Laptop",1343.04,1,46,"M","Check",1343.04
2024-11-29,"Lyon Part-Dieu","Seller_6","Earbuds",351.77,2,54,"M","Check",703.54
2023-08-29,"Toulouse Capitole","Seller_24","Tablet",593.85,1,32,"F","Card",593.85
2024-09-29,"Toulouse Capitole","Seller_16","Accessories",355.15,3,33,"M","",1065.45
2024-02-05,"Nice Promenade","Seller_13","Smartwatch",702.85,2,63,"M","Card",1405.7
2024-04-02,"Nice Promenade","Seller_18","Tablet",290.47,1,28,"F","Card",290.47
2023-03-08,"Nice Promenade","Seller_13","Smartwatch",792.79,1,41,"F","Card",792.79
2023-01-11,"Paris Centre","Seller_18","Laptop",82.52,1,44,"F","Card",82.52
2023-10-25,"Paris Centre","Seller_12","Earbuds",686.46,1,34,"F","Cash",686.46
2023-10-29,"Paris Centre","Seller_7","Smartphone",672.57,1,45,"M","Card",672.57
2024-01-31,"Lyon Part-Dieu","Seller_19","Tablet",568.41,3,28,"M","Card",1705.23
2024-01-17,"Nice Promenade","Seller_12","Earbuds",473.03,5,47,"M","Card",2365.15
2024-11-04,"Lyon Part-Dieu","Seller_19","Laptop",806.07,1,23,NA,"Cash",806.07
2023-08-24,"Lyon Part-Dieu","Seller_16","Earbuds",915.5,2,42,"F","Card",1831
2023-08-31,"Toulouse Capitole","Seller_9","Laptop",831.76,3,44,"F","Card",2495.28
2023-01-04,"Lyon Part-Dieu","Seller_13","Tablet",1073.57,2,26,"F","Card",2147.14
2023-10-15,"Paris Centre","Seller_24","Smartphone",125.15,1,25,NA,"Card",125.15
2024-05-30,"Toulouse Capitole","Seller_1","Smartphone",532.75,4,57,"M","Card",2131
2023-11-16,"Toulouse Capitole","Seller_8","Tablet",1287.42,1,47,"F","Check",1287.42
2023-12-26,"Marseille Vieux-Port","Seller_8","Smartphone",458.43,1,40,"M","Card",458.43
2023-01-28,"Marseille Vieux-Port","Seller_8","Smartphone",1111.94,1,42,"M","Card",1111.94
2023-06-11,"Toulouse Capitole","Seller_17","Laptop",251.11,2,57,"M","Cash",502.22
2024-07-13,"Paris Centre","Seller_2","Tablet",885.09,1,23,"M","Card",885.09
2023-05-31,"Paris Centre","Seller_15","Earbuds",1036.13,1,35,"F","Card",1036.13
2024-03-04,"Paris Centre","Seller_22","Smartphone",715.26,1,43,"F","Card",715.26
2023-11-19,"Marseille Vieux-Port","Seller_20","Smartphone",1314.28,1,32,"M","Card",1314.28
2024-01-09,"Lyon Part-Dieu","Seller_24","Laptop",651.16,1,44,"F","Check",651.16
2023-08-17,"Toulouse Capitole","Seller_22","Laptop",422.17,2,33,"F","Card",844.34
2024-07-25,"Toulouse Capitole","Seller_13","Accessories",1440.22,1,41,"M","Card",1440.22
2024-04-26,"Paris Centre","Seller_14","Accessories",808.69,1,34,NA,"Card",808.69
2024-06-24,"Nice Promenade","Seller_21","Smartphone",270.22,1,47,"F","Card",270.22
2024-06-29,"Paris Centre","Seller_2","Laptop",723.81,1,23,"M","Check",723.81
2024-07-23,"Lyon Part-Dieu","Seller_25","Laptop",1273.6,1,29,"F","Card",1273.6
2024-09-06,"Marseille Vieux-Port","Seller_6","Earbuds",504.2,1,16,"F","Card",504.2
2024-02-27,"Lyon Part-Dieu","Seller_11","Smartwatch",747.78,1,50,"M","Card",747.78
2024-03-22,"Marseille Vieux-Port","Seller_20","Smartphone",989.68,3,34,"M","Card",2969.04
2024-11-12,"Marseille Vieux-Port","Seller_11","Laptop",1353.66,1,17,"F","",1353.66
2024-08-31,"Lyon Part-Dieu","Seller_9","Tablet",1046.37,1,36,"M","Card",1046.37
2024-02-27,"Paris Centre","Seller_15","Smartphone",1175.6,3,43,"F","Card",3526.8
2023-02-05,"Lyon Part-Dieu","Seller_7","Smartwatch",1023.4,1,26,"F","Cash",1023.4
2024-05-09,"Lyon Part-Dieu","Seller_10","Tablet",130.81,1,33,"F","Card",130.81
2024-03-30,"Toulouse Capitole","Seller_24","Smartphone",1023.72,1,38,"F","Card",1023.72
2024-06-15,"Paris Centre","Seller_20","Laptop",408.47,2,35,"M","Card",816.94
2023-05-27,"Lyon Part-Dieu","Seller_23","Tablet",801.19,1,34,"F","",801.19
2024-12-30,"Paris Centre","Seller_22","Smartphone",58.64,2,30,"M","Card",117.28
2024-07-21,"Paris Centre","Seller_22","Smartphone",987.1,1,62,"M","Card",987.1
2024-10-25,"Marseille Vieux-Port","Seller_10","Accessories",378.1,2,45,"M","Card",756.2
2023-10-07,"Lyon Part-Dieu","Seller_11","Tablet",1077.2,1,30,"F","Cash",1077.2
2024-11-02,"Lyon Part-Dieu","Seller_1","Smartphone",521.02,1,24,"M","Card",521.02
2023-12-03,"Marseille Vieux-Port","Seller_4","Smartphone",1158.8,2,41,NA,"Card",2317.6
2023-11-28,"Marseille Vieux-Port","Seller_18","Smartphone",1060.53,1,34,"F","Cash",1060.53
2023-09-05,"Lyon Part-Dieu","Seller_19","Laptop",1274.21,1,42,"M","Card",1274.21
2023-06-27,"Marseille Vieux-Port","Seller_9","Smartwatch",1361.55,3,69,"M","Card",4084.65
2023-08-12,"Lyon Part-Dieu","Seller_24","Smartphone",80.82,5,55,"F","Card",404.1
2024-09-04,"Nice Promenade","Seller_25","Smartwatch",55.17,1,34,"M","Card",55.17
2023-01-18,"Lyon Part-Dieu","Seller_12","Smartphone",117.31,2,54,"M","Card",234.62
2023-10-25,"Toulouse Capitole","Seller_18","Smartphone",441.25,1,55,"F","Card",441.25
2024-07-01,"Paris Centre","Seller_11","Smartwatch",949.44,3,52,NA,"Card",2848.32
2024-08-27,"Marseille Vieux-Port","Seller_23","Earbuds",114.58,1,33,"M","Card",114.58
2024-04-29,"Lyon Part-Dieu","Seller_25","Laptop",199.65,1,33,"M","Card",199.65
2024-02-03,"Lyon Part-Dieu","Seller_7","Tablet",451.38,3,48,"M","Card",1354.14
2023-11-11,"Paris Centre","Seller_16","Laptop",251.17,2,32,"M","Card",502.34
2024-04-20,"Lyon Part-Dieu","Seller_16","Tablet",610.5,2,49,"M","Card",1221
2023-01-24,"Toulouse Capitole","Seller_18","Smartphone",1480.46,1,31,"M","Card",1480.46
2023-03-11,"Nice Promenade","Seller_7","Smartphone",586.28,1,16,"M","Card",586.28
2023-05-10,"Nice Promenade","Seller_14","Laptop",279.83,1,37,"F","Card",279.83
2023-05-30,"Marseille Vieux-Port","Seller_4","Smartphone",953.61,1,22,"M","Cash",953.61
2024-04-13,"Nice Promenade","Seller_10","Earbuds",787.8,1,37,"F","Card",787.8
2023-11-23,"Nice Promenade","Seller_22","Smartphone",1200.45,2,16,NA,"Check",2400.9
2023-02-06,"Marseille Vieux-Port","Seller_10","Smartphone",1312.55,1,22,"F","Card",1312.55
2023-05-01,"Paris Centre","Seller_17","Tablet",1258.39,1,51,"F","Card",1258.39
2023-01-10,"Nice Promenade","Seller_3","Earbuds",394.24,1,44,"M","Cash",394.24
2023-07-26,"Lyon Part-Dieu","Seller_1","Smartwatch",128.25,2,20,"M","Card",256.5
2024-02-17,"Lyon Part-Dieu","Seller_9","Tablet",1159.96,2,16,"F","Check",2319.92
2023-05-06,"Lyon Part-Dieu","Seller_18","Smartphone",1412.02,2,34,"F","Card",2824.04
2024-12-26,"Nice Promenade","Seller_8","Tablet",569.44,1,20,"F","",569.44
2023-01-31,"Lyon Part-Dieu","Seller_4","Laptop",596.43,1,32,"M","Card",596.43
2024-12-31,"Lyon Part-Dieu","Seller_20","Laptop",298.81,1,43,"F","Card",298.81
2023-10-28,"Toulouse Capitole","Seller_18","Smartphone",1457.2,2,22,"M","Card",2914.4
2023-04-10,"Marseille Vieux-Port","Seller_7","Laptop",272.04,1,16,"F","Card",272.04
2023-03-02,"Marseille Vieux-Port","Seller_18","Earbuds",1400.26,1,45,"M","",1400.26
2023-12-01,"Marseille Vieux-Port","Seller_15","Tablet",81.39,2,23,"F","Card",162.78
2024-04-30,"Lyon Part-Dieu","Seller_18","Earbuds",825.05,1,28,"F","Card",825.05
2023-07-10,"Toulouse Capitole","Seller_13","Tablet",930.12,1,16,"M","Check",930.12
2023-10-23,"Lyon Part-Dieu","Seller_8","Smartphone",85.49,2,35,"M","Check",170.98
2024-06-26,"Toulouse Capitole","Seller_15","Accessories",666.5,2,56,"F","Card",1333
2024-07-15,"Toulouse Capitole","Seller_13","Laptop",1250.18,2,19,"M","Card",2500.36
2024-04-15,"Marseille Vieux-Port","Seller_4","Smartphone",1226.6,1,33,"F","Check",1226.6
2023-06-29,"Nice Promenade","Seller_1","Smartphone",570.5,2,39,NA,"Card",1141
2023-03-23,"Nice Promenade","Seller_18","Tablet",883.02,1,39,NA,"Card",883.02
2024-03-14,"Toulouse Capitole","Seller_8","Smartwatch",1038.79,3,42,"M","Card",3116.37
2023-08-25,"Marseille Vieux-Port","Seller_12","Smartphone",1101,2,29,NA,"Card",2202
2024-12-25,"Paris Centre","Seller_25","Earbuds",1494.79,1,30,"F","Card",1494.79
2023-09-02,"Toulouse Capitole","Seller_18","Tablet",620.28,1,46,"F","Card",620.28
2023-02-14,"Marseille Vieux-Port","Seller_12","Smartphone",379.49,1,55,"M","Check",379.49
2024-12-22,"Toulouse Capitole","Seller_11","Earbuds",1260.43,1,31,"F","Cash",1260.43
2024-07-01,"Marseille Vieux-Port","Seller_22","Laptop",1085.44,3,53,"M","Card",3256.32
2023-12-12,"Lyon Part-Dieu","Seller_3","Earbuds",569.05,1,51,"M","Card",569.05
2023-08-28,"Marseille Vieux-Port","Seller_23","Laptop",417.95,1,29,"M","Card",417.95
2023-03-25,"Nice Promenade","Seller_3","Smartphone",1054.29,1,30,"F","Card",1054.29
2024-12-18,"Marseille Vieux-Port","Seller_9","Accessories",1134.63,1,38,"F","Card",1134.63
2024-12-06,"Toulouse Capitole","Seller_5","Smartphone",242.74,2,24,"F","Card",485.48
2023-05-28,"Marseille Vieux-Port","Seller_3","Earbuds",1240.51,1,32,"F","Card",1240.51
2024-07-23,"Paris Centre","Seller_19","Laptop",54.39,1,20,"F","Card",54.39
2024-05-03,"Paris Centre","Seller_14","Earbuds",841.57,1,38,NA,"Card",841.57
2024-04-11,"Toulouse Capitole","Seller_11","Tablet",973.93,1,52,"F","Card",973.93
2023-04-06,"Nice Promenade","Seller_12","Laptop",635.29,1,46,"M","Card",635.29
2024-04-25,"Toulouse Capitole","Seller_17","Tablet",424.18,1,36,"F","Card",424.18
2024-03-04,"Lyon Part-Dieu","Seller_2","Smartwatch",389.14,1,22,"M","Check",389.14
2023-09-28,"Lyon Part-Dieu","Seller_13","Laptop",432.05,5,32,"F","Card",2160.25
2024-04-12,"Nice Promenade","Seller_16","Earbuds",1464.13,1,37,"M","Card",1464.13
2023-01-11,"Nice Promenade","Seller_1","Smartphone",1305.78,2,21,"F","Card",2611.56
2023-12-17,"Nice Promenade","Seller_20","Tablet",190.84,1,32,"F","Card",190.84
2024-09-28,"Lyon Part-Dieu","Seller_24","Smartphone",1326.35,1,36,"M","Check",1326.35
2023-03-08,"Lyon Part-Dieu","Seller_3","Smartphone",837.25,2,44,"M","Card",1674.5
2023-03-20,"Marseille Vieux-Port","Seller_14","Tablet",601.21,1,33,"M","Card",601.21
2024-02-17,"Nice Promenade","Seller_6","Smartphone",1460.97,1,43,"F","Card",1460.97
2023-06-03,"Toulouse Capitole","Seller_4","Smartphone",899.04,2,31,"M","",1798.08
2023-01-18,"Lyon Part-Dieu","Seller_7","Earbuds",1341.86,2,20,"M","Cash",2683.72
2023-06-09,"Lyon Part-Dieu","Seller_3","Smartwatch",405.84,1,45,"M","Card",405.84
2023-05-25,"Toulouse Capitole","Seller_14","Tablet",492.45,1,42,"F","Cash",492.45
2024-11-08,"Nice Promenade","Seller_2","Laptop",1154.77,3,27,NA,"Check",3464.31
2024-07-14,"Toulouse Capitole","Seller_2","Accessories",883.55,1,51,"M","Card",883.55
2023-06-15,"Nice Promenade","Seller_21","Laptop",890.44,1,39,"M","Card",890.44
2024-12-23,"Marseille Vieux-Port","Seller_5","Laptop",1389.63,1,27,"M","Card",1389.63
2024-02-02,"Marseille Vieux-Port","Seller_5","Smartphone",951.17,1,38,"F","Card",951.17
2024-11-02,"Paris Centre","Seller_2","Smartphone",217.1,1,47,"M","Cash",217.1
2023-07-27,"Toulouse Capitole","Seller_18","Smartphone",1482.74,2,25,"M","Check",2965.48
2023-02-15,"Toulouse Capitole","Seller_7","Laptop",1213.68,1,33,"M","Card",1213.68
2023-02-22,"Toulouse Capitole","Seller_18","Tablet",1459.79,1,40,"F","Cash",1459.79
2023-10-29,"Nice Promenade","Seller_23","Accessories",1110.64,2,27,"F","Check",2221.28
2023-02-16,"Marseille Vieux-Port","Seller_3","Tablet",361.56,1,43,"M","Cash",361.56
2024-02-06,"Lyon Part-Dieu","Seller_12","Laptop",653.9,2,39,"M","",1307.8
2023-01-31,"Nice Promenade","Seller_6","Smartphone",432.67,1,49,"F","Card",432.67
2023-05-13,"Paris Centre","Seller_9","Earbuds",120.69,1,16,"F","Card",120.69
2023-07-11,"Toulouse Capitole","Seller_8","Earbuds",977.4,2,21,"M","Cash",1954.8
2024-07-22,"Marseille Vieux-Port","Seller_17","Earbuds",692.22,1,16,"F","Card",692.22
2023-03-03,"Paris Centre","Seller_6","Earbuds",731.69,2,29,NA,"Card",1463.38
2024-10-03,"Toulouse Capitole","Seller_21","Accessories",531.84,4,24,"M","Cash",2127.36
2023-01-24,"Marseille Vieux-Port","Seller_6","Laptop",1491.34,2,21,"M","Card",2982.68
2023-12-10,"Paris Centre","Seller_21","Accessories",304.36,3,36,NA,"Cash",913.08
2023-09-12,"Marseille Vieux-Port","Seller_14","Smartphone",1405.11,2,16,NA,"Card",2810.22
2023-08-23,"Paris Centre","Seller_19","Smartphone",559.24,1,55,"F","Check",559.24
2024-12-04,"Toulouse Capitole","Seller_21","Smartphone",1417.89,2,28,"M","Card",2835.78
2023-08-13,"Nice Promenade","Seller_2","Tablet",1316.44,2,43,"M","Card",2632.88
2024-12-04,"Nice Promenade","Seller_1","Tablet",299.38,2,28,"M","Card",598.76
2024-10-27,"Lyon Part-Dieu","Seller_3","Accessories",1498.93,1,44,"M","Card",1498.93
2024-12-05,"Toulouse Capitole","Seller_17","Laptop",701.05,1,41,"F","",701.05
2023-03-13,"Paris Centre","Seller_25","Smartphone",310.84,1,23,"F","Card",310.84
2024-01-22,"Nice Promenade","Seller_17","Laptop",1290.98,3,27,"M","Card",3872.94
2023-11-22,"Toulouse Capitole","Seller_3","Smartphone",194.55,3,33,"F","Card",583.65
2024-05-28,"Nice Promenade","Seller_14","Smartphone",1328.77,3,42,"F","Card",3986.31
2023-03-26,"Lyon Part-Dieu","Seller_5","Tablet",1023.12,1,28,"M","Card",1023.12
2023-09-21,"Nice Promenade","Seller_20","Smartwatch",711,1,41,"M","Card",711
2024-08-22,"Nice Promenade","Seller_12","Earbuds",465.55,3,48,"M","Cash",1396.65
2024-02-03,"Marseille Vieux-Port","Seller_19","Tablet",1421.1,2,18,NA,"Cash",2842.2
2023-06-25,"Paris Centre","Seller_3","Earbuds",449.7,2,28,"M","Check",899.4
2023-04-26,"Paris Centre","Seller_21","Laptop",1106.98,1,28,"F","Card",1106.98
2024-09-20,"Paris Centre","Seller_17","Tablet",784.85,1,38,"M","Card",784.85
2023-12-21,"Marseille Vieux-Port","Seller_24","Laptop",815.05,1,17,"M","Cash",815.05
2024-03-07,"Nice Promenade","Seller_23","Tablet",613.2,2,30,"F","Card",1226.4
2024-02-27,"Toulouse Capitole","Seller_16","Earbuds",698.68,1,29,"F","Card",698.68
2023-09-02,"Lyon Part-Dieu","Seller_24","Laptop",682.87,2,46,"F","Card",1365.74
2024-11-01,"Nice Promenade","Seller_24","Laptop",1037.17,1,23,"M","Card",1037.17
2023-02-21,"Nice Promenade","Seller_3","Smartphone",1247.92,2,37,"M","Card",2495.84
2023-03-10,"Marseille Vieux-Port","Seller_5","Laptop",614.64,1,55,"F","Card",614.64
2024-12-25,"Paris Centre","Seller_17","Laptop",1471.13,1,41,"M","Card",1471.13
2023-12-27,"Paris Centre","Seller_17","Tablet",710.45,1,39,"F","Card",710.45
2024-12-07,"Nice Promenade","Seller_16","Tablet",247.41,2,34,NA,"Card",494.82
2023-01-04,"Toulouse Capitole","Seller_9","Smartwatch",164.17,2,41,"F","Card",328.34
2024-01-31,"Nice Promenade","Seller_15","Tablet",1289.18,2,40,"F","Card",2578.36
2023-09-30,"Marseille Vieux-Port","Seller_7","Earbuds",1012.83,2,22,"F","Card",2025.66
2024-01-03,"Marseille Vieux-Port","Seller_2","Earbuds",511,3,36,"M","Card",1533
2024-03-21,"Paris Centre","Seller_2","Earbuds",1432.77,1,30,"M","Card",1432.77
2023-01-10,"Paris Centre","Seller_1","Laptop",1061.54,2,26,"F","Cash",2123.08
2023-10-12,"Paris Centre","Seller_17","Tablet",657.16,3,30,"F","",1971.48
2023-09-16,"Paris Centre","Seller_20","Earbuds",290.33,2,21,"F","Card",580.66
2024-04-10,"Marseille Vieux-Port","Seller_18","Earbuds",1055.48,2,31,NA,"Check",2110.96
2023-12-13,"Nice Promenade","Seller_18","Laptop",1351.27,2,30,"F","Card",2702.54
2023-05-27,"Toulouse Capitole","Seller_18","Laptop",853.15,1,37,"M","Card",853.15
2023-08-02,"Marseille Vieux-Port","Seller_6","Smartphone",1150.6,1,44,"M","Check",1150.6
2023-04-05,"Paris Centre","Seller_14","Laptop",1167.96,1,22,"M","Check",1167.96
2024-12-28,"Paris Centre","Seller_9","Tablet",296.79,1,48,"F","Card",296.79
2023-11-14,"Nice Promenade","Seller_13","Smartphone",1370.28,1,31,"M","Card",1370.28
2024-04-26,"Paris Centre","Seller_21","Tablet",814.05,1,37,"M","Card",814.05
2024-11-17,"Marseille Vieux-Port","Seller_20","Earbuds",1269.39,1,44,NA,"Check",1269.39
2024-01-27,"Nice Promenade","Seller_8","Earbuds",971.11,2,30,"M","Card",1942.22
2023-09-28,"Paris Centre","Seller_24","Accessories",977.3,3,22,NA,"Cash",2931.9
2024-05-08,"Paris Centre","Seller_9","Tablet",950.5,1,16,"M","Cash",950.5
2023-03-31,"Lyon Part-Dieu","Seller_8","Smartphone",651.9,2,21,"F","Card",1303.8
2023-03-11,"Lyon Part-Dieu","Seller_12","Laptop",224.67,1,22,"M","Card",224.67
2024-03-15,"Lyon Part-Dieu","Seller_16","Smartphone",1313.38,2,36,"M","Card",2626.76
2023-05-24,"Paris Centre","Seller_16","Laptop",378.27,1,40,"M","Card",378.27
2024-12-29,"Nice Promenade","Seller_2","Laptop",969.12,1,36,"F","Card",969.12
2023-07-05,"Paris Centre","Seller_2","Laptop",1447.98,3,67,"F","Card",4343.94
2024-01-04,"Marseille Vieux-Port","Seller_1","Earbuds",562.9,1,37,"M","Card",562.9
2023-09-22,"Paris Centre","Seller_10","Laptop",189.6,5,37,"F","Card",948
2023-02-19,"Nice Promenade","Seller_8","Tablet",1354.15,1,41,NA,"Check",1354.15
2024-07-13,"Toulouse Capitole","Seller_14","Smartphone",322.06,1,43,"F","Card",322.06
2023-07-06,"Lyon Part-Dieu","Seller_9","Earbuds",NA,2,50,"M","Card",NA
2023-09-18,"Nice Promenade","Seller_18","Tablet",711.44,1,20,"M","Card",711.44
2023-01-16,"Paris Centre","Seller_3","Smartphone",1122.75,2,33,"M","Card",2245.5
2023-11-27,"Lyon Part-Dieu","Seller_11","Earbuds",463.58,1,16,"F","Card",463.58
2023-01-24,"Lyon Part-Dieu","Seller_17","Smartphone",1108.76,1,53,"F","Cash",1108.76
2024-08-08,"Nice Promenade","Seller_22","Smartphone",1175.24,1,37,"F","Card",1175.24
2024-06-03,"Toulouse Capitole","Seller_15","Tablet",898.86,2,55,"F","Card",1797.72
2024-11-08,"Lyon Part-Dieu","Seller_4","Accessories",340.31,1,27,"M","Cash",340.31
2023-12-28,"Marseille Vieux-Port","Seller_6","Laptop",1314.07,1,28,NA,"Check",1314.07
2024-10-27,"Lyon Part-Dieu","Seller_24","Earbuds",1343.04,1,32,"M","Card",1343.04
2024-02-05,"Paris Centre","Seller_23","Tablet",582.29,4,51,"M","Card",2329.16
2024-03-31,"Toulouse Capitole","Seller_5","Smartwatch",495.78,1,30,"M","Card",495.78
2024-09-15,"Paris Centre","Seller_16","Tablet",1402.39,2,53,"M","",2804.78
2023-12-25,"Paris Centre","Seller_10","Laptop",1080.5,2,43,"F","Card",2161
2023-02-26,"Toulouse Capitole","Seller_18","Smartphone",NA,3,37,"F","Card",NA
2024-10-24,"Paris Centre","Seller_19","Laptop",1222.36,2,45,"F","Card",2444.72
2024-10-04,"Nice Promenade","Seller_19","Tablet",242.54,1,17,"M","Cash",242.54
2023-02-01,"Nice Promenade","Seller_14","Earbuds",878.82,4,29,"F","Card",3515.28
2023-11-08,"Toulouse Capitole","Seller_19","Laptop",484.19,1,37,"M","Check",484.19
2024-07-10,"Lyon Part-Dieu","Seller_12","Smartphone",1413.06,1,61,"F","Card",1413.06
2023-02-21,"Nice Promenade","Seller_25","Laptop",731.46,2,33,"M","Card",1462.92
2024-09-10,"Lyon Part-Dieu","Seller_3","Laptop",667.57,1,36,NA,"Check",667.57
2024-07-02,"Nice Promenade","Seller_23","Smartphone",1249.66,2,66,"F","Card",2499.32
2023-10-22,"Lyon Part-Dieu","Seller_16","Laptop",785.02,2,44,"F","Card",1570.04
2024-06-24,"Lyon Part-Dieu","Seller_12","Smartwatch",611.18,1,41,"F","Card",611.18
2024-05-06,"Marseille Vieux-Port","Seller_5","Smartphone",778.82,2,45,"M","Card",1557.64
2023-09-05,"Toulouse Capitole","Seller_9","Earbuds",166.32,2,64,"M","Card",332.64
2023-05-22,"Toulouse Capitole","Seller_17","Smartphone",1190.94,3,37,"M","Card",3572.82
2023-10-18,"Paris Centre","Seller_19","Smartphone",1324.36,1,50,"M","Cash",1324.36
2023-10-14,"Nice Promenade","Seller_8","Tablet",938.36,1,22,"F","Check",938.36
2023-12-22,"Nice Promenade","Seller_3","Smartwatch",1378.85,1,22,NA,"Card",1378.85
2023-07-03,"Nice Promenade","Seller_4","Laptop",73.57,1,46,"M","Card",73.57
2024-10-17,"Nice Promenade","Seller_2","Smartphone",747.23,1,44,"F","Card",747.23
2023-09-13,"Lyon Part-Dieu","Seller_19","Smartphone",297.99,3,38,"F","Card",893.97
2023-10-11,"Nice Promenade","Seller_12","Smartphone",68.48,1,39,"F","Card",68.48
2023-11-20,"Marseille Vieux-Port","Seller_19","Smartphone",1102.59,2,42,"F","Card",2205.18
2024-01-20,"Lyon Part-Dieu","Seller_10","Tablet",1274.12,2,39,NA,"",2548.24
2023-07-21,"Lyon Part-Dieu","Seller_12","Earbuds",1435.77,2,27,"M","Card",2871.54
2023-07-26,"Lyon Part-Dieu","Seller_1","Laptop",641.54,1,41,"M","Card",641.54
2024-10-22,"Marseille Vieux-Port","Seller_7","Laptop",815.17,1,33,"M","Card",815.17
2023-04-06,"Nice Promenade","Seller_17","Earbuds",80.37,3,45,"M","",241.11
2023-04-02,"Paris Centre","Seller_11","Tablet",1406.65,1,32,"M","Card",1406.65
2023-02-17,"Paris Centre","Seller_14","Smartphone",586.05,2,44,"M","Cash",1172.1
2023-10-21,"Lyon Part-Dieu","Seller_23","Smartphone",1328.72,1,31,"M","Cash",1328.72
2023-08-17,"Paris Centre","Seller_13","Earbuds",688.29,1,54,"F","Check",688.29
2023-04-15,"Lyon Part-Dieu","Seller_14","Laptop",969.52,1,28,"F","Cash",969.52
2024-01-30,"Nice Promenade","Seller_3","Tablet",1067.68,1,35,"M","Card",1067.68
2024-01-08,"Marseille Vieux-Port","Seller_12","Smartphone",742.18,1,30,"M","Card",742.18
2023-11-25,"Marseille Vieux-Port","Seller_14","Smartphone",971.26,1,25,"F","Card",971.26
2023-10-01,"Lyon Part-Dieu","Seller_4","Laptop",295.06,1,27,"F","Card",295.06
2024-01-30,"Paris Centre","Seller_16","Laptop",791.38,3,35,NA,"Card",2374.14
2024-09-12,"Lyon Part-Dieu","Seller_2","Tablet",250.02,4,54,"F","Card",1000.08
2023-12-18,"Toulouse Capitole","Seller_6","Smartwatch",256.14,1,31,"M","Card",256.14
2023-11-24,"Marseille Vieux-Port","Seller_20","Laptop",614.35,2,50,"M","Card",1228.7
2023-10-15,"Lyon Part-Dieu","Seller_24","Smartphone",1206.48,1,27,"F","Card",1206.48
2024-07-18,"Marseille Vieux-Port","Seller_8","Smartphone",1333.56,1,29,"M","Card",1333.56
2023-07-07,"Lyon Part-Dieu","Seller_2","Tablet",250.51,2,24,"M","Card",501.02
2023-01-13,"Paris Centre","Seller_6","Laptop",955.65,1,53,"M","Cash",955.65
2024-04-09,"Marseille Vieux-Port","Seller_1","Laptop",203.72,2,54,"F","",407.44
2023-10-18,"Marseille Vieux-Port","Seller_14","Accessories",559.24,3,16,NA,"Cash",1677.72
2024-04-30,"Marseille Vieux-Port","Seller_17","Smartphone",98.37,1,17,NA,"Card",98.37
2023-01-30,"Marseille Vieux-Port","Seller_3","Smartphone",469.76,2,43,"F","Card",939.52
2023-10-18,"Lyon Part-Dieu","Seller_7","Laptop",570.04,1,49,"F","Card",570.04
2023-12-14,"Toulouse Capitole","Seller_17","Smartphone",1428.99,2,33,"M","Cash",2857.98
2023-04-22,"Marseille Vieux-Port","Seller_17","Smartphone",533.69,1,39,"F","Cash",533.69
2024-05-06,"Toulouse Capitole","Seller_16","Smartphone",1460.09,1,31,"F","Cash",1460.09
2023-06-09,"Nice Promenade","Seller_15","Laptop",393.9,1,59,NA,"Card",393.9
2024-08-23,"Toulouse Capitole","Seller_18","Tablet",68.68,1,43,"F","Check",68.68
2024-10-26,"Lyon Part-Dieu","Seller_11","Tablet",1196.04,2,34,"M","Card",2392.08
2023-10-22,"Lyon Part-Dieu","Seller_22","Earbuds",789.32,2,28,"M","Card",1578.64
2023-04-01,"Toulouse Capitole","Seller_19","Earbuds",233.01,1,20,"M","Card",233.01
2024-04-25,"Nice Promenade","Seller_22","Smartphone",1173.47,2,21,"F","",2346.94
2024-11-23,"Lyon Part-Dieu","Seller_25","Tablet",1351.15,2,58,"F","Card",2702.3
2023-03-09,"Lyon Part-Dieu","Seller_25","Tablet",522.75,3,23,"F","Card",1568.25
2023-03-11,"Toulouse Capitole","Seller_14","Tablet",1270.98,1,40,"M","Card",1270.98
2023-11-20,"Nice Promenade","Seller_17","Smartphone",630.76,1,16,"M","Card",630.76
2024-06-12,"Paris Centre","Seller_7","Smartwatch",501.09,1,35,"M","Card",501.09
2024-04-06,"Paris Centre","Seller_9","Tablet",1386.04,2,44,"F","Card",2772.08
2023-09-11,"Marseille Vieux-Port","Seller_14","Laptop",1415.87,1,28,NA,"Cash",1415.87
2024-10-27,"Toulouse Capitole","Seller_10","Smartphone",930.17,1,43,"M","Card",930.17
2024-05-13,"Marseille Vieux-Port","Seller_7","Laptop",1338.88,1,39,"M","Card",1338.88
2024-04-14,"Toulouse Capitole","Seller_22","Earbuds",978.99,1,25,NA,"Cash",978.99
2023-03-07,"Toulouse Capitole","Seller_9","Laptop",471.23,3,21,"M","Card",1413.69
2024-12-09,"Nice Promenade","Seller_15","Laptop",1289.01,1,25,"M","Card",1289.01
2023-06-25,"Paris Centre","Seller_1","Laptop",481.6,1,48,"M","Card",481.6
2023-09-28,"Lyon Part-Dieu","Seller_3","Laptop",1214.85,1,34,"M","Cash",1214.85
2023-12-23,"Marseille Vieux-Port","Seller_22","Accessories",1378.97,2,16,"F","Cash",2757.94
2023-08-15,"Paris Centre","Seller_19","Earbuds",831.69,2,32,"F","Card",1663.38
2023-05-09,"Paris Centre","Seller_24","Earbuds",360.22,1,57,NA,"Card",360.22
2023-09-13,"Toulouse Capitole","Seller_9","Earbuds",856.1,1,46,"F","",856.1
2024-06-24,"Nice Promenade","Seller_10","Smartphone",473.73,3,37,"M","Cash",1421.19
2023-09-16,"Toulouse Capitole","Seller_7","Smartphone",539.52,1,39,"M","Card",539.52
2023-01-10,"Paris Centre","Seller_2","Laptop",603.72,1,20,"F","Cash",603.72
2024-05-08,"Paris Centre","Seller_5","Smartphone",1200.26,1,37,"M","Card",1200.26
2024-12-06,"Paris Centre","Seller_13","Earbuds",169.27,2,47,"F","Cash",338.54
2023-10-22,"Lyon Part-Dieu","Seller_12","Accessories",205.89,1,37,"M","",205.89
2023-10-30,"Toulouse Capitole","Seller_9","Tablet",872.18,1,40,"M","Card",872.18
2024-08-07,"Marseille Vieux-Port","Seller_8","Tablet",498.4,1,28,"F","Cash",498.4
2024-12-12,"Paris Centre","Seller_6","Laptop",588.76,1,23,"M","Card",588.76
2024-10-28,"Toulouse Capitole","Seller_17","Earbuds",186.34,1,36,"F","Card",186.34
2023-08-19,"Lyon Part-Dieu","Seller_11","Tablet",274.49,1,36,NA,"Card",274.49
2024-03-21,"Lyon Part-Dieu","Seller_22","Smartphone",164.54,1,51,"F","Card",164.54
2023-05-06,"Lyon Part-Dieu","Seller_8","Accessories",1450.72,3,55,"M","Cash",4352.16
2024-08-16,"Paris Centre","Seller_4","Tablet",1172.9,3,52,"F","Card",3518.7
2024-04-02,"Nice Promenade","Seller_1","Smartphone",461.95,2,44,"F","Cash",923.9
2023-07-18,"Toulouse Capitole","Seller_6","Smartphone",1035.73,1,43,NA,"Check",1035.73
2024-11-16,"Lyon Part-Dieu","Seller_16","Earbuds",191.66,4,52,"M","Card",766.64
2024-06-26,"Toulouse Capitole","Seller_14","Tablet",1291.66,1,63,"M","Card",1291.66
2024-05-13,"Nice Promenade","Seller_5","Smartphone",650.85,1,27,"M","Check",650.85
2023-10-11,"Lyon Part-Dieu","Seller_5","Smartphone",553.51,1,35,"M","Card",553.51
2024-02-18,"Toulouse Capitole","Seller_10","Laptop",743.96,3,49,"F","Check",2231.88
2024-05-03,"Toulouse Capitole","Seller_25","Smartphone",687.34,1,16,"M","Card",687.34
2023-04-29,"Paris Centre","Seller_12","Laptop",422.46,1,50,"M","",422.46
2024-02-06,"Marseille Vieux-Port","Seller_7","Earbuds",792.08,2,16,NA,"Card",1584.16
2024-11-20,"Marseille Vieux-Port","Seller_25","Smartphone",498.31,3,54,NA,"Card",1494.93
2023-10-24,"Marseille Vieux-Port","Seller_23","Earbuds",923.81,4,34,"F","Card",3695.24
2023-02-14,"Marseille Vieux-Port","Seller_6","Smartwatch",865.6,1,45,"F","Card",865.6
2024-02-10,"Paris Centre","Seller_18","Tablet",595.7,2,17,"M","Card",1191.4
